2026-09-27 02:16:50 | INFO     | exam.auth                    | Login: examiner@exam.edu (examiner/approved)
2026-09-27 02:27:54 | INFO     | exam                         | Logging initialised -> D:\AI_Based_Examination_platform\logs
2026-09-27 02:27:54 | INFO     | exam.seed_kannada            | KA-Artificial Intelligence.sql: parsed=200 inserted=0 duplicates=200 unmapped_type=0 unmapped_difficulty=0
2026-09-27 02:27:54 | INFO     | exam.seed_kannada            | KA-Business Analytics.sql: parsed=200 inserted=0 duplicates=200 unmapped_type=0 unmapped_difficulty=0
2026-09-27 02:27:54 | INFO     | exam.seed_kannada            | KA-Environmental Science.sql: parsed=200 inserted=0 duplicates=200 unmapped_type=0 unmapped_difficulty=0
2026-09-27 02:27:54 | INFO     | exam.seed_kannada            | KA-Python.sql: parsed=200 inserted=0 duplicates=200 unmapped_type=0 unmapped_difficulty=0
2026-09-27 02:31:00 | INFO     | exam                         | Logging initialised -> D:\AI_Based_Examination_platform\logs
2026-09-27 02:31:02 | INFO     | exam.app                     | Starting AI-Based Intelligent Examination Platform (development)
2026-09-27 02:31:03 | INFO     | exam.app                     | Object storage ready: bucket exam-media
2026-09-27 02:31:03 | INFO     | exam.app                     | Session sweeper started (every 60s)
2026-09-27 02:31:04 | INFO     | exam.auth                    | Login: examiner-271a13fb@test.edu (examiner/approved)
2026-09-27 02:31:04 | INFO     | exam.app                     | Shutdown complete
2026-09-27 02:31:04 | INFO     | exam.app                     | Starting AI-Based Intelligent Examination Platform (development)
2026-09-27 02:31:04 | INFO     | exam.app                     | Object storage ready: bucket exam-media
2026-09-27 02:31:04 | INFO     | exam.app                     | Session sweeper started (every 60s)
2026-09-27 02:31:06 | INFO     | exam.auth                    | Login: examiner-ef8e8a5f@test.edu (examiner/approved)
2026-09-27 02:31:06 | INFO     | exam.app                     | Shutdown complete
2026-09-27 02:31:06 | INFO     | exam.app                     | Starting AI-Based Intelligent Examination Platform (development)
2026-09-27 02:31:06 | INFO     | exam.app                     | Object storage ready: bucket exam-media
2026-09-27 02:31:06 | INFO     | exam.app                     | Session sweeper started (every 60s)
2026-09-27 02:31:08 | INFO     | exam.auth                    | Login: examiner-9a4e0c6c@test.edu (examiner/approved)
2026-09-27 02:31:08 | INFO     | exam.app                     | Shutdown complete
2026-09-27 02:31:08 | INFO     | exam.app                     | Starting AI-Based Intelligent Examination Platform (development)
2026-09-27 02:31:08 | INFO     | exam.app                     | Object storage ready: bucket exam-media
2026-09-27 02:31:08 | INFO     | exam.app                     | Session sweeper started (every 60s)
2026-09-27 02:31:09 | INFO     | exam.auth                    | Login: examiner-47c1c2a5@test.edu (examiner/approved)
2026-09-27 02:31:09 | INFO     | exam.app                     | Shutdown complete
2026-09-27 02:31:09 | INFO     | exam.app                     | Starting AI-Based Intelligent Examination Platform (development)
2026-09-27 02:31:09 | INFO     | exam.app                     | Object storage ready: bucket exam-media
2026-09-27 02:31:09 | INFO     | exam.app                     | Session sweeper started (every 60s)
2026-09-27 02:31:10 | INFO     | exam.auth                    | Login: candidate-1c3507e5@test.edu (candidate/approved, login=approved)
2026-09-27 02:31:10 | INFO     | exam.exam                    | Session 17c17fe9-505a-4aa6-a57d-412a2de657f3 started: exam='Exam 4807ca' candidate=9056f4cb-96f7-4765-ace7-2d1d70cfd4ea questions=1 expires=2026-09-26T21:31:10.433659+00:00
2026-09-27 02:31:10 | INFO     | exam.app                     | Shutdown complete
2026-09-27 02:31:10 | INFO     | exam.app                     | Starting AI-Based Intelligent Examination Platform (development)
2026-09-27 02:31:10 | INFO     | exam.app                     | Object storage ready: bucket exam-media
2026-09-27 02:31:10 | INFO     | exam.app                     | Session sweeper started (every 60s)
2026-09-27 02:31:12 | INFO     | exam.auth                    | Login: candidate-16fc9500@test.edu (candidate/approved, login=approved)
2026-09-27 02:31:12 | INFO     | exam.exam                    | Session a4e18564-6161-4d9a-8faf-8444bc3d9042 started: exam='Exam 42ce53' candidate=4f5cf57d-03ec-4965-9104-ee5fe1aca07f questions=1 expires=2026-09-26T21:31:12.070633+00:00
2026-09-27 02:31:12 | INFO     | exam.app                     | Shutdown complete
2026-09-27 02:31:12 | INFO     | exam.app                     | Starting AI-Based Intelligent Examination Platform (development)
2026-09-27 02:31:12 | INFO     | exam.app                     | Object storage ready: bucket exam-media
2026-09-27 02:31:12 | INFO     | exam.app                     | Session sweeper started (every 60s)
2026-09-27 02:31:12 | INFO     | exam.auth                    | Login: candidate-a5979c72@test.edu (candidate/approved, login=approved)
2026-09-27 02:31:13 | INFO     | exam.exam                    | Session 565b963c-785c-4caa-8c65-6871cb57fa1d started: exam='Exam d08f58' candidate=81e35bd0-d94d-41de-831b-7df2efda49c8 questions=1 expires=2026-09-26T21:31:13.037256+00:00
2026-09-27 02:31:13 | INFO     | exam.app                     | Shutdown complete
2026-09-27 02:31:13 | INFO     | exam.app                     | Starting AI-Based Intelligent Examination Platform (development)
2026-09-27 02:31:13 | INFO     | exam.app                     | Object storage ready: bucket exam-media
2026-09-27 02:31:13 | INFO     | exam.app                     | Session sweeper started (every 60s)
2026-09-27 02:31:14 | INFO     | exam.auth                    | Login: candidate-9deb87a0@test.edu (candidate/approved, login=approved)
2026-09-27 02:31:14 | INFO     | exam.app                     | Shutdown complete
2026-09-27 02:31:14 | INFO     | exam.app                     | Starting AI-Based Intelligent Examination Platform (development)
2026-09-27 02:31:14 | INFO     | exam.app                     | Object storage ready: bucket exam-media
2026-09-27 02:31:14 | INFO     | exam.app                     | Session sweeper started (every 60s)
2026-09-27 02:31:15 | INFO     | exam.auth                    | Login: examiner-b7042090@test.edu (examiner/approved)
2026-09-27 02:31:15 | INFO     | exam.app                     | Shutdown complete
2026-09-27 02:31:15 | INFO     | exam.app                     | Starting AI-Based Intelligent Examination Platform (development)
2026-09-27 02:31:15 | INFO     | exam.app                     | Object storage ready: bucket exam-media
2026-09-27 02:31:15 | INFO     | exam.app                     | Session sweeper started (every 60s)
2026-09-27 02:31:16 | INFO     | exam.auth                    | Login: examiner-432368aa@test.edu (examiner/approved)
2026-09-27 02:31:16 | INFO     | exam.app                     | Shutdown complete
2026-09-27 02:31:16 | INFO     | exam.app                     | Starting AI-Based Intelligent Examination Platform (development)
2026-09-27 02:31:16 | INFO     | exam.app                     | Object storage ready: bucket exam-media
2026-09-27 02:31:16 | INFO     | exam.app                     | Session sweeper started (every 60s)
2026-09-27 02:31:17 | INFO     | exam.auth                    | Login: examiner-1c3b0d64@test.edu (examiner/approved)
2026-09-27 02:31:17 | INFO     | exam.app                     | Shutdown complete
2026-09-27 02:31:17 | INFO     | exam.app                     | Starting AI-Based Intelligent Examination Platform (development)
2026-09-27 02:31:17 | INFO     | exam.app                     | Object storage ready: bucket exam-media
2026-09-27 02:31:17 | INFO     | exam.app                     | Session sweeper started (every 60s)
2026-09-27 02:31:18 | INFO     | exam.auth                    | Login: examiner-b8374730@test.edu (examiner/approved)
2026-09-27 02:31:18 | INFO     | exam.app                     | Shutdown complete
2026-09-27 02:31:18 | INFO     | exam.app                     | Starting AI-Based Intelligent Examination Platform (development)
2026-09-27 02:31:18 | INFO     | exam.app                     | Object storage ready: bucket exam-media
2026-09-27 02:31:18 | INFO     | exam.app                     | Session sweeper started (every 60s)
2026-09-27 02:31:18 | INFO     | exam.auth                    | Login: examiner-877022a6@test.edu (examiner/approved)
2026-09-27 02:31:19 | INFO     | exam.exams                   | examiner-877022a6@test.edu created academic exam 'Language/subject validation exam'
2026-09-27 02:31:19 | INFO     | exam.app                     | Shutdown complete
2026-09-27 02:31:19 | INFO     | exam.app                     | Starting AI-Based Intelligent Examination Platform (development)
2026-09-27 02:31:19 | INFO     | exam.app                     | Object storage ready: bucket exam-media
2026-09-27 02:31:19 | INFO     | exam.app                     | Session sweeper started (every 60s)
2026-09-27 02:31:20 | INFO     | exam.auth                    | Login: examiner-85d1a6fa@test.edu (examiner/approved)
2026-09-27 02:31:20 | INFO     | exam.exams                   | examiner-85d1a6fa@test.edu created academic exam 'Language/subject validation exam'
2026-09-27 02:31:20 | INFO     | exam.app                     | Shutdown complete
2026-09-27 02:31:20 | INFO     | exam.app                     | Starting AI-Based Intelligent Examination Platform (development)
2026-09-27 02:31:20 | INFO     | exam.app                     | Object storage ready: bucket exam-media
2026-09-27 02:31:20 | INFO     | exam.app                     | Session sweeper started (every 60s)
2026-09-27 02:31:20 | INFO     | exam.auth                    | Login: examiner-555fa0c8@test.edu (examiner/approved)
2026-09-27 02:31:20 | INFO     | exam.exams                   | examiner-555fa0c8@test.edu created academic exam 'Language/subject validation exam'
2026-09-27 02:31:20 | INFO     | exam.app                     | Shutdown complete
2026-09-27 02:33:03 | INFO     | exam                         | Logging initialised -> D:\AI_Based_Examination_platform\logs
2026-09-27 02:33:04 | INFO     | exam.app                     | Starting AI-Based Intelligent Examination Platform (development)
2026-09-27 02:33:05 | INFO     | exam.app                     | Object storage ready: bucket exam-media
2026-09-27 02:33:05 | INFO     | exam.app                     | Session sweeper started (every 60s)
2026-09-27 02:33:05 | INFO     | exam.auth                    | Login: examiner-49a3bdd1@test.edu (examiner/approved)
2026-09-27 02:33:06 | INFO     | exam.exams                   | examiner-49a3bdd1@test.edu created academic exam 'Tamil exam'
2026-09-27 02:33:06 | INFO     | exam.app                     | Shutdown complete
2026-09-27 02:33:06 | INFO     | exam.app                     | Starting AI-Based Intelligent Examination Platform (development)
2026-09-27 02:33:06 | INFO     | exam.app                     | Object storage ready: bucket exam-media
2026-09-27 02:33:06 | INFO     | exam.app                     | Session sweeper started (every 60s)
2026-09-27 02:33:06 | INFO     | exam.auth                    | Login: examiner-420ef83c@test.edu (examiner/approved)
2026-09-27 02:33:06 | INFO     | exam.app                     | Shutdown complete
2026-09-27 02:33:07 | INFO     | exam.app                     | Starting AI-Based Intelligent Examination Platform (development)
2026-09-27 02:33:07 | INFO     | exam.app                     | Object storage ready: bucket exam-media
2026-09-27 02:33:07 | INFO     | exam.app                     | Session sweeper started (every 60s)
2026-09-27 02:33:07 | INFO     | exam.auth                    | Login: examiner-059e34e1@test.edu (examiner/approved)
2026-09-27 02:33:07 | INFO     | exam.app                     | Shutdown complete
2026-09-27 02:33:07 | INFO     | exam.app                     | Starting AI-Based Intelligent Examination Platform (development)
2026-09-27 02:33:07 | INFO     | exam.app                     | Object storage ready: bucket exam-media
2026-09-27 02:33:07 | INFO     | exam.app                     | Session sweeper started (every 60s)
2026-09-27 02:33:08 | INFO     | exam.auth                    | Login: examiner-312c4976@test.edu (examiner/approved)
2026-09-27 02:33:08 | INFO     | exam.exams                   | examiner-312c4976@test.edu updated exam 133f2d06-20c0-4e11-b510-8cbd0a79cf83
2026-09-27 02:33:08 | INFO     | exam.app                     | Shutdown complete
2026-09-27 02:33:08 | INFO     | exam.app                     | Starting AI-Based Intelligent Examination Platform (development)
2026-09-27 02:33:08 | INFO     | exam.app                     | Object storage ready: bucket exam-media
2026-09-27 02:33:08 | INFO     | exam.app                     | Session sweeper started (every 60s)
2026-09-27 02:33:09 | INFO     | exam.auth                    | Login: candidate-0c8163cc@test.edu (candidate/approved, login=approved)
2026-09-27 02:33:09 | INFO     | exam.exam                    | Session c90ff9ba-75cb-4f0b-980a-f70e810a5795 started: exam='Exam aba826' candidate=6c339560-2214-43a3-9145-2c9f3bbd5d66 questions=1 expires=2026-09-26T21:33:09.677938+00:00
2026-09-27 02:33:09 | INFO     | exam.app                     | Shutdown complete
2026-09-27 02:33:09 | INFO     | exam.app                     | Starting AI-Based Intelligent Examination Platform (development)
2026-09-27 02:33:09 | INFO     | exam.app                     | Object storage ready: bucket exam-media
2026-09-27 02:33:09 | INFO     | exam.app                     | Session sweeper started (every 60s)
2026-09-27 02:33:10 | INFO     | exam.auth                    | Login: candidate-c16eadcc@test.edu (candidate/approved, login=approved)
2026-09-27 02:33:10 | INFO     | exam.exam                    | Session 2f60611f-abbc-4f42-8acf-26733d6f2aab started: exam='Exam d04dda' candidate=4fc1425e-27fc-485f-b817-e3ecf443053d questions=1 expires=2026-09-26T21:33:10.428531+00:00
2026-09-27 02:33:10 | INFO     | exam.app                     | Shutdown complete
2026-09-27 02:33:10 | INFO     | exam.app                     | Starting AI-Based Intelligent Examination Platform (development)
2026-09-27 02:33:10 | INFO     | exam.app                     | Object storage ready: bucket exam-media
2026-09-27 02:33:10 | INFO     | exam.app                     | Session sweeper started (every 60s)
2026-09-27 02:33:10 | INFO     | exam.auth                    | Login: candidate-09b4b7f3@test.edu (candidate/approved, login=approved)
2026-09-27 02:33:11 | INFO     | exam.exam                    | Session 0291326f-c3c0-4a40-830e-a86b1a3e970f started: exam='Exam 639656' candidate=397617c2-f238-40b6-bc03-03fee982add0 questions=1 expires=2026-09-26T21:33:11.039902+00:00
2026-09-27 02:33:11 | INFO     | exam.app                     | Shutdown complete
2026-09-27 02:33:11 | INFO     | exam.app                     | Starting AI-Based Intelligent Examination Platform (development)
2026-09-27 02:33:11 | INFO     | exam.app                     | Object storage ready: bucket exam-media
2026-09-27 02:33:11 | INFO     | exam.app                     | Session sweeper started (every 60s)
2026-09-27 02:33:11 | INFO     | exam.auth                    | Login: candidate-54bf576c@test.edu (candidate/approved, login=approved)
2026-09-27 02:33:11 | INFO     | exam.app                     | Shutdown complete
2026-09-27 02:33:11 | INFO     | exam.app                     | Starting AI-Based Intelligent Examination Platform (development)
2026-09-27 02:33:11 | INFO     | exam.app                     | Object storage ready: bucket exam-media
2026-09-27 02:33:11 | INFO     | exam.app                     | Session sweeper started (every 60s)
2026-09-27 02:33:12 | INFO     | exam.auth                    | Login: examiner-71221b09@test.edu (examiner/approved)
2026-09-27 02:33:12 | INFO     | exam.app                     | Shutdown complete
2026-09-27 02:33:12 | INFO     | exam.app                     | Starting AI-Based Intelligent Examination Platform (development)
2026-09-27 02:33:12 | INFO     | exam.app                     | Object storage ready: bucket exam-media
2026-09-27 02:33:12 | INFO     | exam.app                     | Session sweeper started (every 60s)
2026-09-27 02:33:13 | INFO     | exam.auth                    | Login: examiner-797f16f8@test.edu (examiner/approved)
2026-09-27 02:33:13 | INFO     | exam.app                     | Shutdown complete
2026-09-27 02:33:13 | INFO     | exam.app                     | Starting AI-Based Intelligent Examination Platform (development)
2026-09-27 02:33:13 | INFO     | exam.app                     | Object storage ready: bucket exam-media
2026-09-27 02:33:13 | INFO     | exam.app                     | Session sweeper started (every 60s)
2026-09-27 02:33:13 | INFO     | exam.auth                    | Login: examiner-544ebc17@test.edu (examiner/approved)
2026-09-27 02:33:13 | INFO     | exam.app                     | Shutdown complete
2026-09-27 02:33:13 | INFO     | exam.app                     | Starting AI-Based Intelligent Examination Platform (development)
2026-09-27 02:33:13 | INFO     | exam.app                     | Object storage ready: bucket exam-media
2026-09-27 02:33:14 | INFO     | exam.app                     | Session sweeper started (every 60s)
2026-09-27 02:33:14 | INFO     | exam.auth                    | Login: examiner-f603a32d@test.edu (examiner/approved)
2026-09-27 02:33:14 | INFO     | exam.app                     | Shutdown complete
2026-09-27 02:33:14 | INFO     | exam.app                     | Starting AI-Based Intelligent Examination Platform (development)
2026-09-27 02:33:14 | INFO     | exam.app                     | Object storage ready: bucket exam-media
2026-09-27 02:33:14 | INFO     | exam.app                     | Session sweeper started (every 60s)
2026-09-27 02:33:15 | INFO     | exam.auth                    | Login: examiner-b75f76ce@test.edu (examiner/approved)
2026-09-27 02:33:15 | INFO     | exam.exams                   | examiner-b75f76ce@test.edu created academic exam 'Language/subject validation exam'
2026-09-27 02:33:15 | INFO     | exam.app                     | Shutdown complete
2026-09-27 02:33:15 | INFO     | exam.app                     | Starting AI-Based Intelligent Examination Platform (development)
2026-09-27 02:33:15 | INFO     | exam.app                     | Object storage ready: bucket exam-media
2026-09-27 02:33:15 | INFO     | exam.app                     | Session sweeper started (every 60s)
2026-09-27 02:33:15 | INFO     | exam.auth                    | Login: examiner-e606cb8a@test.edu (examiner/approved)
2026-09-27 02:33:15 | INFO     | exam.exams                   | examiner-e606cb8a@test.edu created academic exam 'Language/subject validation exam'
2026-09-27 02:33:15 | INFO     | exam.app                     | Shutdown complete
2026-09-27 02:33:15 | INFO     | exam.app                     | Starting AI-Based Intelligent Examination Platform (development)
2026-09-27 02:33:15 | INFO     | exam.app                     | Object storage ready: bucket exam-media
2026-09-27 02:33:15 | INFO     | exam.app                     | Session sweeper started (every 60s)
2026-09-27 02:33:16 | INFO     | exam.auth                    | Login: examiner-a6ed8dd8@test.edu (examiner/approved)
2026-09-27 02:33:16 | INFO     | exam.exams                   | examiner-a6ed8dd8@test.edu created academic exam 'Language/subject validation exam'
2026-09-27 02:33:16 | INFO     | exam.app                     | Shutdown complete
2026-09-27 02:33:16 | INFO     | exam.app                     | Starting AI-Based Intelligent Examination Platform (development)
2026-09-27 02:33:16 | INFO     | exam.app                     | Object storage ready: bucket exam-media
2026-09-27 02:33:16 | INFO     | exam.app                     | Session sweeper started (every 60s)
2026-09-27 02:33:17 | INFO     | exam.auth                    | Login: candidate-b9c33afa@test.edu (candidate/approved, login=approved)
2026-09-27 02:33:17 | INFO     | exam.app                     | Shutdown complete
2026-09-27 02:33:17 | INFO     | exam.app                     | Starting AI-Based Intelligent Examination Platform (development)
2026-09-27 02:33:17 | INFO     | exam.app                     | Object storage ready: bucket exam-media
2026-09-27 02:33:17 | INFO     | exam.app                     | Session sweeper started (every 60s)
2026-09-27 02:33:18 | INFO     | exam.auth                    | Login: examiner-3169a0e5@test.edu (examiner/approved)
2026-09-27 02:33:18 | INFO     | exam.exams                   | examiner-3169a0e5@test.edu created academic exam 'Multilingual exam'
2026-09-27 02:33:18 | INFO     | exam.app                     | Shutdown complete
2026-09-27 02:33:18 | INFO     | exam.app                     | Starting AI-Based Intelligent Examination Platform (development)
2026-09-27 02:33:18 | INFO     | exam.app                     | Object storage ready: bucket exam-media
2026-09-27 02:33:18 | INFO     | exam.app                     | Session sweeper started (every 60s)
2026-09-27 02:33:19 | INFO     | exam.auth                    | Login: examiner-07ce9f0b@test.edu (examiner/approved)
2026-09-27 02:33:19 | INFO     | exam.app                     | Shutdown complete
2026-09-27 02:33:20 | INFO     | exam.app                     | Starting AI-Based Intelligent Examination Platform (development)
2026-09-27 02:33:20 | INFO     | exam.app                     | Object storage ready: bucket exam-media
2026-09-27 02:33:20 | INFO     | exam.app                     | Session sweeper started (every 60s)
2026-09-27 02:33:20 | INFO     | exam.auth                    | Login: candidate-1fa25b72@test.edu (candidate/approved, login=approved)
2026-09-27 02:33:20 | INFO     | exam.exam                    | Session 71b81089-772c-4548-9f44-1b668b17067b started: exam='Exam b8dc65' candidate=98ad0533-33f4-42d0-9657-4450af845fb9 questions=1 expires=2026-09-26T21:33:20.805417+00:00
2026-09-27 02:33:20 | INFO     | exam.app                     | Shutdown complete
2026-09-27 02:33:28 | INFO     | exam                         | Logging initialised -> D:\AI_Based_Examination_platform\logs
2026-09-27 02:33:29 | INFO     | exam.ai_generator            | Using stub AI generator (1 questions)
2026-09-27 02:33:30 | INFO     | exam.app                     | Starting AI-Based Intelligent Examination Platform (development)
2026-09-27 02:33:30 | INFO     | exam.app                     | Object storage ready: bucket exam-media
2026-09-27 02:33:30 | INFO     | exam.app                     | Session sweeper started (every 60s)
2026-09-27 02:33:31 | INFO     | exam.auth                    | Login: examiner-506c1784@test.edu (examiner/approved)
2026-09-27 02:33:31 | INFO     | exam.ai_questions            | examiner-506c1784@test.edu generated 1 AI question draft(s) (category=technical topic=Normalisation)
2026-09-27 02:33:31 | INFO     | exam.app                     | Shutdown complete
2026-09-27 02:33:31 | INFO     | exam.app                     | Starting AI-Based Intelligent Examination Platform (development)
2026-09-27 02:33:31 | INFO     | exam.app                     | Object storage ready: bucket exam-media
2026-09-27 02:33:31 | INFO     | exam.app                     | Session sweeper started (every 60s)
2026-09-27 02:33:32 | INFO     | exam.auth                    | Login: examiner-714df73f@test.edu (examiner/approved)
2026-09-27 02:33:32 | INFO     | exam.ai_questions            | examiner-714df73f@test.edu generated 1 AI question draft(s) (category=technical topic=-)
2026-09-27 02:33:32 | INFO     | exam.app                     | Shutdown complete
2026-09-27 02:33:32 | INFO     | exam.app                     | Starting AI-Based Intelligent Examination Platform (development)
2026-09-27 02:33:32 | INFO     | exam.app                     | Object storage ready: bucket exam-media
2026-09-27 02:33:32 | INFO     | exam.app                     | Session sweeper started (every 60s)
2026-09-27 02:33:32 | INFO     | exam.auth                    | Login: examiner-7020ac2d@test.edu (examiner/approved)
2026-09-27 02:33:32 | INFO     | exam.app                     | Shutdown complete
2026-09-27 02:33:32 | INFO     | exam.app                     | Starting AI-Based Intelligent Examination Platform (development)
2026-09-27 02:33:32 | INFO     | exam.app                     | Object storage ready: bucket exam-media
2026-09-27 02:33:32 | INFO     | exam.app                     | Session sweeper started (every 60s)
2026-09-27 02:33:33 | INFO     | exam.auth                    | Login: examiner-859b5098@test.edu (examiner/approved)
2026-09-27 02:33:33 | INFO     | exam.ai_questions            | examiner-859b5098@test.edu generated 1 AI question draft(s) (category=technical topic=-)
2026-09-27 02:33:33 | INFO     | exam.app                     | Shutdown complete
2026-09-27 02:33:33 | INFO     | exam.app                     | Starting AI-Based Intelligent Examination Platform (development)
2026-09-27 02:33:33 | INFO     | exam.app                     | Object storage ready: bucket exam-media
2026-09-27 02:33:33 | INFO     | exam.app                     | Session sweeper started (every 60s)
2026-09-27 02:33:33 | INFO     | exam.auth                    | Login: examiner-36e08a17@test.edu (examiner/approved)
2026-09-27 02:33:33 | INFO     | exam.app                     | Shutdown complete
2026-09-27 02:33:33 | INFO     | exam.app                     | Starting AI-Based Intelligent Examination Platform (development)
2026-09-27 02:33:33 | INFO     | exam.app                     | Object storage ready: bucket exam-media
2026-09-27 02:33:33 | INFO     | exam.app                     | Session sweeper started (every 60s)
2026-09-27 02:33:33 | INFO     | exam.auth                    | Login: examiner-192b7d4a@test.edu (examiner/approved)
2026-09-27 02:33:33 | INFO     | exam.ai_questions            | examiner-192b7d4a@test.edu generated 1 AI question draft(s) (category=technical topic=-)
2026-09-27 02:33:33 | INFO     | exam.ai_questions            | examiner-192b7d4a@test.edu approved AI draft a177ed36-0d9a-4464-9cc0-7003abc1f5d9 → question d319c10c-addf-4e09-909a-457818adfaae
2026-09-27 02:33:34 | INFO     | exam.app                     | Shutdown complete
2026-09-27 02:33:34 | INFO     | exam.app                     | Starting AI-Based Intelligent Examination Platform (development)
2026-09-27 02:33:34 | INFO     | exam.app                     | Object storage ready: bucket exam-media
2026-09-27 02:33:34 | INFO     | exam.app                     | Session sweeper started (every 60s)
2026-09-27 02:33:34 | INFO     | exam.auth                    | Login: examiner-328da91a@test.edu (examiner/approved)
2026-09-27 02:33:34 | INFO     | exam.ai_questions            | examiner-328da91a@test.edu generated 1 AI question draft(s) (category=technical topic=-)
2026-09-27 02:33:34 | INFO     | exam.app                     | Shutdown complete
2026-09-27 02:33:34 | INFO     | exam.app                     | Starting AI-Based Intelligent Examination Platform (development)
2026-09-27 02:33:34 | INFO     | exam.app                     | Object storage ready: bucket exam-media
2026-09-27 02:33:34 | INFO     | exam.app                     | Session sweeper started (every 60s)
2026-09-27 02:33:35 | INFO     | exam.auth                    | Login: candidate-05dcc50c@test.edu (candidate/approved, login=approved)
2026-09-27 02:33:36 | INFO     | exam.exam                    | Session 2faf352d-6b7e-466f-9871-b15db9ba7427 started: exam='Exam 406cba' candidate=81920b8c-3758-4f5b-970a-cf37bd000f75 questions=1 expires=2026-09-26T21:33:35.992799+00:00
2026-09-27 02:33:36 | INFO     | exam.exam                    | Session 2faf352d-6b7e-466f-9871-b15db9ba7427 uploaded an answer image for question 458e093f-bdb7-45ce-821f-67298ea49bda
2026-09-27 02:33:36 | INFO     | exam.app                     | Shutdown complete
2026-09-27 02:33:36 | INFO     | exam.app                     | Starting AI-Based Intelligent Examination Platform (development)
2026-09-27 02:33:36 | INFO     | exam.app                     | Object storage ready: bucket exam-media
2026-09-27 02:33:36 | INFO     | exam.app                     | Session sweeper started (every 60s)
2026-09-27 02:33:38 | INFO     | exam.auth                    | Login: candidate-447963c7@test.edu (candidate/approved, login=approved)
2026-09-27 02:33:38 | INFO     | exam.exam                    | Session 0dfd5bc8-f3b1-47f2-b417-205e24b1ea0c started: exam='Exam 7ea2fc' candidate=4e8620a2-e579-4f24-a194-c4b3ff00c22b questions=1 expires=2026-09-26T21:33:38.631717+00:00
2026-09-27 02:33:38 | INFO     | exam.exam                    | Session 0dfd5bc8-f3b1-47f2-b417-205e24b1ea0c uploaded an answer image for question 78a1a486-3df2-433b-bdd0-79e8ec5eb42a
2026-09-27 02:33:38 | INFO     | exam.app                     | Shutdown complete
2026-09-27 02:33:38 | INFO     | exam.app                     | Starting AI-Based Intelligent Examination Platform (development)
2026-09-27 02:33:38 | INFO     | exam.app                     | Object storage ready: bucket exam-media
2026-09-27 02:33:38 | INFO     | exam.app                     | Session sweeper started (every 60s)
2026-09-27 02:33:40 | INFO     | exam.auth                    | Login: candidate-d8b71582@test.edu (candidate/approved, login=approved)
2026-09-27 02:33:40 | INFO     | exam.exam                    | Session 9ec59faa-ad9d-4e0e-9d74-473582676ec3 started: exam='Exam 4953c6' candidate=cb74c6b1-6255-40d7-985a-5ec7102fae20 questions=1 expires=2026-09-26T21:33:40.468486+00:00
2026-09-27 02:33:41 | INFO     | exam.exam                    | Session 9ec59faa-ad9d-4e0e-9d74-473582676ec3 uploaded an answer image for question c8caa54a-1c22-4f14-8c60-ef14a837a1bf
2026-09-27 02:33:41 | INFO     | exam.app                     | Shutdown complete
2026-09-27 02:33:41 | INFO     | exam.app                     | Starting AI-Based Intelligent Examination Platform (development)
2026-09-27 02:33:41 | INFO     | exam.app                     | Object storage ready: bucket exam-media
2026-09-27 02:33:41 | INFO     | exam.app                     | Session sweeper started (every 60s)
2026-09-27 02:33:42 | INFO     | exam.auth                    | Login: candidate-b36e2d1c@test.edu (candidate/approved, login=approved)
2026-09-27 02:33:42 | INFO     | exam.exam                    | Session 3f13f9c7-615d-49ef-9959-c175f411cbc1 started: exam='Exam ab8094' candidate=4f5f388e-c4f5-4679-9a52-d3602ff22303 questions=1 expires=2026-09-26T21:33:42.339264+00:00
2026-09-27 02:33:42 | WARNING  | exam.answer_media            | Could not thumbnail an answer image: That file is not a readable image
2026-09-27 02:33:42 | INFO     | exam.exam                    | Session 3f13f9c7-615d-49ef-9959-c175f411cbc1 uploaded an answer image for question 8f89d965-6549-44fd-8b4c-b3cc0255d0b6
2026-09-27 02:33:42 | INFO     | exam.app                     | Shutdown complete
2026-09-27 02:33:42 | INFO     | exam.app                     | Starting AI-Based Intelligent Examination Platform (development)
2026-09-27 02:33:42 | INFO     | exam.app                     | Object storage ready: bucket exam-media
2026-09-27 02:33:42 | INFO     | exam.app                     | Session sweeper started (every 60s)
2026-09-27 02:33:45 | INFO     | exam.auth                    | Login: candidate-d00f7b78@test.edu (candidate/approved, login=approved)
2026-09-27 02:33:45 | WARNING  | exam.app                     | SLOW POST /api/v1/auth/login took 1178ms
2026-09-27 02:33:45 | INFO     | exam.exam                    | Session fa0c7f96-c314-45d7-89e1-c9ee50a68fef started: exam='Exam cc1d46' candidate=e559f4d4-ebe9-4877-85f8-8b622ae61ef2 questions=1 expires=2026-09-26T21:33:45.308322+00:00
2026-09-27 02:33:45 | INFO     | exam.app                     | Shutdown complete
2026-09-27 02:33:45 | INFO     | exam.app                     | Starting AI-Based Intelligent Examination Platform (development)
2026-09-27 02:33:45 | INFO     | exam.app                     | Object storage ready: bucket exam-media
2026-09-27 02:33:45 | INFO     | exam.app                     | Session sweeper started (every 60s)
2026-09-27 02:33:47 | INFO     | exam.auth                    | Login: candidate-3142c36d@test.edu (candidate/approved, login=approved)
2026-09-27 02:33:47 | WARNING  | exam.app                     | SLOW POST /api/v1/auth/login took 1027ms
2026-09-27 02:33:47 | INFO     | exam.exam                    | Session 409230c7-abfc-4a6e-92c0-f062e2c23805 started: exam='Exam ac8f0f' candidate=77009a6a-faf2-4f84-810a-be586f5e47e6 questions=1 expires=2026-09-26T21:33:47.123854+00:00
2026-09-27 02:33:47 | INFO     | exam.exam                    | Session 409230c7-abfc-4a6e-92c0-f062e2c23805 uploaded an answer image for question 8aff000d-c315-4b80-8ade-91176ae20a2b
2026-09-27 02:33:47 | INFO     | exam.exam                    | Session 409230c7-abfc-4a6e-92c0-f062e2c23805 finalised as submitted: 0 auto-scored, 1 queued for review
2026-09-27 02:33:48 | INFO     | exam.auth                    | Login: examiner-209da969@test.edu (examiner/approved)
2026-09-27 02:33:48 | INFO     | exam.app                     | Shutdown complete
2026-09-27 02:33:48 | INFO     | exam.app                     | Starting AI-Based Intelligent Examination Platform (development)
2026-09-27 02:33:48 | INFO     | exam.app                     | Object storage ready: bucket exam-media
2026-09-27 02:33:48 | INFO     | exam.app                     | Session sweeper started (every 60s)
2026-09-27 02:33:49 | INFO     | exam.auth                    | Registered new.candidate@test.edu as candidate (account approved)
2026-09-27 02:33:49 | WARNING  | exam.app                     | SLOW POST /api/v1/auth/register took 1399ms
2026-09-27 02:33:49 | INFO     | exam.app                     | Shutdown complete
2026-09-27 02:33:49 | INFO     | exam.app                     | Starting AI-Based Intelligent Examination Platform (development)
2026-09-27 02:33:49 | INFO     | exam.app                     | Object storage ready: bucket exam-media
2026-09-27 02:33:49 | INFO     | exam.app                     | Session sweeper started (every 60s)
2026-09-27 02:33:50 | INFO     | exam.auth                    | Registered first.login@test.edu as candidate (account approved)
2026-09-27 02:33:50 | INFO     | exam.login-access            | Login approval requested for first.login@test.edu (f80fc875-b279-476b-aa4f-cae32a05ce48) - awaiting review
2026-09-27 02:33:50 | INFO     | exam.auth                    | Login: first.login@test.edu (candidate/approved, login=pending)
2026-09-27 02:33:50 | INFO     | exam.app                     | Shutdown complete
2026-09-27 02:33:50 | INFO     | exam.app                     | Starting AI-Based Intelligent Examination Platform (development)
2026-09-27 02:33:50 | INFO     | exam.app                     | Object storage ready: bucket exam-media
2026-09-27 02:33:50 | INFO     | exam.app                     | Session sweeper started (every 60s)
2026-09-27 02:33:50 | INFO     | exam.auth                    | Registered new.examiner@test.edu as examiner (account pending)
2026-09-27 02:33:50 | INFO     | exam.app                     | Shutdown complete
2026-09-27 02:33:50 | INFO     | exam.app                     | Starting AI-Based Intelligent Examination Platform (development)
2026-09-27 02:33:50 | INFO     | exam.app                     | Object storage ready: bucket exam-media
2026-09-27 02:33:50 | INFO     | exam.app                     | Session sweeper started (every 60s)
2026-09-27 02:33:51 | INFO     | exam.app                     | Shutdown complete
2026-09-27 02:33:51 | INFO     | exam.app                     | Starting AI-Based Intelligent Examination Platform (development)
2026-09-27 02:33:51 | INFO     | exam.app                     | Object storage ready: bucket exam-media
2026-09-27 02:33:51 | INFO     | exam.app                     | Session sweeper started (every 60s)
2026-09-27 02:33:51 | INFO     | exam.app                     | Shutdown complete
2026-09-27 02:33:51 | INFO     | exam.app                     | Starting AI-Based Intelligent Examination Platform (development)
2026-09-27 02:33:51 | INFO     | exam.app                     | Object storage ready: bucket exam-media
2026-09-27 02:33:51 | INFO     | exam.app                     | Session sweeper started (every 60s)
2026-09-27 02:33:51 | INFO     | exam.app                     | Shutdown complete
2026-09-27 02:33:51 | INFO     | exam.app                     | Starting AI-Based Intelligent Examination Platform (development)
2026-09-27 02:33:51 | INFO     | exam.app                     | Object storage ready: bucket exam-media
2026-09-27 02:33:51 | INFO     | exam.app                     | Session sweeper started (every 60s)
2026-09-27 02:33:51 | WARNING  | exam.auth                    | Failed login for candidate-37c954a7@test.edu
2026-09-27 02:33:51 | INFO     | exam.app                     | Shutdown complete
2026-09-27 02:33:51 | INFO     | exam.app                     | Starting AI-Based Intelligent Examination Platform (development)
2026-09-27 02:33:51 | INFO     | exam.app                     | Object storage ready: bucket exam-media
2026-09-27 02:33:51 | INFO     | exam.app                     | Session sweeper started (every 60s)
2026-09-27 02:33:52 | INFO     | exam.auth                    | Login: candidate-cf27b5de@test.edu (candidate/approved, login=approved)
2026-09-27 02:33:52 | INFO     | exam.app                     | Shutdown complete
2026-09-27 02:33:52 | INFO     | exam.app                     | Starting AI-Based Intelligent Examination Platform (development)
2026-09-27 02:33:52 | INFO     | exam.app                     | Object storage ready: bucket exam-media
2026-09-27 02:33:52 | INFO     | exam.app                     | Session sweeper started (every 60s)
2026-09-27 02:33:53 | INFO     | exam.auth                    | Login: examiner-ada9cf3a@test.edu (examiner/approved)
2026-09-27 02:33:53 | INFO     | exam.app                     | Shutdown complete
2026-09-27 02:33:53 | INFO     | exam.app                     | Starting AI-Based Intelligent Examination Platform (development)
2026-09-27 02:33:53 | INFO     | exam.app                     | Object storage ready: bucket exam-media
2026-09-27 02:33:53 | INFO     | exam.app                     | Session sweeper started (every 60s)
2026-09-27 02:33:53 | INFO     | exam.app                     | Shutdown complete
2026-09-27 02:33:53 | INFO     | exam.app                     | Starting AI-Based Intelligent Examination Platform (development)
2026-09-27 02:33:53 | INFO     | exam.app                     | Object storage ready: bucket exam-media
2026-09-27 02:33:53 | INFO     | exam.app                     | Session sweeper started (every 60s)
2026-09-27 02:33:53 | INFO     | exam.app                     | Shutdown complete
2026-09-27 02:33:53 | INFO     | exam.app                     | Starting AI-Based Intelligent Examination Platform (development)
2026-09-27 02:33:53 | INFO     | exam.app                     | Object storage ready: bucket exam-media
2026-09-27 02:33:53 | INFO     | exam.app                     | Session sweeper started (every 60s)
2026-09-27 02:33:54 | INFO     | exam.auth                    | Login: editor@test.edu (candidate/approved, login=approved)
2026-09-27 02:33:54 | INFO     | exam.auth                    | Profile updated for editor@test.edu
2026-09-27 02:33:54 | INFO     | exam.app                     | Shutdown complete
2026-09-27 02:33:54 | INFO     | exam.app                     | Starting AI-Based Intelligent Examination Platform (development)
2026-09-27 02:33:54 | INFO     | exam.app                     | Object storage ready: bucket exam-media
2026-09-27 02:33:54 | INFO     | exam.app                     | Session sweeper started (every 60s)
2026-09-27 02:33:55 | INFO     | exam.auth                    | Login: oneword@test.edu (candidate/approved, login=approved)
2026-09-27 02:33:55 | INFO     | exam.auth                    | Profile updated for oneword@test.edu
2026-09-27 02:33:55 | INFO     | exam.app                     | Shutdown complete
2026-09-27 02:33:55 | INFO     | exam.app                     | Starting AI-Based Intelligent Examination Platform (development)
2026-09-27 02:33:55 | INFO     | exam.app                     | Object storage ready: bucket exam-media
2026-09-27 02:33:55 | INFO     | exam.app                     | Session sweeper started (every 60s)
2026-09-27 02:33:56 | INFO     | exam.auth                    | Login: blank@test.edu (candidate/approved, login=approved)
2026-09-27 02:33:56 | INFO     | exam.app                     | Shutdown complete
2026-09-27 02:33:56 | INFO     | exam.app                     | Starting AI-Based Intelligent Examination Platform (development)
2026-09-27 02:33:56 | INFO     | exam.app                     | Object storage ready: bucket exam-media
2026-09-27 02:33:56 | INFO     | exam.app                     | Session sweeper started (every 60s)
2026-09-27 02:33:56 | INFO     | exam.app                     | Shutdown complete
2026-09-27 02:33:56 | INFO     | exam.app                     | Starting AI-Based Intelligent Examination Platform (development)
2026-09-27 02:33:56 | INFO     | exam.app                     | Object storage ready: bucket exam-media
2026-09-27 02:33:56 | INFO     | exam.app                     | Session sweeper started (every 60s)
2026-09-27 02:33:58 | INFO     | exam.auth                    | Login: keeps@test.edu (candidate/approved, login=approved)
2026-09-27 02:33:58 | INFO     | exam.auth                    | Profile updated for keeps@test.edu
2026-09-27 02:33:58 | INFO     | exam.app                     | Shutdown complete
2026-09-27 02:33:58 | INFO     | exam.app                     | Starting AI-Based Intelligent Examination Platform (development)
2026-09-27 02:33:58 | INFO     | exam.app                     | Object storage ready: bucket exam-media
2026-09-27 02:33:58 | INFO     | exam.app                     | Session sweeper started (every 60s)
2026-09-27 02:33:58 | INFO     | exam.auth                    | Password reset requested for unknown/inactive email nobody@test.edu
2026-09-27 02:33:58 | INFO     | exam.app                     | Shutdown complete
2026-09-27 02:33:58 | INFO     | exam.app                     | Starting AI-Based Intelligent Examination Platform (development)
2026-09-27 02:33:58 | INFO     | exam.app                     | Object storage ready: bucket exam-media
2026-09-27 02:33:58 | INFO     | exam.app                     | Session sweeper started (every 60s)
2026-09-27 02:33:58 | INFO     | exam.auth                    | Password reset token issued for candidate-d42cc68c@test.edu: eyJhbGciOiJIUzI1NiIsInR5cCI6IkpXVCJ9.eyJzdWIiOiI2YjhjNGFiMy1hM2EzLTQ2NWQtOGQ2YS01MWY4ZjdkZmRmZTEiLCJ0eXAiOiJwYXNzd29yZF9yZXNldCIsImlhdCI6MTc5MDQ1NjYzOCwiZXhwIjoxNzkwNDU4NDM4LCJqdGkiOiI1NmJhNzNiMjQyMjY0NjhlYWMzYTNjN2E4ZjRlYWUyYiJ9.H8O1Tgj4PKjbwaftwXxlQa4zea5rCN2LyVIXSgMSVEE
2026-09-27 02:33:59 | INFO     | exam.auth                    | Password reset completed for candidate-d42cc68c@test.edu
2026-09-27 02:33:59 | INFO     | exam.auth                    | Login: candidate-d42cc68c@test.edu (candidate/approved, login=approved)
2026-09-27 02:34:00 | WARNING  | exam.auth                    | Failed login for candidate-d42cc68c@test.edu
2026-09-27 02:34:00 | INFO     | exam.app                     | Shutdown complete
2026-09-27 02:34:00 | INFO     | exam.app                     | Starting AI-Based Intelligent Examination Platform (development)
2026-09-27 02:34:00 | INFO     | exam.app                     | Object storage ready: bucket exam-media
2026-09-27 02:34:00 | INFO     | exam.app                     | Session sweeper started (every 60s)
2026-09-27 02:34:00 | INFO     | exam.app                     | Shutdown complete
2026-09-27 02:34:00 | INFO     | exam.app                     | Starting AI-Based Intelligent Examination Platform (development)
2026-09-27 02:34:00 | INFO     | exam.app                     | Object storage ready: bucket exam-media
2026-09-27 02:34:00 | INFO     | exam.app                     | Session sweeper started (every 60s)
2026-09-27 02:34:00 | INFO     | exam.auth                    | Login: examiner-63ec5303@test.edu (examiner/pending)
2026-09-27 02:34:01 | WARNING  | exam.auth                    | Access gate blocked examiner-63ec5303@test.edu (examiner, status=pending)
2026-09-27 02:34:01 | INFO     | exam.app                     | Shutdown complete
2026-09-27 02:34:01 | INFO     | exam.app                     | Starting AI-Based Intelligent Examination Platform (development)
2026-09-27 02:34:01 | INFO     | exam.app                     | Object storage ready: bucket exam-media
2026-09-27 02:34:01 | INFO     | exam.app                     | Session sweeper started (every 60s)
2026-09-27 02:34:01 | INFO     | exam.auth                    | Login: examiner-f26b2040@test.edu (examiner/pending)
2026-09-27 02:34:01 | WARNING  | exam.auth                    | Access gate blocked examiner-f26b2040@test.edu (examiner, status=pending)
2026-09-27 02:34:01 | INFO     | exam.app                     | Shutdown complete
2026-09-27 02:34:01 | INFO     | exam.app                     | Starting AI-Based Intelligent Examination Platform (development)
2026-09-27 02:34:01 | INFO     | exam.app                     | Object storage ready: bucket exam-media
2026-09-27 02:34:01 | INFO     | exam.app                     | Session sweeper started (every 60s)
2026-09-27 02:34:02 | INFO     | exam.auth                    | Login: examiner-e75b5ae5@test.edu (examiner/revoked)
2026-09-27 02:34:02 | WARNING  | exam.auth                    | Access gate blocked examiner-e75b5ae5@test.edu (examiner, status=revoked)
2026-09-27 02:34:02 | INFO     | exam.app                     | Shutdown complete
2026-09-27 02:34:02 | INFO     | exam.app                     | Starting AI-Based Intelligent Examination Platform (development)
2026-09-27 02:34:02 | INFO     | exam.app                     | Object storage ready: bucket exam-media
2026-09-27 02:34:02 | INFO     | exam.app                     | Session sweeper started (every 60s)
2026-09-27 02:34:03 | INFO     | exam.auth                    | Login: examiner-60919a44@test.edu (examiner/approved)
2026-09-27 02:34:03 | INFO     | exam.app                     | Shutdown complete
2026-09-27 02:34:03 | INFO     | exam.app                     | Starting AI-Based Intelligent Examination Platform (development)
2026-09-27 02:34:03 | INFO     | exam.app                     | Object storage ready: bucket exam-media
2026-09-27 02:34:03 | INFO     | exam.app                     | Session sweeper started (every 60s)
2026-09-27 02:34:04 | INFO     | exam.auth                    | Login: examiner-e54f7376@test.edu (examiner/pending)
2026-09-27 02:34:04 | WARNING  | exam.auth                    | Access gate blocked examiner-e54f7376@test.edu (examiner, status=pending)
2026-09-27 02:34:05 | INFO     | exam.auth                    | Login: admin-4e9583a6@test.edu (admin/approved)
2026-09-27 02:34:05 | INFO     | exam.admin                   | Admin admin-4e9583a6@test.edu changed access for examiner-e54f7376@test.edu: pending -> approved (Verified faculty ID)
2026-09-27 02:34:05 | INFO     | exam.auth                    | Login: examiner-e54f7376@test.edu (examiner/approved)
2026-09-27 02:34:05 | INFO     | exam.app                     | Shutdown complete
2026-09-27 02:34:05 | INFO     | exam.app                     | Starting AI-Based Intelligent Examination Platform (development)
2026-09-27 02:34:05 | INFO     | exam.app                     | Object storage ready: bucket exam-media
2026-09-27 02:34:05 | INFO     | exam.app                     | Session sweeper started (every 60s)
2026-09-27 02:34:07 | INFO     | exam.auth                    | Login: admin-1b87fd39@test.edu (admin/approved)
2026-09-27 02:34:07 | INFO     | exam.admin                   | Admin admin-1b87fd39@test.edu changed access for examiner-83771008@test.edu: approved -> revoked (Contract ended)
2026-09-27 02:34:07 | INFO     | exam.auth                    | Login: examiner-83771008@test.edu (examiner/revoked)
2026-09-27 02:34:07 | WARNING  | exam.auth                    | Access gate blocked examiner-83771008@test.edu (examiner, status=revoked)
2026-09-27 02:34:07 | INFO     | exam.app                     | Shutdown complete
2026-09-27 02:34:07 | INFO     | exam.app                     | Starting AI-Based Intelligent Examination Platform (development)
2026-09-27 02:34:07 | INFO     | exam.app                     | Object storage ready: bucket exam-media
2026-09-27 02:34:07 | INFO     | exam.app                     | Session sweeper started (every 60s)
2026-09-27 02:34:08 | INFO     | exam.auth                    | Login: candidate-e919837d@test.edu (candidate/pending, login=approved)
2026-09-27 02:34:08 | WARNING  | exam.auth                    | Access gate blocked candidate-e919837d@test.edu (candidate, status=pending)
2026-09-27 02:34:08 | INFO     | exam.app                     | Shutdown complete
2026-09-27 02:34:08 | INFO     | exam.app                     | Starting AI-Based Intelligent Examination Platform (development)
2026-09-27 02:34:08 | INFO     | exam.app                     | Object storage ready: bucket exam-media
2026-09-27 02:34:08 | INFO     | exam.app                     | Session sweeper started (every 60s)
2026-09-27 02:34:09 | INFO     | exam.auth                    | Login: candidate-e9bf9a32@test.edu (candidate/pending, login=approved)
2026-09-27 02:34:09 | WARNING  | exam.auth                    | Access gate blocked candidate-e9bf9a32@test.edu (candidate, status=pending)
2026-09-27 02:34:09 | INFO     | exam.app                     | Shutdown complete
2026-09-27 02:34:09 | INFO     | exam.app                     | Starting AI-Based Intelligent Examination Platform (development)
2026-09-27 02:34:09 | INFO     | exam.app                     | Object storage ready: bucket exam-media
2026-09-27 02:34:09 | INFO     | exam.app                     | Session sweeper started (every 60s)
2026-09-27 02:34:10 | INFO     | exam.auth                    | Login: candidate-4afedf36@test.edu (candidate/pending, login=approved)
2026-09-27 02:34:10 | WARNING  | exam.auth                    | Access gate blocked candidate-4afedf36@test.edu (candidate, status=pending)
2026-09-27 02:34:11 | INFO     | exam.auth                    | Login: admin-416e7fae@test.edu (admin/approved)
2026-09-27 02:34:11 | INFO     | exam.admin                   | Admin admin-416e7fae@test.edu changed access for candidate-4afedf36@test.edu: pending -> approved (Enrolment verified)
2026-09-27 02:34:11 | INFO     | exam.auth                    | Login: candidate-4afedf36@test.edu (candidate/approved, login=approved)
2026-09-27 02:34:11 | INFO     | exam.app                     | Shutdown complete
2026-09-27 02:34:11 | INFO     | exam.app                     | Starting AI-Based Intelligent Examination Platform (development)
2026-09-27 02:34:11 | INFO     | exam.app                     | Object storage ready: bucket exam-media
2026-09-27 02:34:11 | INFO     | exam.app                     | Session sweeper started (every 60s)
2026-09-27 02:34:13 | INFO     | exam.auth                    | Login: examiner-2499e128@test.edu (examiner/approved)
2026-09-27 02:34:13 | WARNING  | exam.auth                    | Role denied: examiner-2499e128@test.edu (examiner) tried a admin-only route
2026-09-27 02:34:13 | WARNING  | exam.auth                    | Role denied: examiner-2499e128@test.edu (examiner) tried a admin-only route
2026-09-27 02:34:13 | WARNING  | exam.auth                    | Role denied: examiner-2499e128@test.edu (examiner) tried a admin-only route
2026-09-27 02:34:13 | INFO     | exam.app                     | Shutdown complete
2026-09-27 02:34:13 | INFO     | exam.app                     | Starting AI-Based Intelligent Examination Platform (development)
2026-09-27 02:34:13 | INFO     | exam.app                     | Object storage ready: bucket exam-media
2026-09-27 02:34:13 | INFO     | exam.app                     | Session sweeper started (every 60s)
2026-09-27 02:34:15 | INFO     | exam.auth                    | Login: admin-ef89864f@test.edu (admin/approved)
2026-09-27 02:34:15 | INFO     | exam.app                     | Shutdown complete
2026-09-27 02:34:15 | INFO     | exam.app                     | Starting AI-Based Intelligent Examination Platform (development)
2026-09-27 02:34:15 | INFO     | exam.app                     | Object storage ready: bucket exam-media
2026-09-27 02:34:15 | INFO     | exam.app                     | Session sweeper started (every 60s)
2026-09-27 02:34:17 | INFO     | exam.auth                    | Login: candidate-2f79454f@test.edu (candidate/approved, login=approved)
2026-09-27 02:34:17 | WARNING  | exam.auth                    | Role denied: candidate-2f79454f@test.edu (candidate) tried a examiner/admin-only route
2026-09-27 02:34:17 | INFO     | exam.app                     | Shutdown complete
2026-09-27 02:34:17 | INFO     | exam.app                     | Starting AI-Based Intelligent Examination Platform (development)
2026-09-27 02:34:17 | INFO     | exam.app                     | Object storage ready: bucket exam-media
2026-09-27 02:34:17 | INFO     | exam.app                     | Session sweeper started (every 60s)
2026-09-27 02:34:19 | INFO     | exam.auth                    | Login: examiner-ef3b202c@test.edu (examiner/approved)
2026-09-27 02:34:19 | WARNING  | exam.auth                    | Role denied: examiner-ef3b202c@test.edu (examiner) tried a admin-only route
2026-09-27 02:34:19 | INFO     | exam.app                     | Shutdown complete
2026-09-27 02:34:19 | INFO     | exam.app                     | Starting AI-Based Intelligent Examination Platform (development)
2026-09-27 02:34:19 | INFO     | exam.app                     | Object storage ready: bucket exam-media
2026-09-27 02:34:19 | INFO     | exam.app                     | Session sweeper started (every 60s)
2026-09-27 02:34:21 | INFO     | exam.auth                    | Login: examiner-36ef0aea@test.edu (examiner/approved)
2026-09-27 02:34:21 | INFO     | exam.app                     | Shutdown complete
2026-09-27 02:34:21 | INFO     | exam.app                     | Starting AI-Based Intelligent Examination Platform (development)
2026-09-27 02:34:21 | INFO     | exam.app                     | Object storage ready: bucket exam-media
2026-09-27 02:34:21 | INFO     | exam.app                     | Session sweeper started (every 60s)
2026-09-27 02:34:23 | INFO     | exam.auth                    | Login: admin-be796e1b@test.edu (admin/approved)
2026-09-27 02:34:23 | INFO     | exam.app                     | Shutdown complete
2026-09-27 02:34:23 | INFO     | exam.app                     | Starting AI-Based Intelligent Examination Platform (development)
2026-09-27 02:34:23 | INFO     | exam.app                     | Object storage ready: bucket exam-media
2026-09-27 02:34:23 | INFO     | exam.app                     | Session sweeper started (every 60s)
2026-09-27 02:34:24 | INFO     | exam.auth                    | Login: admin-b2241431@test.edu (admin/approved)
2026-09-27 02:34:24 | INFO     | exam.app                     | Shutdown complete
2026-09-27 02:34:24 | INFO     | exam.app                     | Starting AI-Based Intelligent Examination Platform (development)
2026-09-27 02:34:24 | INFO     | exam.app                     | Object storage ready: bucket exam-media
2026-09-27 02:34:24 | INFO     | exam.app                     | Session sweeper started (every 60s)
2026-09-27 02:34:26 | INFO     | exam.auth                    | Login: admin-582c2827@test.edu (admin/approved)
2026-09-27 02:34:27 | WARNING  | exam.admin                   | Admin admin-582c2827@test.edu reset the password for examiner-f1404f2c@test.edu
2026-09-27 02:34:28 | WARNING  | exam.auth                    | Failed login for examiner-f1404f2c@test.edu
2026-09-27 02:34:28 | INFO     | exam.auth                    | Login: examiner-f1404f2c@test.edu (examiner/approved)
2026-09-27 02:34:29 | INFO     | exam.app                     | Shutdown complete
2026-09-27 02:34:29 | INFO     | exam.app                     | Starting AI-Based Intelligent Examination Platform (development)
2026-09-27 02:34:29 | INFO     | exam.app                     | Object storage ready: bucket exam-media
2026-09-27 02:34:29 | INFO     | exam.app                     | Session sweeper started (every 60s)
2026-09-27 02:34:31 | INFO     | exam.auth                    | Login: admin-b40c6373@test.edu (admin/approved)
2026-09-27 02:34:31 | INFO     | exam.app                     | Shutdown complete
2026-09-27 02:34:31 | INFO     | exam.app                     | Starting AI-Based Intelligent Examination Platform (development)
2026-09-27 02:34:31 | INFO     | exam.app                     | Object storage ready: bucket exam-media
2026-09-27 02:34:31 | INFO     | exam.app                     | Session sweeper started (every 60s)
2026-09-27 02:34:32 | INFO     | exam.auth                    | Login: admin-69f531f0@test.edu (admin/approved)
2026-09-27 02:34:32 | INFO     | exam.app                     | Shutdown complete
2026-09-27 02:34:32 | INFO     | exam.app                     | Starting AI-Based Intelligent Examination Platform (development)
2026-09-27 02:34:32 | INFO     | exam.app                     | Object storage ready: bucket exam-media
2026-09-27 02:34:32 | INFO     | exam.app                     | Session sweeper started (every 60s)
2026-09-27 02:34:34 | INFO     | exam.auth                    | Login: examiner-35e8b4f9@test.edu (examiner/approved)
2026-09-27 02:34:34 | WARNING  | exam.auth                    | Role denied: examiner-35e8b4f9@test.edu (examiner) tried a admin-only route
2026-09-27 02:34:34 | INFO     | exam.app                     | Shutdown complete
2026-09-27 02:34:34 | INFO     | exam.app                     | Starting AI-Based Intelligent Examination Platform (development)
2026-09-27 02:34:34 | INFO     | exam.app                     | Object storage ready: bucket exam-media
2026-09-27 02:34:34 | INFO     | exam.app                     | Session sweeper started (every 60s)
2026-09-27 02:34:35 | INFO     | exam.auth                    | Login: admin-fe0bcaf2@test.edu (admin/approved)
2026-09-27 02:34:35 | INFO     | exam.app                     | Shutdown complete
2026-09-27 02:34:37 | INFO     | exam.app                     | Starting AI-Based Intelligent Examination Platform (development)
2026-09-27 02:34:37 | INFO     | exam.app                     | Object storage ready: bucket exam-media
2026-09-27 02:34:37 | INFO     | exam.app                     | Session sweeper started (every 60s)
2026-09-27 02:34:37 | INFO     | exam.app                     | Shutdown complete
2026-09-27 02:34:37 | INFO     | exam.app                     | Starting AI-Based Intelligent Examination Platform (development)
2026-09-27 02:34:37 | INFO     | exam.app                     | Object storage ready: bucket exam-media
2026-09-27 02:34:37 | INFO     | exam.app                     | Session sweeper started (every 60s)
2026-09-27 02:34:39 | INFO     | exam.app                     | Shutdown complete
2026-09-27 02:34:39 | INFO     | exam.app                     | Starting AI-Based Intelligent Examination Platform (development)
2026-09-27 02:34:39 | INFO     | exam.app                     | Object storage ready: bucket exam-media
2026-09-27 02:34:39 | INFO     | exam.app                     | Session sweeper started (every 60s)
2026-09-27 02:34:40 | INFO     | exam.app                     | Shutdown complete
2026-09-27 02:34:40 | INFO     | exam.app                     | Starting AI-Based Intelligent Examination Platform (development)
2026-09-27 02:34:40 | INFO     | exam.app                     | Object storage ready: bucket exam-media
2026-09-27 02:34:40 | INFO     | exam.app                     | Session sweeper started (every 60s)
2026-09-27 02:34:41 | INFO     | exam.app                     | Shutdown complete
2026-09-27 02:34:41 | INFO     | exam.app                     | Starting AI-Based Intelligent Examination Platform (development)
2026-09-27 02:34:41 | INFO     | exam.app                     | Object storage ready: bucket exam-media
2026-09-27 02:34:41 | INFO     | exam.app                     | Session sweeper started (every 60s)
2026-09-27 02:34:41 | INFO     | exam.app                     | Shutdown complete
2026-09-27 02:34:41 | INFO     | exam.app                     | Starting AI-Based Intelligent Examination Platform (development)
2026-09-27 02:34:41 | INFO     | exam.app                     | Object storage ready: bucket exam-media
2026-09-27 02:34:42 | INFO     | exam.app                     | Session sweeper started (every 60s)
2026-09-27 02:34:42 | INFO     | exam.app                     | Shutdown complete
2026-09-27 02:34:42 | INFO     | exam.app                     | Starting AI-Based Intelligent Examination Platform (development)
2026-09-27 02:34:42 | INFO     | exam.app                     | Object storage ready: bucket exam-media
2026-09-27 02:34:42 | INFO     | exam.app                     | Session sweeper started (every 60s)
2026-09-27 02:34:43 | INFO     | exam.app                     | Shutdown complete
2026-09-27 02:34:43 | INFO     | exam.app                     | Starting AI-Based Intelligent Examination Platform (development)
2026-09-27 02:34:43 | INFO     | exam.app                     | Object storage ready: bucket exam-media
2026-09-27 02:34:43 | INFO     | exam.app                     | Session sweeper started (every 60s)
2026-09-27 02:34:44 | INFO     | exam.app                     | Shutdown complete
2026-09-27 02:34:44 | INFO     | exam.app                     | Starting AI-Based Intelligent Examination Platform (development)
2026-09-27 02:34:44 | INFO     | exam.app                     | Object storage ready: bucket exam-media
2026-09-27 02:34:44 | INFO     | exam.app                     | Session sweeper started (every 60s)
2026-09-27 02:34:44 | INFO     | exam.app                     | Shutdown complete
2026-09-27 02:34:44 | INFO     | exam.app                     | Starting AI-Based Intelligent Examination Platform (development)
2026-09-27 02:34:44 | INFO     | exam.app                     | Object storage ready: bucket exam-media
2026-09-27 02:34:44 | INFO     | exam.app                     | Session sweeper started (every 60s)
2026-09-27 02:34:46 | INFO     | exam.auth                    | Login: candidate-f80c6c98@test.edu (candidate/approved, login=approved)
2026-09-27 02:34:46 | WARNING  | exam.auth                    | Role denied: candidate-f80c6c98@test.edu (candidate) tried a examiner/admin-only route
2026-09-27 02:34:46 | INFO     | exam.app                     | Shutdown complete
2026-09-27 02:34:46 | INFO     | exam.app                     | Starting AI-Based Intelligent Examination Platform (development)
2026-09-27 02:34:46 | INFO     | exam.app                     | Object storage ready: bucket exam-media
2026-09-27 02:34:46 | INFO     | exam.app                     | Session sweeper started (every 60s)
2026-09-27 02:34:47 | INFO     | exam.auth                    | Login: examiner-3af06ec5@test.edu (examiner/approved)
2026-09-27 02:34:47 | INFO     | exam.app                     | Shutdown complete
2026-09-27 02:34:47 | INFO     | exam.app                     | Starting AI-Based Intelligent Examination Platform (development)
2026-09-27 02:34:47 | INFO     | exam.app                     | Object storage ready: bucket exam-media
2026-09-27 02:34:47 | INFO     | exam.app                     | Session sweeper started (every 60s)
2026-09-27 02:34:48 | INFO     | exam.app                     | Shutdown complete
2026-09-27 02:34:48 | INFO     | exam.app                     | Starting AI-Based Intelligent Examination Platform (development)
2026-09-27 02:34:48 | INFO     | exam.app                     | Object storage ready: bucket exam-media
2026-09-27 02:34:48 | INFO     | exam.app                     | Session sweeper started (every 60s)
2026-09-27 02:34:48 | INFO     | exam.app                     | Shutdown complete
2026-09-27 02:34:48 | INFO     | exam.app                     | Starting AI-Based Intelligent Examination Platform (development)
2026-09-27 02:34:48 | INFO     | exam.app                     | Object storage ready: bucket exam-media
2026-09-27 02:34:48 | INFO     | exam.app                     | Session sweeper started (every 60s)
2026-09-27 02:34:49 | INFO     | exam.app                     | Shutdown complete
2026-09-27 02:34:49 | INFO     | exam.app                     | Starting AI-Based Intelligent Examination Platform (development)
2026-09-27 02:34:49 | INFO     | exam.app                     | Object storage ready: bucket exam-media
2026-09-27 02:34:49 | INFO     | exam.app                     | Session sweeper started (every 60s)
2026-09-27 02:34:49 | INFO     | exam.app                     | Shutdown complete
2026-09-27 02:34:49 | INFO     | exam.app                     | Starting AI-Based Intelligent Examination Platform (development)
2026-09-27 02:34:49 | INFO     | exam.app                     | Object storage ready: bucket exam-media
2026-09-27 02:34:49 | INFO     | exam.app                     | Session sweeper started (every 60s)
2026-09-27 02:34:50 | INFO     | exam.auth                    | Login: candidate-ed044ab3@test.edu (candidate/approved, login=approved)
2026-09-27 02:34:50 | INFO     | exam.app                     | Shutdown complete
2026-09-27 02:34:50 | INFO     | exam.app                     | Starting AI-Based Intelligent Examination Platform (development)
2026-09-27 02:34:50 | INFO     | exam.app                     | Object storage ready: bucket exam-media
2026-09-27 02:34:50 | INFO     | exam.app                     | Session sweeper started (every 60s)
2026-09-27 02:34:50 | INFO     | exam.auth                    | Login: candidate-d852165e@test.edu (candidate/approved, login=approved)
2026-09-27 02:34:50 | WARNING  | exam.auth                    | Role denied: candidate-d852165e@test.edu (candidate) tried a examiner/admin-only route
2026-09-27 02:34:50 | INFO     | exam.app                     | Shutdown complete
2026-09-27 02:34:50 | INFO     | exam.app                     | Starting AI-Based Intelligent Examination Platform (development)
2026-09-27 02:34:50 | INFO     | exam.app                     | Object storage ready: bucket exam-media
2026-09-27 02:34:51 | INFO     | exam.app                     | Session sweeper started (every 60s)
2026-09-27 02:34:51 | INFO     | exam.auth                    | Login: candidate-db1c3f88@test.edu (candidate/approved, login=approved)
2026-09-27 02:34:51 | INFO     | exam.app                     | Shutdown complete
2026-09-27 02:34:51 | INFO     | exam.app                     | Starting AI-Based Intelligent Examination Platform (development)
2026-09-27 02:34:51 | INFO     | exam.app                     | Object storage ready: bucket exam-media
2026-09-27 02:34:51 | INFO     | exam.app                     | Session sweeper started (every 60s)
2026-09-27 02:34:51 | INFO     | exam.app                     | Shutdown complete
2026-09-27 02:34:54 | INFO     | exam.app                     | Starting AI-Based Intelligent Examination Platform (development)
2026-09-27 02:34:54 | INFO     | exam.app                     | Object storage ready: bucket exam-media
2026-09-27 02:34:54 | INFO     | exam.app                     | Session sweeper started (every 60s)
2026-09-27 02:34:55 | INFO     | exam.auth                    | Login: candidate-ca683e3b@test.edu (candidate/approved, login=approved)
2026-09-27 02:34:55 | WARNING  | exam.auth                    | Role denied: candidate-ca683e3b@test.edu (candidate) tried a examiner/admin-only route
2026-09-27 02:34:55 | INFO     | exam.app                     | Shutdown complete
2026-09-27 02:34:55 | INFO     | exam.app                     | Starting AI-Based Intelligent Examination Platform (development)
2026-09-27 02:34:55 | INFO     | exam.app                     | Object storage ready: bucket exam-media
2026-09-27 02:34:55 | INFO     | exam.app                     | Session sweeper started (every 60s)
2026-09-27 02:34:56 | INFO     | exam.auth                    | Login: admin-31b1daa7@test.edu (admin/approved)
2026-09-27 02:34:56 | INFO     | exam.app                     | Shutdown complete
2026-09-27 02:34:56 | INFO     | exam.app                     | Starting AI-Based Intelligent Examination Platform (development)
2026-09-27 02:34:56 | INFO     | exam.app                     | Object storage ready: bucket exam-media
2026-09-27 02:34:56 | INFO     | exam.app                     | Session sweeper started (every 60s)
2026-09-27 02:34:57 | INFO     | exam.auth                    | Login: examiner-50dd46ec@test.edu (examiner/approved)
2026-09-27 02:34:57 | WARNING  | exam.auth                    | Role denied: examiner-50dd46ec@test.edu (examiner) tried a admin-only route
2026-09-27 02:34:57 | INFO     | exam.auth                    | Login: admin-1f003155@test.edu (admin/approved)
2026-09-27 02:34:57 | INFO     | exam.app                     | Shutdown complete
2026-09-27 02:34:57 | INFO     | exam.app                     | Starting AI-Based Intelligent Examination Platform (development)
2026-09-27 02:34:57 | INFO     | exam.app                     | Object storage ready: bucket exam-media
2026-09-27 02:34:57 | INFO     | exam.app                     | Session sweeper started (every 60s)
2026-09-27 02:34:58 | INFO     | exam.auth                    | Login: examiner-19e0d81d@test.edu (examiner/approved)
2026-09-27 02:34:58 | INFO     | exam.app                     | Shutdown complete
2026-09-27 02:34:58 | INFO     | exam.app                     | Starting AI-Based Intelligent Examination Platform (development)
2026-09-27 02:34:58 | INFO     | exam.app                     | Object storage ready: bucket exam-media
2026-09-27 02:34:58 | INFO     | exam.app                     | Session sweeper started (every 60s)
2026-09-27 02:34:58 | INFO     | exam.auth                    | Login: examiner-c98e77da@test.edu (examiner/approved)
2026-09-27 02:34:58 | INFO     | exam.app                     | Shutdown complete
2026-09-27 02:34:58 | INFO     | exam.app                     | Starting AI-Based Intelligent Examination Platform (development)
2026-09-27 02:34:58 | INFO     | exam.app                     | Object storage ready: bucket exam-media
2026-09-27 02:34:58 | INFO     | exam.app                     | Session sweeper started (every 60s)
2026-09-27 02:34:59 | INFO     | exam.auth                    | Login: examiner-37ceff78@test.edu (examiner/approved)
2026-09-27 02:34:59 | INFO     | exam.app                     | Shutdown complete
2026-09-27 02:34:59 | INFO     | exam.app                     | Starting AI-Based Intelligent Examination Platform (development)
2026-09-27 02:34:59 | INFO     | exam.app                     | Object storage ready: bucket exam-media
2026-09-27 02:34:59 | INFO     | exam.app                     | Session sweeper started (every 60s)
2026-09-27 02:34:59 | INFO     | exam.auth                    | Login: examiner-bcba1fa3@test.edu (examiner/approved)
2026-09-27 02:34:59 | INFO     | exam.app                     | Shutdown complete
2026-09-27 02:34:59 | INFO     | exam.app                     | Starting AI-Based Intelligent Examination Platform (development)
2026-09-27 02:34:59 | INFO     | exam.app                     | Object storage ready: bucket exam-media
2026-09-27 02:34:59 | INFO     | exam.app                     | Session sweeper started (every 60s)
2026-09-27 02:35:00 | INFO     | exam.auth                    | Login: examiner-64cad444@test.edu (examiner/approved)
2026-09-27 02:35:00 | INFO     | exam.app                     | Shutdown complete
2026-09-27 02:35:00 | INFO     | exam.app                     | Starting AI-Based Intelligent Examination Platform (development)
2026-09-27 02:35:00 | INFO     | exam.app                     | Object storage ready: bucket exam-media
2026-09-27 02:35:00 | INFO     | exam.app                     | Session sweeper started (every 60s)
2026-09-27 02:35:01 | INFO     | exam.auth                    | Login: examiner-d26f13dd@test.edu (examiner/approved)
2026-09-27 02:35:01 | INFO     | exam.exams                   | examiner-d26f13dd@test.edu applied a 1-row blueprint to exam e5208b73-1b98-4c3d-b52e-8dc195d5e28b
2026-09-27 02:35:01 | INFO     | exam.app                     | Shutdown complete
2026-09-27 02:35:01 | INFO     | exam.app                     | Starting AI-Based Intelligent Examination Platform (development)
2026-09-27 02:35:01 | INFO     | exam.app                     | Object storage ready: bucket exam-media
2026-09-27 02:35:01 | INFO     | exam.app                     | Session sweeper started (every 60s)
2026-09-27 02:35:01 | INFO     | exam.auth                    | Login: examiner-2ab0780a@test.edu (examiner/approved)
2026-09-27 02:35:01 | INFO     | exam.exams                   | examiner-2ab0780a@test.edu applied a 1-row blueprint to exam 860bdb21-10e8-4b90-9bf4-87a8e139322a
2026-09-27 02:35:01 | INFO     | exam.app                     | Shutdown complete
2026-09-27 02:35:01 | INFO     | exam.app                     | Starting AI-Based Intelligent Examination Platform (development)
2026-09-27 02:35:01 | INFO     | exam.app                     | Object storage ready: bucket exam-media
2026-09-27 02:35:01 | INFO     | exam.app                     | Session sweeper started (every 60s)
2026-09-27 02:35:02 | INFO     | exam.auth                    | Login: examiner-61ff7441@test.edu (examiner/approved)
2026-09-27 02:35:02 | INFO     | exam.exams                   | examiner-61ff7441@test.edu applied a 2-row blueprint to exam cdd0d836-50e5-4afd-b3be-d0df31d3e80e
2026-09-27 02:35:02 | INFO     | exam.app                     | Shutdown complete
2026-09-27 02:35:02 | INFO     | exam.app                     | Starting AI-Based Intelligent Examination Platform (development)
2026-09-27 02:35:02 | INFO     | exam.app                     | Object storage ready: bucket exam-media
2026-09-27 02:35:02 | INFO     | exam.app                     | Session sweeper started (every 60s)
2026-09-27 02:35:03 | INFO     | exam.auth                    | Login: examiner-ffe98ad0@test.edu (examiner/approved)
2026-09-27 02:35:03 | WARNING  | exam.app                     | SLOW POST /api/v1/auth/login took 1132ms
2026-09-27 02:35:03 | INFO     | exam.exams                   | examiner-ffe98ad0@test.edu applied a 1-row blueprint to exam bb0a10df-c63c-4683-acbf-2c442f54b8f1
2026-09-27 02:35:04 | INFO     | exam.app                     | Shutdown complete
2026-09-27 02:35:04 | INFO     | exam.app                     | Starting AI-Based Intelligent Examination Platform (development)
2026-09-27 02:35:04 | INFO     | exam.app                     | Object storage ready: bucket exam-media
2026-09-27 02:35:04 | INFO     | exam.app                     | Session sweeper started (every 60s)
2026-09-27 02:35:04 | INFO     | exam.auth                    | Login: examiner-e76e3052@test.edu (examiner/approved)
2026-09-27 02:35:04 | INFO     | exam.exams                   | examiner-e76e3052@test.edu applied a 1-row blueprint to exam 690d1232-fbaf-40ee-8c65-2261c4e158ad
2026-09-27 02:35:04 | INFO     | exam.exams                   | examiner-e76e3052@test.edu applied a 1-row blueprint to exam 690d1232-fbaf-40ee-8c65-2261c4e158ad
2026-09-27 02:35:04 | INFO     | exam.app                     | Shutdown complete
2026-09-27 02:35:04 | INFO     | exam.app                     | Starting AI-Based Intelligent Examination Platform (development)
2026-09-27 02:35:04 | INFO     | exam.app                     | Object storage ready: bucket exam-media
2026-09-27 02:35:04 | INFO     | exam.app                     | Session sweeper started (every 60s)
2026-09-27 02:35:05 | INFO     | exam.auth                    | Login: examiner-d77459bb@test.edu (examiner/approved)
2026-09-27 02:35:05 | INFO     | exam.auth                    | Login: candidate-86f25885@test.edu (candidate/approved, login=approved)
2026-09-27 02:35:05 | INFO     | exam.exam                    | Session 8484e1d6-f40e-45d4-bc85-90cf19d03ef1 started: exam='Exam 856255' candidate=3407db9e-008c-4c06-99be-aea5ceefa528 questions=1 expires=2026-09-26T21:35:05.731048+00:00
2026-09-27 02:35:05 | INFO     | exam.app                     | Shutdown complete
2026-09-27 02:35:05 | INFO     | exam.app                     | Starting AI-Based Intelligent Examination Platform (development)
2026-09-27 02:35:05 | INFO     | exam.app                     | Object storage ready: bucket exam-media
2026-09-27 02:35:05 | INFO     | exam.app                     | Session sweeper started (every 60s)
2026-09-27 02:35:06 | INFO     | exam.auth                    | Login: candidate-0155b57d@test.edu (candidate/approved, login=approved)
2026-09-27 02:35:07 | INFO     | exam.exam                    | Session 90cda923-c227-436a-9af8-a26c67aee5e3 started: exam='Exam de3d40' candidate=f95a4f6b-1c07-4941-a5a5-198ff8aa3c10 questions=4 expires=2026-09-26T21:35:07.085415+00:00
2026-09-27 02:35:07 | INFO     | exam.app                     | Shutdown complete
2026-09-27 02:35:07 | INFO     | exam.app                     | Starting AI-Based Intelligent Examination Platform (development)
2026-09-27 02:35:07 | INFO     | exam.app                     | Object storage ready: bucket exam-media
2026-09-27 02:35:07 | INFO     | exam.app                     | Session sweeper started (every 60s)
2026-09-27 02:35:07 | INFO     | exam.auth                    | Login: candidate-1dac6831@test.edu (candidate/approved, login=approved)
2026-09-27 02:35:07 | INFO     | exam.exam                    | Session b622426b-ba3c-4fef-b8a4-570f3ab70ab3 started: exam='Exam 1afc6d' candidate=855a095b-d344-432f-8d66-d0e05e513a15 questions=4 expires=2026-09-26T21:35:07.865094+00:00
2026-09-27 02:35:07 | INFO     | exam.app                     | Shutdown complete
2026-09-27 02:35:07 | INFO     | exam.app                     | Starting AI-Based Intelligent Examination Platform (development)
2026-09-27 02:35:07 | INFO     | exam.app                     | Object storage ready: bucket exam-media
2026-09-27 02:35:07 | INFO     | exam.app                     | Session sweeper started (every 60s)
2026-09-27 02:35:08 | INFO     | exam.auth                    | Login: candidate-91e10233@test.edu (candidate/approved, login=approved)
2026-09-27 02:35:08 | INFO     | exam.exam                    | Session 184fdb42-b2e6-4687-b862-65fd2cf6fbce started: exam='Exam d9d550' candidate=b53e0b6c-a101-4b1d-ae17-14c984e5c0ad questions=4 expires=2026-09-26T21:35:08.518760+00:00
2026-09-27 02:35:08 | INFO     | exam.app                     | Shutdown complete
2026-09-27 02:35:08 | INFO     | exam.app                     | Starting AI-Based Intelligent Examination Platform (development)
2026-09-27 02:35:08 | INFO     | exam.app                     | Object storage ready: bucket exam-media
2026-09-27 02:35:08 | INFO     | exam.app                     | Session sweeper started (every 60s)
2026-09-27 02:35:09 | INFO     | exam.auth                    | Login: candidate-5638bd0a@test.edu (candidate/approved, login=approved)
2026-09-27 02:35:09 | INFO     | exam.exam                    | Session 06226915-98af-4658-9ba6-df55b527f5ea started: exam='Exam d60b13' candidate=1ab32cdf-0852-4100-ba26-9c5c2376ad9e questions=4 expires=2026-09-26T21:35:09.498059+00:00
2026-09-27 02:35:10 | INFO     | exam.auth                    | Login: candidate-6b5900fe@test.edu (candidate/approved, login=approved)
2026-09-27 02:35:10 | INFO     | exam.exam                    | Session b6abd2b3-6be5-41f3-9cec-00195af53a0a started: exam='Exam d60b13' candidate=0fa03b51-0898-4d84-bb35-029ff9fa718e questions=4 expires=2026-09-26T21:35:10.077680+00:00
2026-09-27 02:35:10 | INFO     | exam.app                     | Shutdown complete
2026-09-27 02:35:10 | INFO     | exam.app                     | Starting AI-Based Intelligent Examination Platform (development)
2026-09-27 02:35:10 | INFO     | exam.app                     | Object storage ready: bucket exam-media
2026-09-27 02:35:10 | INFO     | exam.app                     | Session sweeper started (every 60s)
2026-09-27 02:35:10 | INFO     | exam.auth                    | Login: examiner-5f9ee70e@test.edu (examiner/approved)
2026-09-27 02:35:10 | WARNING  | exam.auth                    | Role denied: examiner-5f9ee70e@test.edu (examiner) tried a candidate-only route
2026-09-27 02:35:10 | INFO     | exam.app                     | Shutdown complete
2026-09-27 02:35:10 | INFO     | exam.app                     | Starting AI-Based Intelligent Examination Platform (development)
2026-09-27 02:35:10 | INFO     | exam.app                     | Object storage ready: bucket exam-media
2026-09-27 02:35:10 | INFO     | exam.app                     | Session sweeper started (every 60s)
2026-09-27 02:35:11 | INFO     | exam.auth                    | Login: candidate-b3cfd799@test.edu (candidate/approved, login=approved)
2026-09-27 02:35:11 | INFO     | exam.exam                    | Session 2f98c11f-cc37-4d12-97ab-2cbd05635753 started: exam='Exam fe0171' candidate=6f648ed1-1c3e-4cca-85e3-f9522a78f411 questions=4 expires=2026-09-26T21:35:11.506148+00:00
2026-09-27 02:35:11 | INFO     | exam.app                     | Shutdown complete
2026-09-27 02:35:11 | INFO     | exam.app                     | Starting AI-Based Intelligent Examination Platform (development)
2026-09-27 02:35:11 | INFO     | exam.app                     | Object storage ready: bucket exam-media
2026-09-27 02:35:11 | INFO     | exam.app                     | Session sweeper started (every 60s)
2026-09-27 02:35:12 | INFO     | exam.auth                    | Login: candidate-8d6e54e4@test.edu (candidate/approved, login=approved)
2026-09-27 02:35:12 | INFO     | exam.exam                    | Session 930a37a3-081d-43b2-b8d6-ecde3f82417e started: exam='Exam be468a' candidate=d0224d10-97e0-464a-adf1-6bd35038f6b4 questions=4 expires=2026-09-26T21:35:12.723774+00:00
2026-09-27 02:35:12 | INFO     | exam.exam                    | Session 930a37a3-081d-43b2-b8d6-ecde3f82417e finalised as submitted: 0 auto-scored, 0 queued for review
2026-09-27 02:35:13 | INFO     | exam.exam                    | Session ef62c57f-40b1-4392-8f1c-b3e4c51b9050 started: exam='Exam 050884' candidate=d0224d10-97e0-464a-adf1-6bd35038f6b4 questions=4 expires=2026-09-26T21:35:13.031925+00:00
2026-09-27 02:35:13 | INFO     | exam.app                     | Shutdown complete
2026-09-27 02:35:13 | INFO     | exam.app                     | Starting AI-Based Intelligent Examination Platform (development)
2026-09-27 02:35:13 | INFO     | exam.app                     | Object storage ready: bucket exam-media
2026-09-27 02:35:13 | INFO     | exam.app                     | Session sweeper started (every 60s)
2026-09-27 02:35:14 | INFO     | exam.auth                    | Login: candidate-149c9514@test.edu (candidate/approved, login=approved)
2026-09-27 02:35:14 | INFO     | exam.exam                    | Session 2b531fd9-4884-4b10-9803-e4c736aced2c started: exam='Exam 1a8c29' candidate=925a0d27-1e09-4c8e-9123-e576756eaa43 questions=4 expires=2026-09-26T21:35:14.139851+00:00
2026-09-27 02:35:14 | INFO     | exam.app                     | Shutdown complete
2026-09-27 02:35:14 | INFO     | exam.app                     | Starting AI-Based Intelligent Examination Platform (development)
2026-09-27 02:35:14 | INFO     | exam.app                     | Object storage ready: bucket exam-media
2026-09-27 02:35:14 | INFO     | exam.app                     | Session sweeper started (every 60s)
2026-09-27 02:35:14 | INFO     | exam.auth                    | Login: candidate-a7e51bb1@test.edu (candidate/approved, login=approved)
2026-09-27 02:35:14 | INFO     | exam.exam                    | Session dd1430ed-9b3e-4776-9ad3-12c6fcb90631 started: exam='Exam 94b815' candidate=eb60a96f-6c05-49df-ad43-4f375269638c questions=4 expires=2026-09-26T21:35:14.807755+00:00
2026-09-27 02:35:14 | INFO     | exam.app                     | Shutdown complete
2026-09-27 02:35:14 | INFO     | exam.app                     | Starting AI-Based Intelligent Examination Platform (development)
2026-09-27 02:35:14 | INFO     | exam.app                     | Object storage ready: bucket exam-media
2026-09-27 02:35:14 | INFO     | exam.app                     | Session sweeper started (every 60s)
2026-09-27 02:35:15 | INFO     | exam.auth                    | Login: candidate-f79e7cd7@test.edu (candidate/approved, login=approved)
2026-09-27 02:35:15 | INFO     | exam.exam                    | Session bd01189b-1cc3-4cb3-bca3-4c7676a51c67 started: exam='Exam 7b91f0' candidate=111b5350-af70-4364-92fc-b89b8622bd07 questions=4 expires=2026-09-26T21:35:15.884015+00:00
2026-09-27 02:35:16 | INFO     | exam.auth                    | Login: candidate-32af2bac@test.edu (candidate/approved, login=approved)
2026-09-27 02:35:16 | WARNING  | exam.auth                    | Exam token misuse: token for 111b5350-af70-4364-92fc-b89b8622bd07 presented by da17debd-e7eb-478b-a913-527f0c9456ba
2026-09-27 02:35:16 | INFO     | exam.app                     | Shutdown complete
2026-09-27 02:35:16 | INFO     | exam.app                     | Starting AI-Based Intelligent Examination Platform (development)
2026-09-27 02:35:16 | INFO     | exam.app                     | Object storage ready: bucket exam-media
2026-09-27 02:35:16 | INFO     | exam.app                     | Session sweeper started (every 60s)
2026-09-27 02:35:17 | INFO     | exam.auth                    | Login: candidate-d133cf9e@test.edu (candidate/approved, login=approved)
2026-09-27 02:35:17 | INFO     | exam.exam                    | Session a4e77600-dc49-4e0d-aef2-d9e0e0de5800 started: exam='Exam f3a1f8' candidate=db9c32e3-9d0d-4c0c-af78-4137355162d9 questions=4 expires=2026-09-26T21:35:17.392982+00:00
2026-09-27 02:35:17 | INFO     | exam.app                     | Shutdown complete
2026-09-27 02:35:17 | INFO     | exam.app                     | Starting AI-Based Intelligent Examination Platform (development)
2026-09-27 02:35:17 | INFO     | exam.app                     | Object storage ready: bucket exam-media
2026-09-27 02:35:17 | INFO     | exam.app                     | Session sweeper started (every 60s)
2026-09-27 02:35:18 | INFO     | exam.auth                    | Login: candidate-367649a3@test.edu (candidate/approved, login=approved)
2026-09-27 02:35:18 | INFO     | exam.exam                    | Session 64d12421-fe49-4785-afee-6be28e389910 started: exam='Exam 2bf8a5' candidate=5184ff4e-308e-44e9-a33c-997e0a06e76a questions=4 expires=2026-09-26T21:35:18.418529+00:00
2026-09-27 02:35:18 | INFO     | exam.app                     | Shutdown complete
2026-09-27 02:35:18 | INFO     | exam.app                     | Starting AI-Based Intelligent Examination Platform (development)
2026-09-27 02:35:18 | INFO     | exam.app                     | Object storage ready: bucket exam-media
2026-09-27 02:35:18 | INFO     | exam.app                     | Session sweeper started (every 60s)
2026-09-27 02:35:19 | INFO     | exam.auth                    | Login: candidate-155fef94@test.edu (candidate/approved, login=approved)
2026-09-27 02:35:19 | INFO     | exam.exam                    | Session abd92ee8-1794-4442-9317-a263e4ba7fc6 started: exam='Exam fc6cf1' candidate=830a2761-b9ca-4ca0-b066-954c013fe163 questions=4 expires=2026-09-26T21:35:19.331300+00:00
2026-09-27 02:35:19 | INFO     | exam.app                     | Shutdown complete
2026-09-27 02:35:19 | INFO     | exam.app                     | Starting AI-Based Intelligent Examination Platform (development)
2026-09-27 02:35:19 | INFO     | exam.app                     | Object storage ready: bucket exam-media
2026-09-27 02:35:19 | INFO     | exam.app                     | Session sweeper started (every 60s)
2026-09-27 02:35:20 | INFO     | exam.auth                    | Login: candidate-17c0dc3d@test.edu (candidate/approved, login=approved)
2026-09-27 02:35:20 | INFO     | exam.exam                    | Session 89cd3674-d884-40d7-90dd-587098e703ec started: exam='Exam 954716' candidate=eea87cca-c82e-44a5-8b0f-1dac7c374da7 questions=4 expires=2026-09-26T21:35:20.333342+00:00
2026-09-27 02:35:20 | WARNING  | exam.proctor                 | Session 89cd3674-d884-40d7-90dd-587098e703ec flagged: score=106.9 tab_switches=0 left_exam=0
2026-09-27 02:35:20 | INFO     | exam.exam                    | Session 89cd3674-d884-40d7-90dd-587098e703ec finalised as terminated: 0 auto-scored, 0 queued for review
2026-09-27 02:35:20 | WARNING  | exam.proctor                 | Session 89cd3674-d884-40d7-90dd-587098e703ec TERMINATED at score 106.9
2026-09-27 02:35:20 | INFO     | exam.app                     | Shutdown complete
2026-09-27 02:35:20 | INFO     | exam.app                     | Starting AI-Based Intelligent Examination Platform (development)
2026-09-27 02:35:20 | INFO     | exam.app                     | Object storage ready: bucket exam-media
2026-09-27 02:35:20 | INFO     | exam.app                     | Session sweeper started (every 60s)
2026-09-27 02:35:21 | INFO     | exam.auth                    | Login: candidate-3bb28cec@test.edu (candidate/approved, login=approved)
2026-09-27 02:35:21 | INFO     | exam.exam                    | Session 9634ca1f-38e1-4fa7-bb1e-d931f006beae started: exam='Exam 76de56' candidate=e4920b4e-73d4-4643-a541-20dd366bd93d questions=4 expires=2026-09-26T21:35:21.569444+00:00
2026-09-27 02:35:21 | INFO     | exam.auth                    | Login: examiner-445407ad@test.edu (examiner/approved)
2026-09-27 02:35:22 | INFO     | exam.app                     | Shutdown complete
2026-09-27 02:35:22 | INFO     | exam.app                     | Starting AI-Based Intelligent Examination Platform (development)
2026-09-27 02:35:22 | INFO     | exam.app                     | Object storage ready: bucket exam-media
2026-09-27 02:35:22 | INFO     | exam.app                     | Session sweeper started (every 60s)
2026-09-27 02:35:23 | INFO     | exam.auth                    | Login: candidate-06db13ac@test.edu (candidate/approved, login=approved)
2026-09-27 02:35:23 | INFO     | exam.exam                    | Session 0d306982-9ab4-492c-825f-1e632ff460b2 started: exam='Exam c3cffc' candidate=0cfe6f3b-43fd-4475-ba40-120d67fd326c questions=4 expires=2026-09-26T21:35:23.788450+00:00
2026-09-27 02:35:23 | WARNING  | exam.auth                    | Role denied: candidate-06db13ac@test.edu (candidate) tried a examiner/admin-only route
2026-09-27 02:35:23 | INFO     | exam.app                     | Shutdown complete
2026-09-27 02:35:23 | INFO     | exam.app                     | Starting AI-Based Intelligent Examination Platform (development)
2026-09-27 02:35:23 | INFO     | exam.app                     | Object storage ready: bucket exam-media
2026-09-27 02:35:23 | INFO     | exam.app                     | Session sweeper started (every 60s)
2026-09-27 02:35:24 | INFO     | exam.auth                    | Login: candidate-da2d05eb@test.edu (candidate/approved, login=approved)
2026-09-27 02:35:24 | INFO     | exam.exam                    | Session 2acc2766-714e-4058-b06f-40fbd504383d started: exam='Exam 671b4c' candidate=a323b0c1-b458-43cd-a1ab-47387a282104 questions=4 expires=2026-09-26T21:35:24.479891+00:00
2026-09-27 02:35:24 | INFO     | exam.exam                    | Session 2acc2766-714e-4058-b06f-40fbd504383d finalised as submitted: 3 auto-scored, 1 queued for review
2026-09-27 02:35:24 | INFO     | exam.app                     | Shutdown complete
2026-09-27 02:35:24 | INFO     | exam.app                     | Starting AI-Based Intelligent Examination Platform (development)
2026-09-27 02:35:24 | INFO     | exam.app                     | Object storage ready: bucket exam-media
2026-09-27 02:35:24 | INFO     | exam.app                     | Session sweeper started (every 60s)
2026-09-27 02:35:25 | INFO     | exam.auth                    | Login: candidate-fb42680c@test.edu (candidate/approved, login=approved)
2026-09-27 02:35:25 | INFO     | exam.exam                    | Session 2a75010b-7f09-4751-9200-b9edf80de354 started: exam='Exam cd062b' candidate=a02a7e9b-5ce3-49a0-96ef-47e72667d0d0 questions=4 expires=2026-09-26T21:35:25.534079+00:00
2026-09-27 02:35:25 | INFO     | exam.exam                    | Session 2a75010b-7f09-4751-9200-b9edf80de354 finalised as submitted: 0 auto-scored, 1 queued for review
2026-09-27 02:35:25 | INFO     | exam.exam                    | Graded 1 subjective answer(s) in session 2a75010b-7f09-4751-9200-b9edf80de354
2026-09-27 02:35:26 | INFO     | exam.auth                    | Login: examiner-2fa01256@test.edu (examiner/approved)
2026-09-27 02:35:26 | INFO     | exam.app                     | Shutdown complete
2026-09-27 02:35:26 | INFO     | exam.app                     | Starting AI-Based Intelligent Examination Platform (development)
2026-09-27 02:35:26 | INFO     | exam.app                     | Object storage ready: bucket exam-media
2026-09-27 02:35:26 | INFO     | exam.app                     | Session sweeper started (every 60s)
2026-09-27 02:35:27 | INFO     | exam.auth                    | Login: candidate-9b3d1717@test.edu (candidate/approved, login=approved)
2026-09-27 02:35:27 | INFO     | exam.exam                    | Session bed5c6ff-9cb2-4f2d-8a38-24ef09f708d7 started: exam='Exam 97d1a4' candidate=898dc6a2-e3bc-4150-80ac-dc8a4d0b5354 questions=4 expires=2026-09-26T21:35:27.984274+00:00
2026-09-27 02:35:28 | INFO     | exam.exam                    | Session bed5c6ff-9cb2-4f2d-8a38-24ef09f708d7 finalised as submitted: 0 auto-scored, 1 queued for review
2026-09-27 02:35:28 | INFO     | exam.exam                    | Graded 1 subjective answer(s) in session bed5c6ff-9cb2-4f2d-8a38-24ef09f708d7
2026-09-27 02:35:28 | INFO     | exam.auth                    | Login: examiner-6eb2154f@test.edu (examiner/approved)
2026-09-27 02:35:28 | INFO     | exam.grading                 | examiner-6eb2154f@test.edu graded answer 78f24c93-17bd-4c3f-b383-26a1c79e1a09: 0.60 -> 4.50/5.00
2026-09-27 02:35:28 | INFO     | exam.app                     | Shutdown complete
2026-09-27 02:35:28 | INFO     | exam.app                     | Starting AI-Based Intelligent Examination Platform (development)
2026-09-27 02:35:28 | INFO     | exam.app                     | Object storage ready: bucket exam-media
2026-09-27 02:35:28 | INFO     | exam.app                     | Session sweeper started (every 60s)
2026-09-27 02:35:29 | INFO     | exam.auth                    | Login: candidate-53620625@test.edu (candidate/approved, login=approved)
2026-09-27 02:35:29 | INFO     | exam.exam                    | Session 6ca79759-2b6d-4391-a3d8-6602376927d5 started: exam='Exam 07a043' candidate=d2344f61-6144-464e-8e08-b7fab7ca224c questions=4 expires=2026-09-26T21:35:29.313194+00:00
2026-09-27 02:35:29 | INFO     | exam.exam                    | Session 6ca79759-2b6d-4391-a3d8-6602376927d5 finalised as submitted: 0 auto-scored, 1 queued for review
2026-09-27 02:35:29 | INFO     | exam.exam                    | Graded 1 subjective answer(s) in session 6ca79759-2b6d-4391-a3d8-6602376927d5
2026-09-27 02:35:29 | INFO     | exam.auth                    | Login: examiner-958e7939@test.edu (examiner/approved)
2026-09-27 02:35:29 | INFO     | exam.app                     | Shutdown complete
2026-09-27 02:35:29 | INFO     | exam.app                     | Starting AI-Based Intelligent Examination Platform (development)
2026-09-27 02:35:29 | INFO     | exam.app                     | Object storage ready: bucket exam-media
2026-09-27 02:35:29 | INFO     | exam.app                     | Session sweeper started (every 60s)
2026-09-27 02:35:30 | INFO     | exam.auth                    | Login: candidate-1116ee24@test.edu (candidate/approved, login=approved)
2026-09-27 02:35:30 | INFO     | exam.exam                    | Session 33e4f4ac-31f1-487f-8346-00ffeb710bc6 started: exam='Exam 6c759c' candidate=b2b9e786-83c5-4ce1-b958-9beef9e2298e questions=4 expires=2026-09-26T21:35:30.474405+00:00
2026-09-27 02:35:30 | INFO     | exam.exam                    | Session 33e4f4ac-31f1-487f-8346-00ffeb710bc6 finalised as submitted: 0 auto-scored, 1 queued for review
2026-09-27 02:35:30 | INFO     | exam.auth                    | Login: examiner-0d4c2669@test.edu (examiner/approved)
2026-09-27 02:35:30 | INFO     | exam.app                     | Shutdown complete
2026-09-27 02:35:30 | INFO     | exam.app                     | Starting AI-Based Intelligent Examination Platform (development)
2026-09-27 02:35:30 | INFO     | exam.app                     | Object storage ready: bucket exam-media
2026-09-27 02:35:30 | INFO     | exam.app                     | Session sweeper started (every 60s)
2026-09-27 02:35:31 | INFO     | exam.auth                    | Login: candidate-5d2e4e4f@test.edu (candidate/approved, login=approved)
2026-09-27 02:35:31 | INFO     | exam.exam                    | Session aa424716-bf11-4a54-b35b-c196c2f8af52 started: exam='Exam 3c3acd' candidate=cf7317d3-6705-4b3a-afcf-ea4dd3b9eca7 questions=4 expires=2026-09-26T21:35:31.828886+00:00
2026-09-27 02:35:32 | INFO     | exam.exam                    | Session aa424716-bf11-4a54-b35b-c196c2f8af52 finalised as submitted: 3 auto-scored, 1 queued for review
2026-09-27 02:35:32 | INFO     | exam.exam                    | Graded 1 subjective answer(s) in session aa424716-bf11-4a54-b35b-c196c2f8af52
2026-09-27 02:35:32 | INFO     | exam.auth                    | Login: examiner-2598798a@test.edu (examiner/approved)
2026-09-27 02:35:32 | INFO     | exam.grading                 | examiner-2598798a@test.edu graded answer 5b7a84e7-c82d-4112-bea6-2966775cd667: 0.75 -> 3.00/5.00
2026-09-27 02:35:32 | INFO     | exam.grading                 | examiner-2598798a@test.edu published 1 result(s) for exam 'Exam 3c3acd' (0 withheld for malpractice)
2026-09-27 02:35:32 | INFO     | exam.app                     | Shutdown complete
2026-09-27 02:35:32 | INFO     | exam.app                     | Starting AI-Based Intelligent Examination Platform (development)
2026-09-27 02:35:32 | INFO     | exam.app                     | Object storage ready: bucket exam-media
2026-09-27 02:35:32 | INFO     | exam.app                     | Session sweeper started (every 60s)
2026-09-27 02:35:33 | INFO     | exam.auth                    | Login: candidate-4edcf77a@test.edu (candidate/approved, login=approved)
2026-09-27 02:35:33 | INFO     | exam.exam                    | Session e1cd434f-5e3a-4597-bc38-ba654dea70f7 started: exam='Exam f5e465' candidate=ccf8674f-cf7a-4b68-947f-53ef3f8ee74e questions=4 expires=2026-09-26T21:35:33.821715+00:00
2026-09-27 02:35:33 | INFO     | exam.exam                    | Session e1cd434f-5e3a-4597-bc38-ba654dea70f7 finalised as submitted: 0 auto-scored, 0 queued for review
2026-09-27 02:35:33 | INFO     | exam.exam                    | Graded 0 subjective answer(s) in session e1cd434f-5e3a-4597-bc38-ba654dea70f7
2026-09-27 02:35:34 | INFO     | exam.auth                    | Login: examiner-ea5cac66@test.edu (examiner/approved)
2026-09-27 02:35:34 | INFO     | exam.grading                 | examiner-ea5cac66@test.edu published 1 result(s) for exam 'Exam f5e465' (0 withheld for malpractice)
2026-09-27 02:35:35 | INFO     | exam.auth                    | Login: candidate-908ae57a@test.edu (candidate/approved, login=approved)
2026-09-27 02:35:35 | INFO     | exam.app                     | Shutdown complete
2026-09-27 02:35:35 | INFO     | exam.app                     | Starting AI-Based Intelligent Examination Platform (development)
2026-09-27 02:35:35 | INFO     | exam.app                     | Object storage ready: bucket exam-media
2026-09-27 02:35:35 | INFO     | exam.app                     | Session sweeper started (every 60s)
2026-09-27 02:35:35 | INFO     | exam.auth                    | Login: candidate-116482ee@test.edu (candidate/approved, login=approved)
2026-09-27 02:35:35 | INFO     | exam.exam                    | Session 981c6a48-37f4-4acd-981e-516e1e1bc027 started: exam='Exam 6090b7' candidate=9fcc03ca-ed81-46de-8326-088083a7d037 questions=4 expires=2026-09-26T21:35:35.893176+00:00
2026-09-27 02:35:35 | INFO     | exam.exam                    | Session 981c6a48-37f4-4acd-981e-516e1e1bc027 finalised as submitted: 0 auto-scored, 0 queued for review
2026-09-27 02:35:36 | INFO     | exam.app                     | Shutdown complete
2026-09-27 02:35:36 | INFO     | exam.app                     | Starting AI-Based Intelligent Examination Platform (development)
2026-09-27 02:35:36 | INFO     | exam.app                     | Object storage ready: bucket exam-media
2026-09-27 02:35:36 | INFO     | exam.app                     | Session sweeper started (every 60s)
2026-09-27 02:35:36 | INFO     | exam.auth                    | Login: examiner-bcb56234@test.edu (examiner/approved)
2026-09-27 02:35:36 | INFO     | exam.exams                   | examiner-bcb56234@test.edu created academic exam 'Tamil exam'
2026-09-27 02:35:36 | INFO     | exam.app                     | Shutdown complete
2026-09-27 02:35:36 | INFO     | exam.app                     | Starting AI-Based Intelligent Examination Platform (development)
2026-09-27 02:35:36 | INFO     | exam.app                     | Object storage ready: bucket exam-media
2026-09-27 02:35:36 | INFO     | exam.app                     | Session sweeper started (every 60s)
2026-09-27 02:35:37 | INFO     | exam.auth                    | Login: examiner-20c18d86@test.edu (examiner/approved)
2026-09-27 02:35:37 | INFO     | exam.app                     | Shutdown complete
2026-09-27 02:35:37 | INFO     | exam.app                     | Starting AI-Based Intelligent Examination Platform (development)
2026-09-27 02:35:37 | INFO     | exam.app                     | Object storage ready: bucket exam-media
2026-09-27 02:35:37 | INFO     | exam.app                     | Session sweeper started (every 60s)
2026-09-27 02:35:38 | INFO     | exam.auth                    | Login: examiner-4bd07410@test.edu (examiner/approved)
2026-09-27 02:35:38 | INFO     | exam.app                     | Shutdown complete
2026-09-27 02:35:38 | INFO     | exam.app                     | Starting AI-Based Intelligent Examination Platform (development)
2026-09-27 02:35:38 | INFO     | exam.app                     | Object storage ready: bucket exam-media
2026-09-27 02:35:38 | INFO     | exam.app                     | Session sweeper started (every 60s)
2026-09-27 02:35:39 | INFO     | exam.auth                    | Login: examiner-3b164a4f@test.edu (examiner/approved)
2026-09-27 02:35:39 | INFO     | exam.exams                   | examiner-3b164a4f@test.edu updated exam 58f1ba31-7b3b-4e72-af93-5da7d273287b
2026-09-27 02:35:39 | INFO     | exam.app                     | Shutdown complete
2026-09-27 02:35:39 | INFO     | exam.app                     | Starting AI-Based Intelligent Examination Platform (development)
2026-09-27 02:35:39 | INFO     | exam.app                     | Object storage ready: bucket exam-media
2026-09-27 02:35:39 | INFO     | exam.app                     | Session sweeper started (every 60s)
2026-09-27 02:35:40 | INFO     | exam.auth                    | Login: candidate-50db3c7f@test.edu (candidate/approved, login=approved)
2026-09-27 02:35:40 | INFO     | exam.exam                    | Session 2c3bd641-d77f-4eb5-9f32-1878d0bde61e started: exam='Exam 7d9f7f' candidate=986a752b-a97d-48a7-9dee-8d2a53b3ae5a questions=1 expires=2026-09-26T21:35:40.087092+00:00
2026-09-27 02:35:40 | INFO     | exam.app                     | Shutdown complete
2026-09-27 02:35:40 | INFO     | exam.app                     | Starting AI-Based Intelligent Examination Platform (development)
2026-09-27 02:35:40 | INFO     | exam.app                     | Object storage ready: bucket exam-media
2026-09-27 02:35:40 | INFO     | exam.app                     | Session sweeper started (every 60s)
2026-09-27 02:35:40 | INFO     | exam.auth                    | Login: candidate-89987e26@test.edu (candidate/approved, login=approved)
2026-09-27 02:35:40 | INFO     | exam.exam                    | Session 7a8dd892-ab3b-4716-9e9c-5284196c10a8 started: exam='Exam 4ab4b9' candidate=841d882c-9f31-4223-aab0-b4dfe8efa3cf questions=1 expires=2026-09-26T21:35:40.978371+00:00
2026-09-27 02:35:41 | INFO     | exam.app                     | Shutdown complete
2026-09-27 02:35:41 | INFO     | exam.app                     | Starting AI-Based Intelligent Examination Platform (development)
2026-09-27 02:35:41 | INFO     | exam.app                     | Object storage ready: bucket exam-media
2026-09-27 02:35:41 | INFO     | exam.app                     | Session sweeper started (every 60s)
2026-09-27 02:35:42 | INFO     | exam.auth                    | Login: candidate-c624f09b@test.edu (candidate/approved, login=approved)
2026-09-27 02:35:42 | INFO     | exam.exam                    | Session 803830c5-02a5-48d8-a9ee-623efdfd140d started: exam='Exam ff9b0a' candidate=7181bada-4103-40fd-a13d-4d5c84d976a4 questions=1 expires=2026-09-26T21:35:42.398000+00:00
2026-09-27 02:35:42 | INFO     | exam.app                     | Shutdown complete
2026-09-27 02:35:42 | INFO     | exam.app                     | Starting AI-Based Intelligent Examination Platform (development)
2026-09-27 02:35:42 | INFO     | exam.app                     | Object storage ready: bucket exam-media
2026-09-27 02:35:42 | INFO     | exam.app                     | Session sweeper started (every 60s)
2026-09-27 02:35:43 | INFO     | exam.auth                    | Login: candidate-411ff328@test.edu (candidate/approved, login=approved)
2026-09-27 02:35:43 | INFO     | exam.app                     | Shutdown complete
2026-09-27 02:35:43 | INFO     | exam.app                     | Starting AI-Based Intelligent Examination Platform (development)
2026-09-27 02:35:43 | INFO     | exam.app                     | Object storage ready: bucket exam-media
2026-09-27 02:35:43 | INFO     | exam.app                     | Session sweeper started (every 60s)
2026-09-27 02:35:44 | INFO     | exam.auth                    | Login: examiner-d40b3d62@test.edu (examiner/approved)
2026-09-27 02:35:44 | INFO     | exam.app                     | Shutdown complete
2026-09-27 02:35:44 | INFO     | exam.app                     | Starting AI-Based Intelligent Examination Platform (development)
2026-09-27 02:35:44 | INFO     | exam.app                     | Object storage ready: bucket exam-media
2026-09-27 02:35:44 | INFO     | exam.app                     | Session sweeper started (every 60s)
2026-09-27 02:35:45 | INFO     | exam.auth                    | Login: examiner-88f7a76b@test.edu (examiner/approved)
2026-09-27 02:35:45 | INFO     | exam.app                     | Shutdown complete
2026-09-27 02:35:45 | INFO     | exam.app                     | Starting AI-Based Intelligent Examination Platform (development)
2026-09-27 02:35:45 | INFO     | exam.app                     | Object storage ready: bucket exam-media
2026-09-27 02:35:45 | INFO     | exam.app                     | Session sweeper started (every 60s)
2026-09-27 02:35:45 | INFO     | exam.auth                    | Login: examiner-af29039c@test.edu (examiner/approved)
2026-09-27 02:35:45 | INFO     | exam.app                     | Shutdown complete
2026-09-27 02:35:45 | INFO     | exam.app                     | Starting AI-Based Intelligent Examination Platform (development)
2026-09-27 02:35:45 | INFO     | exam.app                     | Object storage ready: bucket exam-media
2026-09-27 02:35:45 | INFO     | exam.app                     | Session sweeper started (every 60s)
2026-09-27 02:35:46 | INFO     | exam.auth                    | Login: examiner-e7fcd6c2@test.edu (examiner/approved)
2026-09-27 02:35:46 | INFO     | exam.app                     | Shutdown complete
2026-09-27 02:35:46 | INFO     | exam.app                     | Starting AI-Based Intelligent Examination Platform (development)
2026-09-27 02:35:46 | INFO     | exam.app                     | Object storage ready: bucket exam-media
2026-09-27 02:35:46 | INFO     | exam.app                     | Session sweeper started (every 60s)
2026-09-27 02:35:46 | INFO     | exam.auth                    | Login: examiner-fb6539ff@test.edu (examiner/approved)
2026-09-27 02:35:46 | INFO     | exam.exams                   | examiner-fb6539ff@test.edu created academic exam 'Language/subject validation exam'
2026-09-27 02:35:46 | INFO     | exam.app                     | Shutdown complete
2026-09-27 02:35:46 | INFO     | exam.app                     | Starting AI-Based Intelligent Examination Platform (development)
2026-09-27 02:35:46 | INFO     | exam.app                     | Object storage ready: bucket exam-media
2026-09-27 02:35:46 | INFO     | exam.app                     | Session sweeper started (every 60s)
2026-09-27 02:35:46 | INFO     | exam.auth                    | Login: examiner-72d25c36@test.edu (examiner/approved)
2026-09-27 02:35:46 | INFO     | exam.exams                   | examiner-72d25c36@test.edu created academic exam 'Language/subject validation exam'
2026-09-27 02:35:46 | INFO     | exam.app                     | Shutdown complete
2026-09-27 02:35:46 | INFO     | exam.app                     | Starting AI-Based Intelligent Examination Platform (development)
2026-09-27 02:35:46 | INFO     | exam.app                     | Object storage ready: bucket exam-media
2026-09-27 02:35:46 | INFO     | exam.app                     | Session sweeper started (every 60s)
2026-09-27 02:35:46 | INFO     | exam.auth                    | Login: examiner-6c4c4af7@test.edu (examiner/approved)
2026-09-27 02:35:46 | INFO     | exam.exams                   | examiner-6c4c4af7@test.edu created academic exam 'Language/subject validation exam'
2026-09-27 02:35:47 | INFO     | exam.app                     | Shutdown complete
2026-09-27 02:35:47 | INFO     | exam.app                     | Starting AI-Based Intelligent Examination Platform (development)
2026-09-27 02:35:47 | INFO     | exam.app                     | Object storage ready: bucket exam-media
2026-09-27 02:35:47 | INFO     | exam.app                     | Session sweeper started (every 60s)
2026-09-27 02:35:47 | INFO     | exam.auth                    | Login: examiner-8b078206@test.edu (examiner/approved)
2026-09-27 02:35:47 | INFO     | exam.exams                   | examiner-8b078206@test.edu updated exam 149719f8-0980-4dcf-b44b-d25aa6d7e488
2026-09-27 02:35:47 | INFO     | exam.app                     | Shutdown complete
2026-09-27 02:35:47 | INFO     | exam.app                     | Starting AI-Based Intelligent Examination Platform (development)
2026-09-27 02:35:47 | INFO     | exam.app                     | Object storage ready: bucket exam-media
2026-09-27 02:35:47 | INFO     | exam.app                     | Session sweeper started (every 60s)
2026-09-27 02:35:47 | INFO     | exam.auth                    | Login: examiner-e4d85064@test.edu (examiner/approved)
2026-09-27 02:35:47 | INFO     | exam.exams                   | examiner-e4d85064@test.edu reordered the pool of exam 87d08cb9-3686-41b3-9844-ba2de5b6a6e4
2026-09-27 02:35:47 | INFO     | exam.app                     | Shutdown complete
2026-09-27 02:35:47 | INFO     | exam.app                     | Starting AI-Based Intelligent Examination Platform (development)
2026-09-27 02:35:47 | INFO     | exam.app                     | Object storage ready: bucket exam-media
2026-09-27 02:35:47 | INFO     | exam.app                     | Session sweeper started (every 60s)
2026-09-27 02:35:47 | INFO     | exam.auth                    | Login: examiner-7efcbcb9@test.edu (examiner/approved)
2026-09-27 02:35:47 | INFO     | exam.app                     | Shutdown complete
2026-09-27 02:35:47 | INFO     | exam.app                     | Starting AI-Based Intelligent Examination Platform (development)
2026-09-27 02:35:47 | INFO     | exam.app                     | Object storage ready: bucket exam-media
2026-09-27 02:35:47 | INFO     | exam.app                     | Session sweeper started (every 60s)
2026-09-27 02:35:48 | INFO     | exam.auth                    | Login: examiner-40c2e403@test.edu (examiner/approved)
2026-09-27 02:35:48 | INFO     | exam.app                     | Shutdown complete
2026-09-27 02:35:48 | INFO     | exam.app                     | Starting AI-Based Intelligent Examination Platform (development)
2026-09-27 02:35:48 | INFO     | exam.app                     | Object storage ready: bucket exam-media
2026-09-27 02:35:48 | INFO     | exam.app                     | Session sweeper started (every 60s)
2026-09-27 02:35:48 | INFO     | exam.auth                    | Login: examiner-1a3f583b@test.edu (examiner/approved)
2026-09-27 02:35:48 | INFO     | exam.exams                   | examiner-1a3f583b@test.edu updated exam 7c498aa6-04f3-408d-9b7c-f852279bdf00
2026-09-27 02:35:48 | INFO     | exam.exams                   | examiner-1a3f583b@test.edu added 1 question(s) to exam 7c498aa6-04f3-408d-9b7c-f852279bdf00
2026-09-27 02:35:48 | INFO     | exam.app                     | Shutdown complete
2026-09-27 02:35:48 | INFO     | exam.app                     | Starting AI-Based Intelligent Examination Platform (development)
2026-09-27 02:35:48 | INFO     | exam.app                     | Object storage ready: bucket exam-media
2026-09-27 02:35:48 | INFO     | exam.app                     | Session sweeper started (every 60s)
2026-09-27 02:35:48 | INFO     | exam.auth                    | Login: examiner-f420342d@test.edu (examiner/approved)
2026-09-27 02:35:48 | INFO     | exam.app                     | Shutdown complete
2026-09-27 02:35:48 | INFO     | exam.app                     | Starting AI-Based Intelligent Examination Platform (development)
2026-09-27 02:35:48 | INFO     | exam.app                     | Object storage ready: bucket exam-media
2026-09-27 02:35:48 | INFO     | exam.app                     | Session sweeper started (every 60s)
2026-09-27 02:35:48 | INFO     | exam.auth                    | Login: examiner-4ff55abd@test.edu (examiner/approved)
2026-09-27 02:35:48 | INFO     | exam.exams                   | examiner-4ff55abd@test.edu added 3 question(s) to exam d69b1f23-1fdc-41eb-98d5-061746f4f5e8
2026-09-27 02:35:48 | INFO     | exam.app                     | Shutdown complete
2026-09-27 02:35:48 | INFO     | exam.app                     | Starting AI-Based Intelligent Examination Platform (development)
2026-09-27 02:35:48 | INFO     | exam.app                     | Object storage ready: bucket exam-media
2026-09-27 02:35:48 | INFO     | exam.app                     | Session sweeper started (every 60s)
2026-09-27 02:35:49 | INFO     | exam.auth                    | Login: examiner-4895edb3@test.edu (examiner/approved)
2026-09-27 02:35:49 | INFO     | exam.exams                   | examiner-4895edb3@test.edu added 0 question(s) to exam 60dbc405-1619-49f9-827b-595a638f6376
2026-09-27 02:35:49 | INFO     | exam.app                     | Shutdown complete
2026-09-27 02:35:49 | INFO     | exam.app                     | Starting AI-Based Intelligent Examination Platform (development)
2026-09-27 02:35:49 | INFO     | exam.app                     | Object storage ready: bucket exam-media
2026-09-27 02:35:49 | INFO     | exam.app                     | Session sweeper started (every 60s)
2026-09-27 02:35:49 | INFO     | exam.auth                    | Login: examiner-a9a566bd@test.edu (examiner/approved)
2026-09-27 02:35:49 | INFO     | exam.auth                    | Login: candidate-792212eb@test.edu (candidate/approved, login=approved)
2026-09-27 02:35:49 | INFO     | exam.exam                    | Session e060bbc2-264e-46c6-a9c8-6d4bd6be3ff9 started: exam='Exam b227a1' candidate=32dcbb84-751e-4625-9d7c-e8e5a52e87fb questions=2 expires=2026-09-26T21:35:49.513898+00:00
2026-09-27 02:35:49 | INFO     | exam.app                     | Shutdown complete
2026-09-27 02:35:49 | INFO     | exam.app                     | Starting AI-Based Intelligent Examination Platform (development)
2026-09-27 02:35:49 | INFO     | exam.app                     | Object storage ready: bucket exam-media
2026-09-27 02:35:49 | INFO     | exam.app                     | Session sweeper started (every 60s)
2026-09-27 02:35:49 | INFO     | exam.auth                    | Login: examiner-f20febbd@test.edu (examiner/approved)
2026-09-27 02:35:49 | INFO     | exam.app                     | Shutdown complete
2026-09-27 02:35:49 | INFO     | exam.app                     | Starting AI-Based Intelligent Examination Platform (development)
2026-09-27 02:35:49 | INFO     | exam.app                     | Object storage ready: bucket exam-media
2026-09-27 02:35:49 | INFO     | exam.app                     | Session sweeper started (every 60s)
2026-09-27 02:35:50 | INFO     | exam.auth                    | Login: examiner-daf22d36@test.edu (examiner/approved)
2026-09-27 02:35:50 | INFO     | exam.app                     | Shutdown complete
2026-09-27 02:35:50 | INFO     | exam.app                     | Starting AI-Based Intelligent Examination Platform (development)
2026-09-27 02:35:50 | INFO     | exam.app                     | Object storage ready: bucket exam-media
2026-09-27 02:35:50 | INFO     | exam.app                     | Session sweeper started (every 60s)
2026-09-27 02:35:50 | INFO     | exam.auth                    | Login: examiner-4468f782@test.edu (examiner/approved)
2026-09-27 02:35:50 | INFO     | exam.questions               | examiner-4468f782@test.edu added a mcq question (bank)
2026-09-27 02:35:50 | INFO     | exam.app                     | Shutdown complete
2026-09-27 02:35:50 | INFO     | exam.app                     | Starting AI-Based Intelligent Examination Platform (development)
2026-09-27 02:35:50 | INFO     | exam.app                     | Object storage ready: bucket exam-media
2026-09-27 02:35:50 | INFO     | exam.app                     | Session sweeper started (every 60s)
2026-09-27 02:35:50 | INFO     | exam.auth                    | Login: examiner-443bcf0e@test.edu (examiner/approved)
2026-09-27 02:35:50 | INFO     | exam.questions               | examiner-443bcf0e@test.edu added a mcq question (exam-only)
2026-09-27 02:35:50 | INFO     | exam.app                     | Shutdown complete
2026-09-27 02:35:50 | INFO     | exam.app                     | Starting AI-Based Intelligent Examination Platform (development)
2026-09-27 02:35:50 | INFO     | exam.app                     | Object storage ready: bucket exam-media
2026-09-27 02:35:50 | INFO     | exam.app                     | Session sweeper started (every 60s)
2026-09-27 02:35:50 | INFO     | exam.auth                    | Login: examiner-3c6f0b1c@test.edu (examiner/approved)
2026-09-27 02:35:50 | INFO     | exam.questions               | examiner-3c6f0b1c@test.edu added a mcq question (exam-only)
2026-09-27 02:35:50 | INFO     | exam.app                     | Shutdown complete
2026-09-27 02:35:50 | INFO     | exam.app                     | Starting AI-Based Intelligent Examination Platform (development)
2026-09-27 02:35:50 | INFO     | exam.app                     | Object storage ready: bucket exam-media
2026-09-27 02:35:50 | INFO     | exam.app                     | Session sweeper started (every 60s)
2026-09-27 02:35:51 | INFO     | exam.auth                    | Login: examiner-28fa17c4@test.edu (examiner/approved)
2026-09-27 02:35:51 | INFO     | exam.app                     | Shutdown complete
2026-09-27 02:35:51 | INFO     | exam.app                     | Starting AI-Based Intelligent Examination Platform (development)
2026-09-27 02:35:51 | INFO     | exam.app                     | Object storage ready: bucket exam-media
2026-09-27 02:35:51 | INFO     | exam.app                     | Session sweeper started (every 60s)
2026-09-27 02:35:51 | INFO     | exam.auth                    | Login: examiner-c48b3a9b@test.edu (examiner/approved)
2026-09-27 02:35:51 | INFO     | exam.app                     | Shutdown complete
2026-09-27 02:35:51 | INFO     | exam.app                     | Starting AI-Based Intelligent Examination Platform (development)
2026-09-27 02:35:51 | INFO     | exam.app                     | Object storage ready: bucket exam-media
2026-09-27 02:35:51 | INFO     | exam.app                     | Session sweeper started (every 60s)
2026-09-27 02:35:51 | INFO     | exam.auth                    | Login: examiner-d2a0b759@test.edu (examiner/approved)
2026-09-27 02:35:51 | INFO     | exam.questions               | examiner-d2a0b759@test.edu added a mcq question (bank)
2026-09-27 02:35:51 | INFO     | exam.exams                   | examiner-d2a0b759@test.edu added 1 question(s) to exam 01b33d4e-f8f8-4ae8-810a-391790ed4cfa
2026-09-27 02:35:51 | INFO     | exam.app                     | Shutdown complete
2026-09-27 02:35:51 | INFO     | exam.app                     | Starting AI-Based Intelligent Examination Platform (development)
2026-09-27 02:35:51 | INFO     | exam.app                     | Object storage ready: bucket exam-media
2026-09-27 02:35:51 | INFO     | exam.app                     | Session sweeper started (every 60s)
2026-09-27 02:35:51 | INFO     | exam.auth                    | Login: examiner-98b0167b@test.edu (examiner/approved)
2026-09-27 02:35:51 | INFO     | exam.app                     | Shutdown complete
2026-09-27 02:35:52 | INFO     | exam.app                     | Starting AI-Based Intelligent Examination Platform (development)
2026-09-27 02:35:52 | INFO     | exam.app                     | Object storage ready: bucket exam-media
2026-09-27 02:35:52 | INFO     | exam.app                     | Session sweeper started (every 60s)
2026-09-27 02:35:52 | INFO     | exam.auth                    | Login: examiner-0ab7cca1@test.edu (examiner/approved)
2026-09-27 02:35:52 | INFO     | exam.app                     | Shutdown complete
2026-09-27 02:35:52 | INFO     | exam.app                     | Starting AI-Based Intelligent Examination Platform (development)
2026-09-27 02:35:52 | INFO     | exam.app                     | Object storage ready: bucket exam-media
2026-09-27 02:35:52 | INFO     | exam.app                     | Session sweeper started (every 60s)
2026-09-27 02:35:52 | INFO     | exam.auth                    | Login: examiner-9484b65e@test.edu (examiner/approved)
2026-09-27 02:35:52 | INFO     | exam.app                     | Shutdown complete
2026-09-27 02:35:52 | INFO     | exam.app                     | Starting AI-Based Intelligent Examination Platform (development)
2026-09-27 02:35:52 | INFO     | exam.app                     | Object storage ready: bucket exam-media
2026-09-27 02:35:52 | INFO     | exam.app                     | Session sweeper started (every 60s)
2026-09-27 02:35:52 | INFO     | exam.auth                    | Login: admin-7a2b246d@test.edu (admin/approved)
2026-09-27 02:35:52 | INFO     | exam.questions               | admin-7a2b246d@test.edu updated question a0e6e731-0192-42c9-8912-d0a622061be7
2026-09-27 02:35:52 | INFO     | exam.app                     | Shutdown complete
2026-09-27 02:35:52 | INFO     | exam.app                     | Starting AI-Based Intelligent Examination Platform (development)
2026-09-27 02:35:52 | INFO     | exam.app                     | Object storage ready: bucket exam-media
2026-09-27 02:35:52 | INFO     | exam.app                     | Session sweeper started (every 60s)
2026-09-27 02:35:53 | INFO     | exam.auth                    | Login: examiner-a4d8b0d8@test.edu (examiner/approved)
2026-09-27 02:35:53 | INFO     | exam.questions               | examiner-a4d8b0d8@test.edu duplicated question 938c6472-7b50-4860-bc69-238cdb74e53f
2026-09-27 02:35:53 | INFO     | exam.app                     | Shutdown complete
2026-09-27 02:35:53 | INFO     | exam.app                     | Starting AI-Based Intelligent Examination Platform (development)
2026-09-27 02:35:53 | INFO     | exam.app                     | Object storage ready: bucket exam-media
2026-09-27 02:35:53 | INFO     | exam.app                     | Session sweeper started (every 60s)
2026-09-27 02:35:53 | INFO     | exam.auth                    | Login: examiner-950519d2@test.edu (examiner/approved)
2026-09-27 02:35:53 | INFO     | exam.questions               | examiner-950519d2@test.edu duplicated question 7aed2d8d-0a47-49ca-b87e-15bd3d794a0a
2026-09-27 02:35:53 | INFO     | exam.app                     | Shutdown complete
2026-09-27 02:35:53 | INFO     | exam.app                     | Starting AI-Based Intelligent Examination Platform (development)
2026-09-27 02:35:53 | INFO     | exam.app                     | Object storage ready: bucket exam-media
2026-09-27 02:35:53 | INFO     | exam.app                     | Session sweeper started (every 60s)
2026-09-27 02:35:53 | INFO     | exam.auth                    | Login: examiner-80feb7bc@test.edu (examiner/approved)
2026-09-27 02:35:54 | INFO     | exam.app                     | Shutdown complete
2026-09-27 02:35:54 | INFO     | exam.app                     | Starting AI-Based Intelligent Examination Platform (development)
2026-09-27 02:35:54 | INFO     | exam.app                     | Object storage ready: bucket exam-media
2026-09-27 02:35:54 | INFO     | exam.app                     | Session sweeper started (every 60s)
2026-09-27 02:35:54 | INFO     | exam.auth                    | Login: examiner-1d6901d0@test.edu (examiner/approved)
2026-09-27 02:35:54 | INFO     | exam.app                     | Shutdown complete
2026-09-27 02:35:54 | INFO     | exam.app                     | Starting AI-Based Intelligent Examination Platform (development)
2026-09-27 02:35:54 | INFO     | exam.app                     | Object storage ready: bucket exam-media
2026-09-27 02:35:54 | INFO     | exam.app                     | Session sweeper started (every 60s)
2026-09-27 02:35:54 | INFO     | exam.auth                    | Login: examiner-df2b9d24@test.edu (examiner/approved)
2026-09-27 02:35:54 | INFO     | exam.app                     | Shutdown complete
2026-09-27 02:35:54 | INFO     | exam.app                     | Starting AI-Based Intelligent Examination Platform (development)
2026-09-27 02:35:54 | INFO     | exam.app                     | Object storage ready: bucket exam-media
2026-09-27 02:35:54 | INFO     | exam.app                     | Session sweeper started (every 60s)
2026-09-27 02:35:54 | INFO     | exam.auth                    | Login: examiner-a40e5cf3@test.edu (examiner/approved)
2026-09-27 02:35:54 | INFO     | exam.questions               | examiner-a40e5cf3@test.edu added a true_false question (exam-only)
2026-09-27 02:35:55 | WARNING  | exam.exams                   | examiner-a40e5cf3@test.edu deleted exam 'Exam 1dffd0'
2026-09-27 02:35:55 | INFO     | exam.app                     | Shutdown complete
2026-09-27 02:35:55 | INFO     | exam.app                     | Starting AI-Based Intelligent Examination Platform (development)
2026-09-27 02:35:55 | INFO     | exam.app                     | Object storage ready: bucket exam-media
2026-09-27 02:35:55 | INFO     | exam.app                     | Session sweeper started (every 60s)
2026-09-27 02:35:55 | INFO     | exam.auth                    | Login: examiner-6ee4642a@test.edu (examiner/approved)
2026-09-27 02:35:55 | INFO     | exam.app                     | Shutdown complete
2026-09-27 02:35:55 | INFO     | exam.app                     | Starting AI-Based Intelligent Examination Platform (development)
2026-09-27 02:35:55 | INFO     | exam.app                     | Object storage ready: bucket exam-media
2026-09-27 02:35:55 | INFO     | exam.app                     | Session sweeper started (every 60s)
2026-09-27 02:35:55 | INFO     | exam.auth                    | Login: examiner-1ff1e118@test.edu (examiner/approved)
2026-09-27 02:35:55 | INFO     | exam.app                     | Shutdown complete
2026-09-27 02:35:55 | INFO     | exam.app                     | Starting AI-Based Intelligent Examination Platform (development)
2026-09-27 02:35:55 | INFO     | exam.app                     | Object storage ready: bucket exam-media
2026-09-27 02:35:55 | INFO     | exam.app                     | Session sweeper started (every 60s)
2026-09-27 02:35:56 | INFO     | exam.auth                    | Login: examiner-d9441620@test.edu (examiner/approved)
2026-09-27 02:35:56 | INFO     | exam.app                     | Shutdown complete
2026-09-27 02:35:56 | INFO     | exam.app                     | Starting AI-Based Intelligent Examination Platform (development)
2026-09-27 02:35:56 | INFO     | exam.app                     | Object storage ready: bucket exam-media
2026-09-27 02:35:56 | INFO     | exam.app                     | Session sweeper started (every 60s)
2026-09-27 02:35:56 | INFO     | exam.auth                    | Login: examiner-db7122cc@test.edu (examiner/approved)
2026-09-27 02:35:56 | INFO     | exam.app                     | Shutdown complete
2026-09-27 02:35:56 | INFO     | exam.app                     | Starting AI-Based Intelligent Examination Platform (development)
2026-09-27 02:35:56 | INFO     | exam.app                     | Object storage ready: bucket exam-media
2026-09-27 02:35:56 | INFO     | exam.app                     | Session sweeper started (every 60s)
2026-09-27 02:35:56 | INFO     | exam.auth                    | Login: examiner-6cf145a8@test.edu (examiner/approved)
2026-09-27 02:35:56 | INFO     | exam.auth                    | Login: examiner-2405bb8c@test.edu (examiner/approved)
2026-09-27 02:35:57 | INFO     | exam.app                     | Shutdown complete
2026-09-27 02:35:57 | INFO     | exam.app                     | Starting AI-Based Intelligent Examination Platform (development)
2026-09-27 02:35:57 | INFO     | exam.app                     | Object storage ready: bucket exam-media
2026-09-27 02:35:57 | INFO     | exam.app                     | Session sweeper started (every 60s)
2026-09-27 02:35:57 | INFO     | exam.auth                    | Login: admin-b8a2cd24@test.edu (admin/approved)
2026-09-27 02:35:57 | INFO     | exam.app                     | Shutdown complete
2026-09-27 02:35:57 | INFO     | exam.app                     | Starting AI-Based Intelligent Examination Platform (development)
2026-09-27 02:35:57 | INFO     | exam.app                     | Object storage ready: bucket exam-media
2026-09-27 02:35:57 | INFO     | exam.app                     | Session sweeper started (every 60s)
2026-09-27 02:35:58 | INFO     | exam.auth                    | Login: examiner-b6556156@test.edu (examiner/approved)
2026-09-27 02:35:58 | INFO     | exam.app                     | Shutdown complete
2026-09-27 02:35:58 | INFO     | exam.app                     | Starting AI-Based Intelligent Examination Platform (development)
2026-09-27 02:35:58 | INFO     | exam.app                     | Object storage ready: bucket exam-media
2026-09-27 02:35:58 | INFO     | exam.app                     | Session sweeper started (every 60s)
2026-09-27 02:35:58 | INFO     | exam.auth                    | Login: examiner-f016ee2b@test.edu (examiner/approved)
2026-09-27 02:35:58 | INFO     | exam.app                     | Shutdown complete
2026-09-27 02:35:58 | INFO     | exam.app                     | Starting AI-Based Intelligent Examination Platform (development)
2026-09-27 02:35:58 | INFO     | exam.app                     | Object storage ready: bucket exam-media
2026-09-27 02:35:58 | INFO     | exam.app                     | Session sweeper started (every 60s)
2026-09-27 02:35:59 | INFO     | exam.auth                    | Login: examiner-5d9bccfa@test.edu (examiner/approved)
2026-09-27 02:35:59 | INFO     | exam.app                     | Shutdown complete
2026-09-27 02:35:59 | INFO     | exam.app                     | Starting AI-Based Intelligent Examination Platform (development)
2026-09-27 02:35:59 | INFO     | exam.app                     | Object storage ready: bucket exam-media
2026-09-27 02:35:59 | INFO     | exam.app                     | Session sweeper started (every 60s)
2026-09-27 02:35:59 | INFO     | exam.auth                    | Login: examiner-8d71677f@test.edu (examiner/approved)
2026-09-27 02:35:59 | INFO     | exam.app                     | Shutdown complete
2026-09-27 02:35:59 | INFO     | exam.app                     | Starting AI-Based Intelligent Examination Platform (development)
2026-09-27 02:35:59 | INFO     | exam.app                     | Object storage ready: bucket exam-media
2026-09-27 02:35:59 | INFO     | exam.app                     | Session sweeper started (every 60s)
2026-09-27 02:35:59 | INFO     | exam.auth                    | Login: examiner-2a91c94a@test.edu (examiner/approved)
2026-09-27 02:35:59 | INFO     | exam.app                     | Shutdown complete
2026-09-27 02:35:59 | INFO     | exam.app                     | Starting AI-Based Intelligent Examination Platform (development)
2026-09-27 02:35:59 | INFO     | exam.app                     | Object storage ready: bucket exam-media
2026-09-27 02:35:59 | INFO     | exam.app                     | Session sweeper started (every 60s)
2026-09-27 02:36:00 | INFO     | exam.auth                    | Login: examiner-cc20bb3e@test.edu (examiner/approved)
2026-09-27 02:36:00 | INFO     | exam.app                     | Shutdown complete
2026-09-27 02:36:00 | INFO     | exam.app                     | Starting AI-Based Intelligent Examination Platform (development)
2026-09-27 02:36:00 | INFO     | exam.app                     | Object storage ready: bucket exam-media
2026-09-27 02:36:00 | INFO     | exam.app                     | Session sweeper started (every 60s)
2026-09-27 02:36:00 | INFO     | exam.auth                    | Login: examiner-e539abeb@test.edu (examiner/approved)
2026-09-27 02:36:00 | INFO     | exam.app                     | Shutdown complete
2026-09-27 02:36:00 | INFO     | exam.app                     | Starting AI-Based Intelligent Examination Platform (development)
2026-09-27 02:36:00 | INFO     | exam.app                     | Object storage ready: bucket exam-media
2026-09-27 02:36:00 | INFO     | exam.app                     | Session sweeper started (every 60s)
2026-09-27 02:36:01 | INFO     | exam.auth                    | Login: examiner-5dc111c4@test.edu (examiner/approved)
2026-09-27 02:36:01 | INFO     | exam.app                     | Shutdown complete
2026-09-27 02:36:01 | INFO     | exam.app                     | Starting AI-Based Intelligent Examination Platform (development)
2026-09-27 02:36:01 | INFO     | exam.app                     | Object storage ready: bucket exam-media
2026-09-27 02:36:01 | INFO     | exam.app                     | Session sweeper started (every 60s)
2026-09-27 02:36:01 | INFO     | exam.auth                    | Login: examiner-169724ff@test.edu (examiner/approved)
2026-09-27 02:36:01 | INFO     | exam.app                     | Shutdown complete
2026-09-27 02:36:01 | INFO     | exam.app                     | Starting AI-Based Intelligent Examination Platform (development)
2026-09-27 02:36:01 | INFO     | exam.app                     | Object storage ready: bucket exam-media
2026-09-27 02:36:01 | INFO     | exam.app                     | Session sweeper started (every 60s)
2026-09-27 02:36:02 | INFO     | exam.auth                    | Login: examiner-6d45502f@test.edu (examiner/approved)
2026-09-27 02:36:02 | INFO     | exam.app                     | Shutdown complete
2026-09-27 02:36:02 | INFO     | exam.app                     | Starting AI-Based Intelligent Examination Platform (development)
2026-09-27 02:36:02 | INFO     | exam.app                     | Object storage ready: bucket exam-media
2026-09-27 02:36:02 | INFO     | exam.app                     | Session sweeper started (every 60s)
2026-09-27 02:36:02 | INFO     | exam.auth                    | Login: examiner-2be817fa@test.edu (examiner/approved)
2026-09-27 02:36:02 | INFO     | exam.app                     | Shutdown complete
2026-09-27 02:36:02 | INFO     | exam.app                     | Starting AI-Based Intelligent Examination Platform (development)
2026-09-27 02:36:02 | INFO     | exam.app                     | Object storage ready: bucket exam-media
2026-09-27 02:36:02 | INFO     | exam.app                     | Session sweeper started (every 60s)
2026-09-27 02:36:03 | INFO     | exam.auth                    | Login: admin-02d5f45b@test.edu (admin/approved)
2026-09-27 02:36:03 | INFO     | exam.app                     | Shutdown complete
2026-09-27 02:36:03 | INFO     | exam.app                     | Starting AI-Based Intelligent Examination Platform (development)
2026-09-27 02:36:03 | INFO     | exam.app                     | Object storage ready: bucket exam-media
2026-09-27 02:36:03 | INFO     | exam.app                     | Session sweeper started (every 60s)
2026-09-27 02:36:03 | INFO     | exam.auth                    | Login: examiner-b26582de@test.edu (examiner/approved)
2026-09-27 02:36:03 | INFO     | exam.app                     | Shutdown complete
2026-09-27 02:36:03 | INFO     | exam.app                     | Starting AI-Based Intelligent Examination Platform (development)
2026-09-27 02:36:03 | INFO     | exam.app                     | Object storage ready: bucket exam-media
2026-09-27 02:36:03 | INFO     | exam.app                     | Session sweeper started (every 60s)
2026-09-27 02:36:03 | INFO     | exam.auth                    | Login: candidate-8c9aa46d@test.edu (candidate/approved, login=approved)
2026-09-27 02:36:03 | WARNING  | exam.auth                    | Role denied: candidate-8c9aa46d@test.edu (candidate) tried a examiner/admin-only route
2026-09-27 02:36:03 | INFO     | exam.app                     | Shutdown complete
2026-09-27 02:36:03 | INFO     | exam.app                     | Starting AI-Based Intelligent Examination Platform (development)
2026-09-27 02:36:03 | INFO     | exam.app                     | Object storage ready: bucket exam-media
2026-09-27 02:36:03 | INFO     | exam.app                     | Session sweeper started (every 60s)
2026-09-27 02:36:04 | INFO     | exam.auth                    | Login: candidate-8ab6c4a5@test.edu (candidate/approved, login=approved)
2026-09-27 02:36:04 | INFO     | exam.exam                    | Session ebc94b19-c53a-4132-adcb-3850c5adeabf started: exam='Exam 770a3e' candidate=a6d2b905-2fdc-4310-8097-e32ae01eba23 questions=2 expires=2026-09-26T21:36:04.237366+00:00
2026-09-27 02:36:04 | INFO     | exam.auth                    | Login: candidate-8ab6c4a5@test.edu (candidate/approved, login=approved)
2026-09-27 02:36:04 | INFO     | exam.app                     | Shutdown complete
2026-09-27 02:36:04 | INFO     | exam.app                     | Starting AI-Based Intelligent Examination Platform (development)
2026-09-27 02:36:04 | INFO     | exam.app                     | Object storage ready: bucket exam-media
2026-09-27 02:36:04 | INFO     | exam.app                     | Session sweeper started (every 60s)
2026-09-27 02:36:04 | INFO     | exam.auth                    | Login: candidate-1648c6ff@test.edu (candidate/approved, login=approved)
2026-09-27 02:36:04 | INFO     | exam.exam                    | Session 3231a7aa-6c83-48a2-ab41-77f380b3c278 started: exam='Exam 1774f7' candidate=ffb181b6-c266-4282-8e6d-d7f34290b1ff questions=2 expires=2026-09-26T21:36:04.743757+00:00
2026-09-27 02:36:04 | INFO     | exam.auth                    | Login: candidate-1648c6ff@test.edu (candidate/approved, login=approved)
2026-09-27 02:36:04 | INFO     | exam.app                     | Shutdown complete
2026-09-27 02:36:04 | INFO     | exam.app                     | Starting AI-Based Intelligent Examination Platform (development)
2026-09-27 02:36:04 | INFO     | exam.app                     | Object storage ready: bucket exam-media
2026-09-27 02:36:04 | INFO     | exam.app                     | Session sweeper started (every 60s)
2026-09-27 02:36:05 | INFO     | exam.auth                    | Login: candidate-8a53208c@test.edu (candidate/approved, login=approved)
2026-09-27 02:36:05 | INFO     | exam.exam                    | Session 383ebce5-7ee3-4ea1-ac67-01378c183263 started: exam='Exam 3fcd3a' candidate=cde488e8-5f2a-43c6-ac8d-74fc07b80b82 questions=2 expires=2026-09-26T21:36:05.260104+00:00
2026-09-27 02:36:05 | INFO     | exam.auth                    | Login: candidate-8a53208c@test.edu (candidate/approved, login=approved)
2026-09-27 02:36:05 | WARNING  | exam.proctor                 | Session 383ebce5-7ee3-4ea1-ac67-01378c183263 flagged: score=23.1 tab_switches=3 left_exam=3
2026-09-27 02:36:05 | INFO     | exam.exam                    | Session 383ebce5-7ee3-4ea1-ac67-01378c183263 finalised as auto_submitted: 0 auto-scored, 0 queued for review
2026-09-27 02:36:05 | WARNING  | exam.proctor                 | Session 383ebce5-7ee3-4ea1-ac67-01378c183263 AUTO-SUBMITTED after 3 focus violation(s)
2026-09-27 02:36:05 | INFO     | exam.app                     | Shutdown complete
2026-09-27 02:36:05 | INFO     | exam.app                     | Starting AI-Based Intelligent Examination Platform (development)
2026-09-27 02:36:05 | INFO     | exam.app                     | Object storage ready: bucket exam-media
2026-09-27 02:36:05 | INFO     | exam.app                     | Session sweeper started (every 60s)
2026-09-27 02:36:05 | INFO     | exam.auth                    | Login: candidate-8ca69725@test.edu (candidate/approved, login=approved)
2026-09-27 02:36:05 | INFO     | exam.exam                    | Session de36b8ff-6cff-4abf-870e-6f29b7f2febc started: exam='Exam d7f8a9' candidate=7276eb56-90df-492f-b579-c339cd2815b0 questions=2 expires=2026-09-26T21:36:05.918790+00:00
2026-09-27 02:36:06 | INFO     | exam.auth                    | Login: candidate-8ca69725@test.edu (candidate/approved, login=approved)
2026-09-27 02:36:06 | WARNING  | exam.proctor                 | Session de36b8ff-6cff-4abf-870e-6f29b7f2febc flagged: score=24.0 tab_switches=1 left_exam=3
2026-09-27 02:36:06 | INFO     | exam.exam                    | Session de36b8ff-6cff-4abf-870e-6f29b7f2febc finalised as auto_submitted: 0 auto-scored, 0 queued for review
2026-09-27 02:36:06 | WARNING  | exam.proctor                 | Session de36b8ff-6cff-4abf-870e-6f29b7f2febc AUTO-SUBMITTED after 3 focus violation(s)
2026-09-27 02:36:06 | INFO     | exam.app                     | Shutdown complete
2026-09-27 02:36:06 | INFO     | exam.app                     | Starting AI-Based Intelligent Examination Platform (development)
2026-09-27 02:36:06 | INFO     | exam.app                     | Object storage ready: bucket exam-media
2026-09-27 02:36:06 | INFO     | exam.app                     | Session sweeper started (every 60s)
2026-09-27 02:36:06 | INFO     | exam.auth                    | Login: candidate-7da11d4d@test.edu (candidate/approved, login=approved)
2026-09-27 02:36:06 | INFO     | exam.exam                    | Session c3d0b046-4a8f-4e34-810a-57ca90681cf3 started: exam='Exam d7da67' candidate=0fdecf9c-4f32-42a5-9814-c2bd7f2b8a7e questions=2 expires=2026-09-26T21:36:06.650614+00:00
2026-09-27 02:36:06 | INFO     | exam.auth                    | Login: candidate-7da11d4d@test.edu (candidate/approved, login=approved)
2026-09-27 02:36:06 | WARNING  | exam.proctor                 | Session c3d0b046-4a8f-4e34-810a-57ca90681cf3 flagged: score=23.1 tab_switches=3 left_exam=3
2026-09-27 02:36:06 | INFO     | exam.exam                    | Session c3d0b046-4a8f-4e34-810a-57ca90681cf3 finalised as auto_submitted: 0 auto-scored, 0 queued for review
2026-09-27 02:36:06 | WARNING  | exam.proctor                 | Session c3d0b046-4a8f-4e34-810a-57ca90681cf3 AUTO-SUBMITTED after 3 focus violation(s)
2026-09-27 02:36:07 | INFO     | exam.app                     | Shutdown complete
2026-09-27 02:36:07 | INFO     | exam.app                     | Starting AI-Based Intelligent Examination Platform (development)
2026-09-27 02:36:07 | INFO     | exam.app                     | Object storage ready: bucket exam-media
2026-09-27 02:36:07 | INFO     | exam.app                     | Session sweeper started (every 60s)
2026-09-27 02:36:07 | INFO     | exam.auth                    | Login: candidate-52c3698d@test.edu (candidate/approved, login=approved)
2026-09-27 02:36:07 | INFO     | exam.exam                    | Session fe2e9861-4e64-4b9e-806c-470f367eac7a started: exam='Exam fae0af' candidate=7f9594e7-e5b9-4003-a62d-ae293a44ce36 questions=2 expires=2026-09-26T21:36:07.427342+00:00
2026-09-27 02:36:07 | INFO     | exam.auth                    | Login: candidate-52c3698d@test.edu (candidate/approved, login=approved)
2026-09-27 02:36:07 | WARNING  | exam.proctor                 | Session fe2e9861-4e64-4b9e-806c-470f367eac7a flagged: score=23.1 tab_switches=3 left_exam=3
2026-09-27 02:36:07 | INFO     | exam.exam                    | Session fe2e9861-4e64-4b9e-806c-470f367eac7a finalised as auto_submitted: 1 auto-scored, 1 queued for review
2026-09-27 02:36:07 | WARNING  | exam.proctor                 | Session fe2e9861-4e64-4b9e-806c-470f367eac7a AUTO-SUBMITTED after 3 focus violation(s)
2026-09-27 02:36:07 | INFO     | exam.app                     | Shutdown complete
2026-09-27 02:36:07 | INFO     | exam.app                     | Starting AI-Based Intelligent Examination Platform (development)
2026-09-27 02:36:07 | INFO     | exam.app                     | Object storage ready: bucket exam-media
2026-09-27 02:36:07 | INFO     | exam.app                     | Session sweeper started (every 60s)
2026-09-27 02:36:08 | INFO     | exam.auth                    | Login: candidate-f148ae0d@test.edu (candidate/approved, login=approved)
2026-09-27 02:36:08 | INFO     | exam.exam                    | Session ac2f48e4-cdb6-4c95-8bf7-f528069825ce started: exam='Exam 651e32' candidate=798e063c-4dec-475c-b683-ea9d48d1d915 questions=2 expires=2026-09-26T21:36:08.145541+00:00
2026-09-27 02:36:08 | INFO     | exam.auth                    | Login: candidate-f148ae0d@test.edu (candidate/approved, login=approved)
2026-09-27 02:36:08 | WARNING  | exam.proctor                 | Session ac2f48e4-cdb6-4c95-8bf7-f528069825ce flagged: score=23.1 tab_switches=3 left_exam=3
2026-09-27 02:36:08 | INFO     | exam.exam                    | Session ac2f48e4-cdb6-4c95-8bf7-f528069825ce finalised as auto_submitted: 1 auto-scored, 1 queued for review
2026-09-27 02:36:08 | WARNING  | exam.proctor                 | Session ac2f48e4-cdb6-4c95-8bf7-f528069825ce AUTO-SUBMITTED after 3 focus violation(s)
2026-09-27 02:36:08 | INFO     | exam.app                     | Shutdown complete
2026-09-27 02:36:08 | INFO     | exam.app                     | Starting AI-Based Intelligent Examination Platform (development)
2026-09-27 02:36:08 | INFO     | exam.app                     | Object storage ready: bucket exam-media
2026-09-27 02:36:08 | INFO     | exam.app                     | Session sweeper started (every 60s)
2026-09-27 02:36:08 | INFO     | exam.auth                    | Login: candidate-6870d11a@test.edu (candidate/approved, login=approved)
2026-09-27 02:36:08 | INFO     | exam.exam                    | Session 49d61041-15f6-43a5-8b53-68c6bd938af5 started: exam='Exam 7e90bc' candidate=77c17769-931e-4e33-8303-a70dad54398b questions=2 expires=2026-09-26T21:36:08.820359+00:00
2026-09-27 02:36:08 | INFO     | exam.auth                    | Login: candidate-6870d11a@test.edu (candidate/approved, login=approved)
2026-09-27 02:36:09 | WARNING  | exam.proctor                 | Session 49d61041-15f6-43a5-8b53-68c6bd938af5 flagged: score=23.1 tab_switches=3 left_exam=3
2026-09-27 02:36:09 | INFO     | exam.exam                    | Session 49d61041-15f6-43a5-8b53-68c6bd938af5 finalised as auto_submitted: 1 auto-scored, 1 queued for review
2026-09-27 02:36:09 | WARNING  | exam.proctor                 | Session 49d61041-15f6-43a5-8b53-68c6bd938af5 AUTO-SUBMITTED after 3 focus violation(s)
2026-09-27 02:36:09 | INFO     | exam.app                     | Shutdown complete
2026-09-27 02:36:09 | INFO     | exam.app                     | Starting AI-Based Intelligent Examination Platform (development)
2026-09-27 02:36:09 | INFO     | exam.app                     | Object storage ready: bucket exam-media
2026-09-27 02:36:09 | INFO     | exam.app                     | Session sweeper started (every 60s)
2026-09-27 02:36:09 | INFO     | exam.auth                    | Login: candidate-0ae00cf6@test.edu (candidate/approved, login=approved)
2026-09-27 02:36:09 | INFO     | exam.exam                    | Session e664bbb8-04cf-4b95-be0c-f24c9ced569a started: exam='Exam 9fd642' candidate=c57c1772-cd13-4c68-bd83-e72ad83c88f1 questions=2 expires=2026-09-26T21:36:09.574134+00:00
2026-09-27 02:36:09 | INFO     | exam.auth                    | Login: candidate-0ae00cf6@test.edu (candidate/approved, login=approved)
2026-09-27 02:36:09 | WARNING  | exam.proctor                 | Session e664bbb8-04cf-4b95-be0c-f24c9ced569a flagged: score=23.1 tab_switches=3 left_exam=3
2026-09-27 02:36:09 | INFO     | exam.exam                    | Session e664bbb8-04cf-4b95-be0c-f24c9ced569a finalised as auto_submitted: 1 auto-scored, 1 queued for review
2026-09-27 02:36:09 | WARNING  | exam.proctor                 | Session e664bbb8-04cf-4b95-be0c-f24c9ced569a AUTO-SUBMITTED after 3 focus violation(s)
2026-09-27 02:36:09 | INFO     | exam.app                     | Shutdown complete
2026-09-27 02:36:09 | INFO     | exam.app                     | Starting AI-Based Intelligent Examination Platform (development)
2026-09-27 02:36:09 | INFO     | exam.app                     | Object storage ready: bucket exam-media
2026-09-27 02:36:09 | INFO     | exam.app                     | Session sweeper started (every 60s)
2026-09-27 02:36:10 | INFO     | exam.auth                    | Login: candidate-a8144858@test.edu (candidate/approved, login=approved)
2026-09-27 02:36:10 | INFO     | exam.exam                    | Session 84341444-6eaa-48fa-8d58-285a396df1f9 started: exam='Exam 7769d9' candidate=43322ec1-4b3a-4286-9a0d-30f87fe78850 questions=2 expires=2026-09-26T21:36:10.278588+00:00
2026-09-27 02:36:10 | INFO     | exam.auth                    | Login: candidate-a8144858@test.edu (candidate/approved, login=approved)
2026-09-27 02:36:10 | WARNING  | exam.proctor                 | Session 84341444-6eaa-48fa-8d58-285a396df1f9 flagged: score=23.1 tab_switches=3 left_exam=3
2026-09-27 02:36:10 | INFO     | exam.exam                    | Session 84341444-6eaa-48fa-8d58-285a396df1f9 finalised as auto_submitted: 1 auto-scored, 1 queued for review
2026-09-27 02:36:10 | WARNING  | exam.proctor                 | Session 84341444-6eaa-48fa-8d58-285a396df1f9 AUTO-SUBMITTED after 3 focus violation(s)
2026-09-27 02:36:10 | INFO     | exam.auth                    | Login: examiner-3bbf92fb@test.edu (examiner/approved)
2026-09-27 02:36:10 | INFO     | exam.grading                 | examiner-3bbf92fb@test.edu graded answer f1cf7290-bf6c-4761-9c0b-cfc9140288b5: unscored -> 5.00/6.00
2026-09-27 02:36:10 | INFO     | exam.proctor                 | examiner-3bbf92fb@test.edu ruled session 84341444-6eaa-48fa-8d58-285a396df1f9 as cleared
2026-09-27 02:36:10 | INFO     | exam.grading                 | examiner-3bbf92fb@test.edu published the result for candidate-a8144858@test.edu on 'Exam 7769d9'
2026-09-27 02:36:10 | INFO     | exam.app                     | Shutdown complete
2026-09-27 02:36:10 | INFO     | exam.app                     | Starting AI-Based Intelligent Examination Platform (development)
2026-09-27 02:36:10 | INFO     | exam.app                     | Object storage ready: bucket exam-media
2026-09-27 02:36:10 | INFO     | exam.app                     | Session sweeper started (every 60s)
2026-09-27 02:36:11 | INFO     | exam.auth                    | Login: candidate-00338425@test.edu (candidate/approved, login=approved)
2026-09-27 02:36:11 | INFO     | exam.exam                    | Session 451a47fd-9a6f-40df-af46-906c823a99f9 started: exam='Exam a1c7d6' candidate=e6dc3fe0-9972-49cb-81de-e9f051dc3d51 questions=2 expires=2026-09-26T21:36:11.364185+00:00
2026-09-27 02:36:11 | INFO     | exam.auth                    | Login: candidate-00338425@test.edu (candidate/approved, login=approved)
2026-09-27 02:36:11 | INFO     | exam.auth                    | Login: examiner-1c530750@test.edu (examiner/approved)
2026-09-27 02:36:11 | INFO     | exam.app                     | Shutdown complete
2026-09-27 02:36:11 | INFO     | exam.app                     | Starting AI-Based Intelligent Examination Platform (development)
2026-09-27 02:36:11 | INFO     | exam.app                     | Object storage ready: bucket exam-media
2026-09-27 02:36:11 | INFO     | exam.app                     | Session sweeper started (every 60s)
2026-09-27 02:36:12 | INFO     | exam.auth                    | Login: candidate-35a731fc@test.edu (candidate/approved, login=approved)
2026-09-27 02:36:12 | INFO     | exam.exam                    | Session 455abd87-88ca-4a2d-899a-ca448020933b started: exam='Exam 089158' candidate=cadb5173-9749-46ac-bbc6-8f1297ea8893 questions=2 expires=2026-09-26T21:36:12.244983+00:00
2026-09-27 02:36:12 | INFO     | exam.auth                    | Login: candidate-35a731fc@test.edu (candidate/approved, login=approved)
2026-09-27 02:36:12 | INFO     | exam.app                     | Shutdown complete
2026-09-27 02:36:12 | INFO     | exam.app                     | Starting AI-Based Intelligent Examination Platform (development)
2026-09-27 02:36:12 | INFO     | exam.app                     | Object storage ready: bucket exam-media
2026-09-27 02:36:12 | INFO     | exam.app                     | Session sweeper started (every 60s)
2026-09-27 02:36:12 | INFO     | exam.auth                    | Login: candidate-7b3fa365@test.edu (candidate/approved, login=approved)
2026-09-27 02:36:12 | INFO     | exam.exam                    | Session 66272086-d1c2-4089-9d64-efff89396369 started: exam='Exam ee1c2c' candidate=5befa1fe-e0e0-4ffd-8b38-cfd0a0cce1a7 questions=2 expires=2026-09-26T21:36:12.869399+00:00
2026-09-27 02:36:13 | INFO     | exam.auth                    | Login: candidate-7b3fa365@test.edu (candidate/approved, login=approved)
2026-09-27 02:36:13 | WARNING  | exam.proctor                 | Session 66272086-d1c2-4089-9d64-efff89396369 flagged: score=27.3 tab_switches=4 left_exam=4
2026-09-27 02:36:13 | INFO     | exam.app                     | Shutdown complete
2026-09-27 02:36:13 | INFO     | exam.app                     | Starting AI-Based Intelligent Examination Platform (development)
2026-09-27 02:36:13 | INFO     | exam.app                     | Object storage ready: bucket exam-media
2026-09-27 02:36:13 | INFO     | exam.app                     | Session sweeper started (every 60s)
2026-09-27 02:36:13 | INFO     | exam.auth                    | Login: candidate-6296693b@test.edu (candidate/approved, login=approved)
2026-09-27 02:36:13 | INFO     | exam.exam                    | Session dab37d9b-af98-400b-b599-a7567a83debb started: exam='Exam 939197' candidate=5ce99a75-7934-42e6-9b08-fb65eb16770f questions=2 expires=2026-09-26T21:36:13.456848+00:00
2026-09-27 02:36:13 | INFO     | exam.auth                    | Login: candidate-6296693b@test.edu (candidate/approved, login=approved)
2026-09-27 02:36:13 | WARNING  | exam.proctor                 | Session dab37d9b-af98-400b-b599-a7567a83debb flagged: score=10.0 tab_switches=1 left_exam=1
2026-09-27 02:36:13 | INFO     | exam.exam                    | Session dab37d9b-af98-400b-b599-a7567a83debb finalised as auto_submitted: 0 auto-scored, 0 queued for review
2026-09-27 02:36:13 | WARNING  | exam.proctor                 | Session dab37d9b-af98-400b-b599-a7567a83debb AUTO-SUBMITTED after 1 focus violation(s)
2026-09-27 02:36:13 | INFO     | exam.app                     | Shutdown complete
2026-09-27 02:36:13 | INFO     | exam.app                     | Starting AI-Based Intelligent Examination Platform (development)
2026-09-27 02:36:13 | INFO     | exam.app                     | Object storage ready: bucket exam-media
2026-09-27 02:36:13 | INFO     | exam.app                     | Session sweeper started (every 60s)
2026-09-27 02:36:13 | INFO     | exam.auth                    | Login: candidate-6284a151@test.edu (candidate/approved, login=approved)
2026-09-27 02:36:13 | INFO     | exam.exam                    | Session 2d04b2bc-919d-46bb-ac0e-406b08bc1be7 started: exam='Exam b5b82c' candidate=e6d610e3-1729-405b-b3ec-3a899e024951 questions=2 expires=2026-09-26T21:36:13.981234+00:00
2026-09-27 02:36:14 | INFO     | exam.auth                    | Login: candidate-6284a151@test.edu (candidate/approved, login=approved)
2026-09-27 02:36:14 | INFO     | exam.app                     | Shutdown complete
2026-09-27 02:36:14 | INFO     | exam.app                     | Starting AI-Based Intelligent Examination Platform (development)
2026-09-27 02:36:14 | INFO     | exam.app                     | Object storage ready: bucket exam-media
2026-09-27 02:36:14 | INFO     | exam.app                     | Session sweeper started (every 60s)
2026-09-27 02:36:14 | INFO     | exam.auth                    | Login: candidate-3b00a98b@test.edu (candidate/approved, login=approved)
2026-09-27 02:36:14 | INFO     | exam.exam                    | Session 8c79cd18-ad7b-47d0-af20-bc29b4c6d719 started: exam='Exam 5d2308' candidate=4e2aa411-70cd-430b-a6a1-0930f71a7ce3 questions=2 expires=2026-09-26T21:36:14.867203+00:00
2026-09-27 02:36:15 | INFO     | exam.auth                    | Login: candidate-3b00a98b@test.edu (candidate/approved, login=approved)
2026-09-27 02:36:15 | INFO     | exam.app                     | Shutdown complete
2026-09-27 02:36:15 | INFO     | exam.app                     | Starting AI-Based Intelligent Examination Platform (development)
2026-09-27 02:36:15 | INFO     | exam.app                     | Object storage ready: bucket exam-media
2026-09-27 02:36:15 | INFO     | exam.app                     | Session sweeper started (every 60s)
2026-09-27 02:36:15 | INFO     | exam.auth                    | Login: examiner-cd6d9389@test.edu (examiner/approved)
2026-09-27 02:36:15 | INFO     | exam.app                     | Shutdown complete
2026-09-27 02:36:15 | INFO     | exam.app                     | Starting AI-Based Intelligent Examination Platform (development)
2026-09-27 02:36:15 | INFO     | exam.app                     | Object storage ready: bucket exam-media
2026-09-27 02:36:15 | INFO     | exam.app                     | Session sweeper started (every 60s)
2026-09-27 02:36:16 | INFO     | exam.auth                    | Login: examiner-e1702f38@test.edu (examiner/approved)
2026-09-27 02:36:16 | INFO     | exam.questions               | examiner-e1702f38@test.edu updated subject PY101
2026-09-27 02:36:16 | INFO     | exam.app                     | Shutdown complete
2026-09-27 02:36:16 | INFO     | exam.app                     | Starting AI-Based Intelligent Examination Platform (development)
2026-09-27 02:36:16 | INFO     | exam.app                     | Object storage ready: bucket exam-media
2026-09-27 02:36:16 | INFO     | exam.app                     | Session sweeper started (every 60s)
2026-09-27 02:36:16 | INFO     | exam.auth                    | Login: examiner-b820b412@test.edu (examiner/approved)
2026-09-27 02:36:16 | INFO     | exam.app                     | Shutdown complete
2026-09-27 02:36:16 | INFO     | exam.app                     | Starting AI-Based Intelligent Examination Platform (development)
2026-09-27 02:36:16 | INFO     | exam.app                     | Object storage ready: bucket exam-media
2026-09-27 02:36:16 | INFO     | exam.app                     | Session sweeper started (every 60s)
2026-09-27 02:36:16 | INFO     | exam.auth                    | Login: examiner-c20c8c53@test.edu (examiner/approved)
2026-09-27 02:36:16 | INFO     | exam.app                     | Shutdown complete
2026-09-27 02:36:16 | INFO     | exam.app                     | Starting AI-Based Intelligent Examination Platform (development)
2026-09-27 02:36:16 | INFO     | exam.app                     | Object storage ready: bucket exam-media
2026-09-27 02:36:16 | INFO     | exam.app                     | Session sweeper started (every 60s)
2026-09-27 02:36:16 | INFO     | exam.auth                    | Login: examiner-5e942c17@test.edu (examiner/approved)
2026-09-27 02:36:16 | INFO     | exam.questions               | examiner-5e942c17@test.edu added a mcq question (bank)
2026-09-27 02:36:16 | INFO     | exam.app                     | Shutdown complete
2026-09-27 02:36:16 | INFO     | exam.app                     | Starting AI-Based Intelligent Examination Platform (development)
2026-09-27 02:36:16 | INFO     | exam.app                     | Object storage ready: bucket exam-media
2026-09-27 02:36:16 | INFO     | exam.app                     | Session sweeper started (every 60s)
2026-09-27 02:36:17 | INFO     | exam.auth                    | Login: candidate-fc822ac4@test.edu (candidate/approved, login=approved)
2026-09-27 02:36:17 | INFO     | exam.exam                    | Session f0127618-9d03-4a64-9a5f-fed7414e257a started: exam='Exam d18973' candidate=6b480633-d48c-4806-bc00-f0ef97e5c835 questions=2 expires=2026-09-26T21:36:17.060477+00:00
2026-09-27 02:36:17 | INFO     | exam.exam                    | Session f0127618-9d03-4a64-9a5f-fed7414e257a finalised as submitted: 2 auto-scored, 0 queued for review
2026-09-27 02:36:17 | INFO     | exam.auth                    | Login: examiner-c3f9044b@test.edu (examiner/approved)
2026-09-27 02:36:17 | INFO     | exam.grading                 | examiner-c3f9044b@test.edu published the result for candidate-fc822ac4@test.edu on 'Exam d18973'
2026-09-27 02:36:17 | INFO     | exam.app                     | Shutdown complete
2026-09-27 02:36:17 | INFO     | exam.app                     | Starting AI-Based Intelligent Examination Platform (development)
2026-09-27 02:36:17 | INFO     | exam.app                     | Object storage ready: bucket exam-media
2026-09-27 02:36:17 | INFO     | exam.app                     | Session sweeper started (every 60s)
2026-09-27 02:36:17 | INFO     | exam.auth                    | Login: candidate-15341f7a@test.edu (candidate/approved, login=approved)
2026-09-27 02:36:17 | INFO     | exam.exam                    | Session c6ca1cc7-cf90-4518-aea9-0933a2db7d18 started: exam='Exam 404315' candidate=7a06b386-533f-46a4-81bb-4f953dc5b2c8 questions=2 expires=2026-09-26T21:36:17.650696+00:00
2026-09-27 02:36:17 | INFO     | exam.exam                    | Session c6ca1cc7-cf90-4518-aea9-0933a2db7d18 finalised as submitted: 2 auto-scored, 0 queued for review
2026-09-27 02:36:17 | INFO     | exam.auth                    | Login: examiner-bd33dded@test.edu (examiner/approved)
2026-09-27 02:36:17 | INFO     | exam.app                     | Shutdown complete
2026-09-27 02:36:17 | INFO     | exam.app                     | Starting AI-Based Intelligent Examination Platform (development)
2026-09-27 02:36:17 | INFO     | exam.app                     | Object storage ready: bucket exam-media
2026-09-27 02:36:17 | INFO     | exam.app                     | Session sweeper started (every 60s)
2026-09-27 02:36:18 | INFO     | exam.auth                    | Login: candidate-e715ef9a@test.edu (candidate/approved, login=approved)
2026-09-27 02:36:18 | INFO     | exam.exam                    | Session eec88655-2f0f-4b6a-8de1-91ec41b38990 started: exam='Exam 14f647' candidate=1824cb6f-bfb9-405a-9934-8e5f67fcacda questions=2 expires=2026-09-26T21:36:18.310445+00:00
2026-09-27 02:36:18 | INFO     | exam.exam                    | Session eec88655-2f0f-4b6a-8de1-91ec41b38990 finalised as submitted: 2 auto-scored, 0 queued for review
2026-09-27 02:36:18 | INFO     | exam.auth                    | Login: examiner-9bf7d51c@test.edu (examiner/approved)
2026-09-27 02:36:18 | INFO     | exam.proctor                 | examiner-9bf7d51c@test.edu ruled session eec88655-2f0f-4b6a-8de1-91ec41b38990 as cleared
2026-09-27 02:36:18 | INFO     | exam.grading                 | examiner-9bf7d51c@test.edu published the result for candidate-e715ef9a@test.edu on 'Exam 14f647'
2026-09-27 02:36:18 | INFO     | exam.app                     | Shutdown complete
2026-09-27 02:36:18 | INFO     | exam.app                     | Starting AI-Based Intelligent Examination Platform (development)
2026-09-27 02:36:18 | INFO     | exam.app                     | Object storage ready: bucket exam-media
2026-09-27 02:36:18 | INFO     | exam.app                     | Session sweeper started (every 60s)
2026-09-27 02:36:19 | INFO     | exam.auth                    | Login: candidate-aee517ab@test.edu (candidate/approved, login=approved)
2026-09-27 02:36:19 | INFO     | exam.exam                    | Session 756df500-5658-4f2f-aed7-1cbee04c6a95 started: exam='Exam 091b56' candidate=a0b66f6c-4fdc-40c9-b13f-e50035fda59a questions=2 expires=2026-09-26T21:36:19.107681+00:00
2026-09-27 02:36:19 | INFO     | exam.exam                    | Session 756df500-5658-4f2f-aed7-1cbee04c6a95 finalised as submitted: 2 auto-scored, 0 queued for review
2026-09-27 02:36:19 | INFO     | exam.auth                    | Login: examiner-04c39592@test.edu (examiner/approved)
2026-09-27 02:36:19 | INFO     | exam.proctor                 | examiner-04c39592@test.edu ruled session 756df500-5658-4f2f-aed7-1cbee04c6a95 as malpractice
2026-09-27 02:36:19 | INFO     | exam.app                     | Shutdown complete
2026-09-27 02:36:19 | INFO     | exam.app                     | Starting AI-Based Intelligent Examination Platform (development)
2026-09-27 02:36:19 | INFO     | exam.app                     | Object storage ready: bucket exam-media
2026-09-27 02:36:19 | INFO     | exam.app                     | Session sweeper started (every 60s)
2026-09-27 02:36:19 | INFO     | exam.auth                    | Login: candidate-89501899@test.edu (candidate/approved, login=approved)
2026-09-27 02:36:19 | INFO     | exam.exam                    | Session 79034afd-2bea-4c26-a9f4-7e823a459f2e started: exam='Exam 8abcba' candidate=2e17a48d-5157-46fc-a60d-1ec0d2022b38 questions=2 expires=2026-09-26T21:36:19.878491+00:00
2026-09-27 02:36:20 | INFO     | exam.exam                    | Session 79034afd-2bea-4c26-a9f4-7e823a459f2e finalised as submitted: 2 auto-scored, 0 queued for review
2026-09-27 02:36:20 | INFO     | exam.auth                    | Login: examiner-748a0e9f@test.edu (examiner/approved)
2026-09-27 02:36:20 | INFO     | exam.app                     | Shutdown complete
2026-09-27 02:36:20 | INFO     | exam.app                     | Starting AI-Based Intelligent Examination Platform (development)
2026-09-27 02:36:20 | INFO     | exam.app                     | Object storage ready: bucket exam-media
2026-09-27 02:36:20 | INFO     | exam.app                     | Session sweeper started (every 60s)
2026-09-27 02:36:20 | INFO     | exam.auth                    | Login: candidate-1dc6c038@test.edu (candidate/approved, login=approved)
2026-09-27 02:36:20 | INFO     | exam.exam                    | Session e337b9ed-e10a-4982-80c4-ed445645f4e2 started: exam='Exam 151346' candidate=1109a193-e8b2-4299-ae51-63ff160b2292 questions=2 expires=2026-09-26T21:36:20.585965+00:00
2026-09-27 02:36:20 | INFO     | exam.exam                    | Session e337b9ed-e10a-4982-80c4-ed445645f4e2 finalised as submitted: 2 auto-scored, 0 queued for review
2026-09-27 02:36:20 | INFO     | exam.auth                    | Login: examiner-3f179932@test.edu (examiner/approved)
2026-09-27 02:36:20 | INFO     | exam.app                     | Shutdown complete
2026-09-27 02:36:20 | INFO     | exam.app                     | Starting AI-Based Intelligent Examination Platform (development)
2026-09-27 02:36:20 | INFO     | exam.app                     | Object storage ready: bucket exam-media
2026-09-27 02:36:20 | INFO     | exam.app                     | Session sweeper started (every 60s)
2026-09-27 02:36:21 | INFO     | exam.auth                    | Login: candidate-fb78aebc@test.edu (candidate/approved, login=approved)
2026-09-27 02:36:21 | INFO     | exam.exam                    | Session d2f54bf1-f76a-4538-8647-2386740b0561 started: exam='Exam 6e3948' candidate=193cfd02-4d4a-40ed-8a50-ce7089f8a91d questions=2 expires=2026-09-26T21:36:21.308402+00:00
2026-09-27 02:36:21 | INFO     | exam.exam                    | Session d2f54bf1-f76a-4538-8647-2386740b0561 finalised as submitted: 2 auto-scored, 0 queued for review
2026-09-27 02:36:21 | INFO     | exam.auth                    | Login: examiner-c92fbff8@test.edu (examiner/approved)
2026-09-27 02:36:21 | INFO     | exam.proctor                 | examiner-c92fbff8@test.edu ruled session d2f54bf1-f76a-4538-8647-2386740b0561 as cleared
2026-09-27 02:36:21 | INFO     | exam.app                     | Shutdown complete
2026-09-27 02:36:21 | INFO     | exam.app                     | Starting AI-Based Intelligent Examination Platform (development)
2026-09-27 02:36:21 | INFO     | exam.app                     | Object storage ready: bucket exam-media
2026-09-27 02:36:21 | INFO     | exam.app                     | Session sweeper started (every 60s)
2026-09-27 02:36:22 | INFO     | exam.auth                    | Login: candidate-fdfa3194@test.edu (candidate/approved, login=approved)
2026-09-27 02:36:22 | INFO     | exam.exam                    | Session 4cf62287-d5c6-485b-8998-6a4219c50153 started: exam='Exam 361e3a' candidate=1a38e381-e670-4a63-89d7-89d3a48c9d3f questions=2 expires=2026-09-26T21:36:22.079810+00:00
2026-09-27 02:36:22 | INFO     | exam.exam                    | Session 4cf62287-d5c6-485b-8998-6a4219c50153 finalised as submitted: 2 auto-scored, 0 queued for review
2026-09-27 02:36:22 | INFO     | exam.auth                    | Login: examiner-ecc4c159@test.edu (examiner/approved)
2026-09-27 02:36:22 | INFO     | exam.app                     | Shutdown complete
2026-09-27 02:36:22 | INFO     | exam.app                     | Starting AI-Based Intelligent Examination Platform (development)
2026-09-27 02:36:22 | INFO     | exam.app                     | Object storage ready: bucket exam-media
2026-09-27 02:36:22 | INFO     | exam.app                     | Session sweeper started (every 60s)
2026-09-27 02:36:22 | INFO     | exam.auth                    | Login: candidate-13d5d1ec@test.edu (candidate/approved, login=approved)
2026-09-27 02:36:22 | INFO     | exam.exam                    | Session 61ca6b74-8731-4982-8289-7b1422513000 started: exam='Exam 5a7161' candidate=c7211bec-b2d8-40e0-88ed-a0e40b921b72 questions=2 expires=2026-09-26T21:36:22.798405+00:00
2026-09-27 02:36:22 | INFO     | exam.exam                    | Session 61ca6b74-8731-4982-8289-7b1422513000 finalised as submitted: 2 auto-scored, 0 queued for review
2026-09-27 02:36:23 | INFO     | exam.auth                    | Login: examiner-ad29ba89@test.edu (examiner/approved)
2026-09-27 02:36:23 | INFO     | exam.proctor                 | examiner-ad29ba89@test.edu ruled session 61ca6b74-8731-4982-8289-7b1422513000 as malpractice
2026-09-27 02:36:23 | INFO     | exam.app                     | Shutdown complete
2026-09-27 02:36:23 | INFO     | exam.app                     | Starting AI-Based Intelligent Examination Platform (development)
2026-09-27 02:36:23 | INFO     | exam.app                     | Object storage ready: bucket exam-media
2026-09-27 02:36:23 | INFO     | exam.app                     | Session sweeper started (every 60s)
2026-09-27 02:36:23 | INFO     | exam.auth                    | Login: candidate-08270663@test.edu (candidate/approved, login=approved)
2026-09-27 02:36:23 | INFO     | exam.exam                    | Session 3765d6fb-6f84-4707-9f02-42f9eed24bb9 started: exam='Exam 5ee863' candidate=8b323e8f-f6d2-4a23-931e-ba467d21a266 questions=2 expires=2026-09-26T21:36:23.413183+00:00
2026-09-27 02:36:23 | INFO     | exam.exam                    | Session 3765d6fb-6f84-4707-9f02-42f9eed24bb9 finalised as submitted: 2 auto-scored, 0 queued for review
2026-09-27 02:36:23 | INFO     | exam.auth                    | Login: examiner-ce8159ba@test.edu (examiner/approved)
2026-09-27 02:36:23 | INFO     | exam.app                     | Shutdown complete
2026-09-27 02:36:23 | INFO     | exam.app                     | Starting AI-Based Intelligent Examination Platform (development)
2026-09-27 02:36:23 | INFO     | exam.app                     | Object storage ready: bucket exam-media
2026-09-27 02:36:23 | INFO     | exam.app                     | Session sweeper started (every 60s)
2026-09-27 02:36:24 | INFO     | exam.auth                    | Login: candidate-6ec9d87c@test.edu (candidate/approved, login=approved)
2026-09-27 02:36:24 | INFO     | exam.exam                    | Session e00425d3-8598-4346-a69a-20740452de9b started: exam='Exam 43dd0f' candidate=051af3ba-c5ea-4e0f-9322-dc09dc07c519 questions=2 expires=2026-09-26T21:36:24.064379+00:00
2026-09-27 02:36:24 | INFO     | exam.exam                    | Session e00425d3-8598-4346-a69a-20740452de9b finalised as submitted: 2 auto-scored, 0 queued for review
2026-09-27 02:36:24 | INFO     | exam.auth                    | Login: examiner-c1c62120@test.edu (examiner/approved)
2026-09-27 02:36:24 | WARNING  | exam.auth                    | Role denied: candidate-6ec9d87c@test.edu (candidate) tried a examiner/admin-only route
2026-09-27 02:36:24 | INFO     | exam.app                     | Shutdown complete
2026-09-27 02:36:24 | INFO     | exam.app                     | Starting AI-Based Intelligent Examination Platform (development)
2026-09-27 02:36:24 | INFO     | exam.app                     | Object storage ready: bucket exam-media
2026-09-27 02:36:24 | INFO     | exam.app                     | Session sweeper started (every 60s)
2026-09-27 02:36:24 | INFO     | exam.auth                    | Login: candidate-6786e52a@test.edu (candidate/approved, login=approved)
2026-09-27 02:36:24 | INFO     | exam.exam                    | Session 858607c9-1bc6-4190-9880-e371a5ed85f9 started: exam='Exam 77dbe8' candidate=3a4e5314-34f1-4bb4-a30d-bec16f7cda4e questions=2 expires=2026-09-26T21:36:24.814117+00:00
2026-09-27 02:36:24 | INFO     | exam.exam                    | Session 858607c9-1bc6-4190-9880-e371a5ed85f9 finalised as submitted: 2 auto-scored, 0 queued for review
2026-09-27 02:36:25 | INFO     | exam.auth                    | Login: examiner-66dbcfdc@test.edu (examiner/approved)
2026-09-27 02:36:25 | INFO     | exam.grading                 | examiner-66dbcfdc@test.edu published the result for candidate-6786e52a@test.edu on 'Exam 77dbe8'
2026-09-27 02:36:25 | INFO     | exam.proctor                 | examiner-66dbcfdc@test.edu ruled session 858607c9-1bc6-4190-9880-e371a5ed85f9 as malpractice
2026-09-27 02:36:25 | INFO     | exam.app                     | Shutdown complete
2026-09-27 02:36:25 | INFO     | exam.app                     | Starting AI-Based Intelligent Examination Platform (development)
2026-09-27 02:36:25 | INFO     | exam.app                     | Object storage ready: bucket exam-media
2026-09-27 02:36:25 | INFO     | exam.app                     | Session sweeper started (every 60s)
2026-09-27 02:36:25 | INFO     | exam.auth                    | Login: candidate-dfce367e@test.edu (candidate/approved, login=approved)
2026-09-27 02:36:25 | INFO     | exam.exam                    | Session cc661e66-53b8-47e4-b448-8726d26e56e8 started: exam='Exam a9151c' candidate=4b6e2074-b2c2-41c6-977c-ff0ddb56d484 questions=2 expires=2026-09-26T21:36:25.520231+00:00
2026-09-27 02:36:25 | INFO     | exam.exam                    | Session cc661e66-53b8-47e4-b448-8726d26e56e8 finalised as submitted: 2 auto-scored, 0 queued for review
2026-09-27 02:36:25 | INFO     | exam.auth                    | Login: examiner-15997c36@test.edu (examiner/approved)
2026-09-27 02:36:25 | INFO     | exam.app                     | Shutdown complete
2026-09-27 02:36:25 | INFO     | exam.app                     | Starting AI-Based Intelligent Examination Platform (development)
2026-09-27 02:36:25 | INFO     | exam.app                     | Object storage ready: bucket exam-media
2026-09-27 02:36:25 | INFO     | exam.app                     | Session sweeper started (every 60s)
2026-09-27 02:36:26 | INFO     | exam.auth                    | Login: candidate-1f037adc@test.edu (candidate/approved, login=approved)
2026-09-27 02:36:26 | INFO     | exam.exam                    | Session 6dc4a9ad-9365-4c8c-a526-2a9c108e48f3 started: exam='Exam 0a7a86' candidate=838eafb8-f484-4515-a7ff-d9c1bf0ce38b questions=2 expires=2026-09-26T21:36:26.124022+00:00
2026-09-27 02:36:26 | INFO     | exam.exam                    | Session 6dc4a9ad-9365-4c8c-a526-2a9c108e48f3 finalised as submitted: 2 auto-scored, 0 queued for review
2026-09-27 02:36:26 | INFO     | exam.auth                    | Login: examiner-07feef8e@test.edu (examiner/approved)
2026-09-27 02:36:26 | INFO     | exam.proctor                 | examiner-07feef8e@test.edu ruled session 6dc4a9ad-9365-4c8c-a526-2a9c108e48f3 as malpractice
2026-09-27 02:36:26 | INFO     | exam.grading                 | examiner-07feef8e@test.edu published 0 result(s) for exam 'Exam 0a7a86' (1 withheld for malpractice)
2026-09-27 02:36:26 | INFO     | exam.app                     | Shutdown complete
2026-09-27 02:36:26 | INFO     | exam.app                     | Starting AI-Based Intelligent Examination Platform (development)
2026-09-27 02:36:26 | INFO     | exam.app                     | Object storage ready: bucket exam-media
2026-09-27 02:36:26 | INFO     | exam.app                     | Session sweeper started (every 60s)
2026-09-27 02:36:26 | INFO     | exam.auth                    | Login: candidate-06be8a0c@test.edu (candidate/approved, login=approved)
2026-09-27 02:36:26 | INFO     | exam.exam                    | Session ea5e1987-f2d3-4feb-be53-388766fa8f6d started: exam='Exam b43f40' candidate=2f9552c1-1d73-40b3-bfbc-8edd5b82ff90 questions=2 expires=2026-09-26T21:36:26.753566+00:00
2026-09-27 02:36:26 | INFO     | exam.exam                    | Session ea5e1987-f2d3-4feb-be53-388766fa8f6d finalised as submitted: 2 auto-scored, 0 queued for review
2026-09-27 02:36:26 | INFO     | exam.auth                    | Login: examiner-649c78ed@test.edu (examiner/approved)
2026-09-27 02:36:26 | INFO     | exam.proctor                 | examiner-649c78ed@test.edu ruled session ea5e1987-f2d3-4feb-be53-388766fa8f6d as cleared
2026-09-27 02:36:27 | INFO     | exam.grading                 | examiner-649c78ed@test.edu published 1 result(s) for exam 'Exam b43f40' (0 withheld for malpractice)
2026-09-27 02:36:27 | INFO     | exam.app                     | Shutdown complete
2026-09-27 02:36:27 | INFO     | exam.app                     | Starting AI-Based Intelligent Examination Platform (development)
2026-09-27 02:36:27 | INFO     | exam.app                     | Object storage ready: bucket exam-media
2026-09-27 02:36:27 | INFO     | exam.app                     | Session sweeper started (every 60s)
2026-09-27 02:36:27 | INFO     | exam.auth                    | Login: candidate-ea67447c@test.edu (candidate/approved, login=approved)
2026-09-27 02:36:27 | INFO     | exam.exam                    | Session 906300bc-bb83-47d9-a2f0-c4bfa3457928 started: exam='Exam f16738' candidate=fe9d8ba3-90b6-4bae-a57f-92e28b2f436f questions=2 expires=2026-09-26T21:36:27.398384+00:00
2026-09-27 02:36:27 | INFO     | exam.exam                    | Session 906300bc-bb83-47d9-a2f0-c4bfa3457928 finalised as submitted: 2 auto-scored, 0 queued for review
2026-09-27 02:36:27 | INFO     | exam.auth                    | Login: examiner-4f19cc51@test.edu (examiner/approved)
2026-09-27 02:36:27 | INFO     | exam.grading                 | examiner-4f19cc51@test.edu published the result for candidate-ea67447c@test.edu on 'Exam f16738'
2026-09-27 02:36:27 | INFO     | exam.app                     | Shutdown complete
2026-09-27 02:36:27 | INFO     | exam.app                     | Starting AI-Based Intelligent Examination Platform (development)
2026-09-27 02:36:27 | INFO     | exam.app                     | Object storage ready: bucket exam-media
2026-09-27 02:36:27 | INFO     | exam.app                     | Session sweeper started (every 60s)
2026-09-27 02:36:27 | INFO     | exam.auth                    | Login: examiner-a8e71fdc@test.edu (examiner/approved)
2026-09-27 02:36:27 | INFO     | exam.app                     | Shutdown complete
2026-09-27 02:36:27 | INFO     | exam.app                     | Starting AI-Based Intelligent Examination Platform (development)
2026-09-27 02:36:27 | INFO     | exam.app                     | Object storage ready: bucket exam-media
2026-09-27 02:36:27 | INFO     | exam.app                     | Session sweeper started (every 60s)
2026-09-27 02:36:28 | INFO     | exam.auth                    | Login: examiner-e1e9cbbf@test.edu (examiner/approved)
2026-09-27 02:36:28 | INFO     | exam.app                     | Shutdown complete
2026-09-27 02:36:28 | INFO     | exam.app                     | Starting AI-Based Intelligent Examination Platform (development)
2026-09-27 02:36:28 | INFO     | exam.app                     | Object storage ready: bucket exam-media
2026-09-27 02:36:28 | INFO     | exam.app                     | Session sweeper started (every 60s)
2026-09-27 02:36:28 | INFO     | exam.auth                    | Login: examiner-727fe306@test.edu (examiner/approved)
2026-09-27 02:36:28 | INFO     | exam.questions               | examiner-727fe306@test.edu added a mcq question (bank)
2026-09-27 02:36:28 | INFO     | exam.app                     | Shutdown complete
2026-09-27 02:36:28 | INFO     | exam.app                     | Starting AI-Based Intelligent Examination Platform (development)
2026-09-27 02:36:28 | INFO     | exam.app                     | Object storage ready: bucket exam-media
2026-09-27 02:36:28 | INFO     | exam.app                     | Session sweeper started (every 60s)
2026-09-27 02:36:28 | INFO     | exam.auth                    | Login: candidate-5b78b57e@test.edu (candidate/approved, login=approved)
2026-09-27 02:36:28 | INFO     | exam.exam                    | Session 5cb7224d-3fd8-4d16-91d8-eb17096bc8f9 started: exam='Exam 8b1ce4' candidate=e14a55a4-41ea-473b-8e89-90e9bbf9b81b questions=2 expires=2026-09-26T21:36:28.626450+00:00
2026-09-27 02:36:28 | INFO     | exam.live_signal             | Live broadcast socket open for session 5cb7224d-3fd8-4d16-91d8-eb17096bc8f9
2026-09-27 02:36:28 | INFO     | exam.live_signal             | Live broadcast socket closed for session 5cb7224d-3fd8-4d16-91d8-eb17096bc8f9
2026-09-27 02:36:28 | INFO     | exam.app                     | Shutdown complete
2026-09-27 02:36:28 | INFO     | exam.app                     | Starting AI-Based Intelligent Examination Platform (development)
2026-09-27 02:36:28 | INFO     | exam.app                     | Object storage ready: bucket exam-media
2026-09-27 02:36:28 | INFO     | exam.app                     | Session sweeper started (every 60s)
2026-09-27 02:36:29 | INFO     | exam.auth                    | Login: candidate-67eac08b@test.edu (candidate/approved, login=approved)
2026-09-27 02:36:29 | INFO     | exam.exam                    | Session e2bc7d91-6ec0-4d01-8300-fcd117d1fee8 started: exam='Exam 8fa29d' candidate=6531bb0e-4fc5-477c-a7c7-695b48e6fd23 questions=2 expires=2026-09-26T21:36:29.125382+00:00
2026-09-27 02:36:29 | INFO     | exam.app                     | Shutdown complete
2026-09-27 02:36:29 | INFO     | exam.app                     | Starting AI-Based Intelligent Examination Platform (development)
2026-09-27 02:36:29 | INFO     | exam.app                     | Object storage ready: bucket exam-media
2026-09-27 02:36:29 | INFO     | exam.app                     | Session sweeper started (every 60s)
2026-09-27 02:36:29 | INFO     | exam.auth                    | Login: candidate-398f843b@test.edu (candidate/approved, login=approved)
2026-09-27 02:36:29 | INFO     | exam.exam                    | Session e06b4dca-5fe8-4166-9286-2b67f40b8a67 started: exam='Exam 0f6cff' candidate=3beec878-39a0-4557-a8a8-d4e3640f635f questions=2 expires=2026-09-26T21:36:29.501584+00:00
2026-09-27 02:36:29 | INFO     | exam.auth                    | Login: examiner-b51d51af@test.edu (examiner/approved)
2026-09-27 02:36:29 | INFO     | exam.app                     | Shutdown complete
2026-09-27 02:36:29 | INFO     | exam.app                     | Starting AI-Based Intelligent Examination Platform (development)
2026-09-27 02:36:29 | INFO     | exam.app                     | Object storage ready: bucket exam-media
2026-09-27 02:36:29 | INFO     | exam.app                     | Session sweeper started (every 60s)
2026-09-27 02:36:29 | INFO     | exam.auth                    | Login: candidate-e0a02d36@test.edu (candidate/approved, login=approved)
2026-09-27 02:36:29 | INFO     | exam.exam                    | Session b9e088a7-6641-4da9-a184-5c190b4cc395 started: exam='Exam 9adba3' candidate=e5ee254e-af63-468f-8a50-8d90cc2b93fe questions=2 expires=2026-09-26T21:36:29.941488+00:00
2026-09-27 02:36:30 | INFO     | exam.auth                    | Login: examiner-36080e13@test.edu (examiner/approved)
2026-09-27 02:36:30 | INFO     | exam.live_signal             | examiner-36080e13@test.edu watching live session b9e088a7-6641-4da9-a184-5c190b4cc395 (viewer ce8f6e15853142a7b085b847b2fe347f)
2026-09-27 02:36:30 | INFO     | exam.live_signal             | Viewer ce8f6e15853142a7b085b847b2fe347f stopped watching session b9e088a7-6641-4da9-a184-5c190b4cc395
2026-09-27 02:36:30 | INFO     | exam.app                     | Shutdown complete
2026-09-27 02:36:30 | INFO     | exam.app                     | Starting AI-Based Intelligent Examination Platform (development)
2026-09-27 02:36:30 | INFO     | exam.app                     | Object storage ready: bucket exam-media
2026-09-27 02:36:30 | INFO     | exam.app                     | Session sweeper started (every 60s)
2026-09-27 02:36:30 | INFO     | exam.auth                    | Login: candidate-0ff4a471@test.edu (candidate/approved, login=approved)
2026-09-27 02:36:30 | INFO     | exam.exam                    | Session e27127da-e087-4f32-9b40-a199b4e59fe8 started: exam='Exam 82074d' candidate=ae5cb287-fe20-482a-a7f5-6a60b2deedde questions=2 expires=2026-09-26T21:36:30.298689+00:00
2026-09-27 02:36:30 | INFO     | exam.app                     | Shutdown complete
2026-09-27 02:36:30 | INFO     | exam.app                     | Starting AI-Based Intelligent Examination Platform (development)
2026-09-27 02:36:30 | INFO     | exam.app                     | Object storage ready: bucket exam-media
2026-09-27 02:36:30 | INFO     | exam.app                     | Session sweeper started (every 60s)
2026-09-27 02:36:30 | INFO     | exam.auth                    | Login: candidate-e5f7f1b8@test.edu (candidate/approved, login=approved)
2026-09-27 02:36:30 | INFO     | exam.exam                    | Session 138988bd-dbda-4f02-918a-f2af8b483d3c started: exam='Exam 94373a' candidate=3a17408a-a0ce-46c1-b595-61bc4889c8ef questions=2 expires=2026-09-26T21:36:30.598398+00:00
2026-09-27 02:36:30 | INFO     | exam.app                     | Shutdown complete
2026-09-27 02:36:30 | INFO     | exam.app                     | Starting AI-Based Intelligent Examination Platform (development)
2026-09-27 02:36:30 | INFO     | exam.app                     | Object storage ready: bucket exam-media
2026-09-27 02:36:30 | INFO     | exam.app                     | Session sweeper started (every 60s)
2026-09-27 02:36:30 | INFO     | exam.auth                    | Login: candidate-b202feb8@test.edu (candidate/approved, login=approved)
2026-09-27 02:36:30 | INFO     | exam.exam                    | Session 6e046199-4bdc-45b5-a91d-42e64299bce7 started: exam='Exam 00c78d' candidate=eea0733d-06c5-4085-8a3b-0e00c5d1682e questions=2 expires=2026-09-26T21:36:30.957628+00:00
2026-09-27 02:36:31 | INFO     | exam.auth                    | Login: examiner-f272d10e@test.edu (examiner/approved)
2026-09-27 02:36:31 | INFO     | exam.live_signal             | examiner-f272d10e@test.edu watching live session 6e046199-4bdc-45b5-a91d-42e64299bce7 (viewer 223c8744b35b48d69e91817e0138082a)
2026-09-27 02:36:31 | INFO     | exam.live_signal             | Live broadcast socket open for session 6e046199-4bdc-45b5-a91d-42e64299bce7
2026-09-27 02:36:31 | INFO     | exam.live_signal             | Live broadcast socket closed for session 6e046199-4bdc-45b5-a91d-42e64299bce7
2026-09-27 02:36:31 | INFO     | exam.live_signal             | Viewer 223c8744b35b48d69e91817e0138082a stopped watching session 6e046199-4bdc-45b5-a91d-42e64299bce7
2026-09-27 02:36:31 | INFO     | exam.app                     | Shutdown complete
2026-09-27 02:36:31 | INFO     | exam.app                     | Starting AI-Based Intelligent Examination Platform (development)
2026-09-27 02:36:31 | INFO     | exam.app                     | Object storage ready: bucket exam-media
2026-09-27 02:36:31 | INFO     | exam.app                     | Session sweeper started (every 60s)
2026-09-27 02:36:31 | INFO     | exam.auth                    | Login: candidate-196a71d6@test.edu (candidate/approved, login=approved)
2026-09-27 02:36:31 | INFO     | exam.exam                    | Session 76d24405-375b-41a8-923c-688266982a87 started: exam='Exam ed568c' candidate=cc9fb3dc-883f-48d8-9dbf-a061f512639d questions=2 expires=2026-09-26T21:36:31.346313+00:00
2026-09-27 02:36:31 | INFO     | exam.auth                    | Login: examiner-7475f130@test.edu (examiner/approved)
2026-09-27 02:36:31 | INFO     | exam.live_signal             | Live broadcast socket open for session 76d24405-375b-41a8-923c-688266982a87
2026-09-27 02:36:31 | INFO     | exam.live_signal             | examiner-7475f130@test.edu watching live session 76d24405-375b-41a8-923c-688266982a87 (viewer 0e1c7419fa334907843ea2fe70e5ae1f)
2026-09-27 02:36:31 | INFO     | exam.live_signal             | Viewer 0e1c7419fa334907843ea2fe70e5ae1f stopped watching session 76d24405-375b-41a8-923c-688266982a87
2026-09-27 02:36:31 | INFO     | exam.live_signal             | Live broadcast socket closed for session 76d24405-375b-41a8-923c-688266982a87
2026-09-27 02:36:31 | INFO     | exam.app                     | Shutdown complete
2026-09-27 02:36:31 | INFO     | exam.app                     | Starting AI-Based Intelligent Examination Platform (development)
2026-09-27 02:36:31 | INFO     | exam.app                     | Object storage ready: bucket exam-media
2026-09-27 02:36:31 | INFO     | exam.app                     | Session sweeper started (every 60s)
2026-09-27 02:36:31 | INFO     | exam.auth                    | Login: candidate-1620f8f8@test.edu (candidate/approved, login=approved)
2026-09-27 02:36:31 | INFO     | exam.exam                    | Session cb9b74a7-6de7-417e-a453-c939c5f55b5b started: exam='Exam 00dcd0' candidate=7dba3d56-085b-4831-b7a7-63e3d6b50525 questions=2 expires=2026-09-26T21:36:31.730009+00:00
2026-09-27 02:36:31 | INFO     | exam.auth                    | Login: examiner-0bbea013@test.edu (examiner/approved)
2026-09-27 02:36:31 | INFO     | exam.live_signal             | Live broadcast socket open for session cb9b74a7-6de7-417e-a453-c939c5f55b5b
2026-09-27 02:36:31 | INFO     | exam.live_signal             | examiner-0bbea013@test.edu watching live session cb9b74a7-6de7-417e-a453-c939c5f55b5b (viewer fddffb4735ce4e219a2caf4c08cd70d2)
2026-09-27 02:36:31 | INFO     | exam.live_signal             | Viewer fddffb4735ce4e219a2caf4c08cd70d2 stopped watching session cb9b74a7-6de7-417e-a453-c939c5f55b5b
2026-09-27 02:36:31 | INFO     | exam.live_signal             | Live broadcast socket closed for session cb9b74a7-6de7-417e-a453-c939c5f55b5b
2026-09-27 02:36:31 | INFO     | exam.app                     | Shutdown complete
2026-09-27 02:36:31 | INFO     | exam.app                     | Starting AI-Based Intelligent Examination Platform (development)
2026-09-27 02:36:31 | INFO     | exam.app                     | Object storage ready: bucket exam-media
2026-09-27 02:36:31 | INFO     | exam.app                     | Session sweeper started (every 60s)
2026-09-27 02:36:32 | INFO     | exam.auth                    | Login: candidate-de63610e@test.edu (candidate/approved, login=approved)
2026-09-27 02:36:32 | INFO     | exam.exam                    | Session a846b15b-d44b-436d-95cd-3b44b0a8bf70 started: exam='Exam 5e2390' candidate=243baaf3-9459-42bc-97ea-6d228ed211cc questions=2 expires=2026-09-26T21:36:32.154903+00:00
2026-09-27 02:36:32 | INFO     | exam.auth                    | Login: examiner-e13c7666@test.edu (examiner/approved)
2026-09-27 02:36:32 | INFO     | exam.live_signal             | Live broadcast socket open for session a846b15b-d44b-436d-95cd-3b44b0a8bf70
2026-09-27 02:36:32 | INFO     | exam.live_signal             | examiner-e13c7666@test.edu watching live session a846b15b-d44b-436d-95cd-3b44b0a8bf70 (viewer 687f5f87d1d5421da40ad35d70cc82ae)
2026-09-27 02:36:32 | INFO     | exam.live_signal             | Viewer 687f5f87d1d5421da40ad35d70cc82ae stopped watching session a846b15b-d44b-436d-95cd-3b44b0a8bf70
2026-09-27 02:36:32 | INFO     | exam.live_signal             | Live broadcast socket closed for session a846b15b-d44b-436d-95cd-3b44b0a8bf70
2026-09-27 02:36:32 | INFO     | exam.app                     | Shutdown complete
2026-09-27 02:36:32 | INFO     | exam.app                     | Starting AI-Based Intelligent Examination Platform (development)
2026-09-27 02:36:32 | INFO     | exam.app                     | Object storage ready: bucket exam-media
2026-09-27 02:36:32 | INFO     | exam.app                     | Session sweeper started (every 60s)
2026-09-27 02:36:32 | INFO     | exam.auth                    | Login: candidate-f410a9ae@test.edu (candidate/approved, login=approved)
2026-09-27 02:36:32 | INFO     | exam.exam                    | Session 54587623-d876-476a-89f0-e395ada713ec started: exam='Exam c280c5' candidate=a34437ea-29e2-4599-86dc-d2a79e27dcc0 questions=2 expires=2026-09-26T21:36:32.560364+00:00
2026-09-27 02:36:32 | INFO     | exam.auth                    | Login: examiner-162fe79b@test.edu (examiner/approved)
2026-09-27 02:36:32 | INFO     | exam.live_signal             | examiner-162fe79b@test.edu watching live session 54587623-d876-476a-89f0-e395ada713ec (viewer fc47602e4ed34a12bd36338624b8ebc5)
2026-09-27 02:36:32 | INFO     | exam.live_signal             | Live broadcast socket open for session 54587623-d876-476a-89f0-e395ada713ec
2026-09-27 02:36:32 | INFO     | exam.live_signal             | Live broadcast socket closed for session 54587623-d876-476a-89f0-e395ada713ec
2026-09-27 02:36:32 | INFO     | exam.live_signal             | Viewer fc47602e4ed34a12bd36338624b8ebc5 stopped watching session 54587623-d876-476a-89f0-e395ada713ec
2026-09-27 02:36:32 | INFO     | exam.app                     | Shutdown complete
2026-09-27 02:36:32 | INFO     | exam.app                     | Starting AI-Based Intelligent Examination Platform (development)
2026-09-27 02:36:32 | INFO     | exam.app                     | Object storage ready: bucket exam-media
2026-09-27 02:36:32 | INFO     | exam.app                     | Session sweeper started (every 60s)
2026-09-27 02:36:32 | INFO     | exam.auth                    | Login: candidate-9b413eb1@test.edu (candidate/approved, login=pending)
2026-09-27 02:36:32 | INFO     | exam.app                     | Shutdown complete
2026-09-27 02:36:32 | INFO     | exam.app                     | Starting AI-Based Intelligent Examination Platform (development)
2026-09-27 02:36:33 | INFO     | exam.app                     | Object storage ready: bucket exam-media
2026-09-27 02:36:33 | INFO     | exam.app                     | Session sweeper started (every 60s)
2026-09-27 02:36:33 | INFO     | exam.auth                    | Login: candidate-ed46f731@test.edu (candidate/approved, login=pending)
2026-09-27 02:36:33 | INFO     | exam.app                     | Shutdown complete
2026-09-27 02:36:33 | INFO     | exam.app                     | Starting AI-Based Intelligent Examination Platform (development)
2026-09-27 02:36:33 | INFO     | exam.app                     | Object storage ready: bucket exam-media
2026-09-27 02:36:33 | INFO     | exam.app                     | Session sweeper started (every 60s)
2026-09-27 02:36:33 | INFO     | exam.auth                    | Login: candidate-681865b6@test.edu (candidate/approved, login=pending)
2026-09-27 02:36:33 | WARNING  | exam.auth                    | Login-approval gate blocked candidate-681865b6@test.edu (status=pending)
2026-09-27 02:36:33 | WARNING  | exam.auth                    | Login-approval gate blocked candidate-681865b6@test.edu (status=pending)
2026-09-27 02:36:33 | WARNING  | exam.auth                    | Login-approval gate blocked candidate-681865b6@test.edu (status=pending)
2026-09-27 02:36:33 | INFO     | exam.app                     | Shutdown complete
2026-09-27 02:36:33 | INFO     | exam.app                     | Starting AI-Based Intelligent Examination Platform (development)
2026-09-27 02:36:33 | INFO     | exam.app                     | Object storage ready: bucket exam-media
2026-09-27 02:36:33 | INFO     | exam.app                     | Session sweeper started (every 60s)
2026-09-27 02:36:33 | INFO     | exam.auth                    | Login: candidate-0f014496@test.edu (candidate/approved, login=rejected)
2026-09-27 02:36:33 | WARNING  | exam.auth                    | Login-approval gate blocked candidate-0f014496@test.edu (status=rejected)
2026-09-27 02:36:33 | INFO     | exam.app                     | Shutdown complete
2026-09-27 02:36:33 | INFO     | exam.app                     | Starting AI-Based Intelligent Examination Platform (development)
2026-09-27 02:36:33 | INFO     | exam.app                     | Object storage ready: bucket exam-media
2026-09-27 02:36:33 | INFO     | exam.app                     | Session sweeper started (every 60s)
2026-09-27 02:36:33 | INFO     | exam.app                     | Shutdown complete
2026-09-27 02:36:33 | INFO     | exam.app                     | Starting AI-Based Intelligent Examination Platform (development)
2026-09-27 02:36:33 | INFO     | exam.app                     | Object storage ready: bucket exam-media
2026-09-27 02:36:33 | INFO     | exam.app                     | Session sweeper started (every 60s)
2026-09-27 02:36:34 | INFO     | exam.auth                    | Login: admin-f5ef16ab@test.edu (admin/approved)
2026-09-27 02:36:34 | INFO     | exam.app                     | Shutdown complete
2026-09-27 02:36:34 | INFO     | exam.app                     | Starting AI-Based Intelligent Examination Platform (development)
2026-09-27 02:36:34 | INFO     | exam.app                     | Object storage ready: bucket exam-media
2026-09-27 02:36:34 | INFO     | exam.app                     | Session sweeper started (every 60s)
2026-09-27 02:36:34 | INFO     | exam.auth                    | Login: candidate-90c7fac8@test.edu (candidate/approved, login=pending)
2026-09-27 02:36:34 | WARNING  | exam.auth                    | Login-approval gate blocked candidate-90c7fac8@test.edu (status=pending)
2026-09-27 02:36:34 | INFO     | exam.auth                    | Login: admin-309cdc6c@test.edu (admin/approved)
2026-09-27 02:36:35 | INFO     | exam.auth                    | Login: admin-309cdc6c@test.edu (admin/approved)
2026-09-27 02:36:35 | INFO     | exam.login-access            | admin-309cdc6c@test.edu (admin) set login access for candidate-90c7fac8@test.edu: pending -> approved (Enrolment verified)
2026-09-27 02:36:35 | INFO     | exam.auth                    | Login: candidate-90c7fac8@test.edu (candidate/approved, login=approved)
2026-09-27 02:36:35 | INFO     | exam.app                     | Shutdown complete
2026-09-27 02:36:35 | INFO     | exam.app                     | Starting AI-Based Intelligent Examination Platform (development)
2026-09-27 02:36:35 | INFO     | exam.app                     | Object storage ready: bucket exam-media
2026-09-27 02:36:35 | INFO     | exam.app                     | Session sweeper started (every 60s)
2026-09-27 02:36:35 | INFO     | exam.auth                    | Login: candidate-e54d94cb@test.edu (candidate/approved, login=approved)
2026-09-27 02:36:35 | INFO     | exam.auth                    | Login: candidate-e54d94cb@test.edu (candidate/approved, login=approved)
2026-09-27 02:36:35 | INFO     | exam.app                     | Shutdown complete
2026-09-27 02:36:35 | INFO     | exam.app                     | Starting AI-Based Intelligent Examination Platform (development)
2026-09-27 02:36:35 | INFO     | exam.app                     | Object storage ready: bucket exam-media
2026-09-27 02:36:35 | INFO     | exam.app                     | Session sweeper started (every 60s)
2026-09-27 02:36:35 | INFO     | exam.auth                    | Login: candidate-4c838282@test.edu (candidate/approved, login=approved)
2026-09-27 02:36:36 | INFO     | exam.auth                    | Login: admin-6a4aacfd@test.edu (admin/approved)
2026-09-27 02:36:36 | INFO     | exam.auth                    | Login: admin-6a4aacfd@test.edu (admin/approved)
2026-09-27 02:36:36 | INFO     | exam.login-access            | admin-6a4aacfd@test.edu (admin) set login access for candidate-4c838282@test.edu: approved -> rejected (Access revoked pending investigation)
2026-09-27 02:36:36 | INFO     | exam.auth                    | Login: candidate-4c838282@test.edu (candidate/approved, login=rejected)
2026-09-27 02:36:36 | WARNING  | exam.auth                    | Login-approval gate blocked candidate-4c838282@test.edu (status=rejected)
2026-09-27 02:36:36 | INFO     | exam.app                     | Shutdown complete
2026-09-27 02:36:36 | INFO     | exam.app                     | Starting AI-Based Intelligent Examination Platform (development)
2026-09-27 02:36:36 | INFO     | exam.app                     | Object storage ready: bucket exam-media
2026-09-27 02:36:36 | INFO     | exam.app                     | Session sweeper started (every 60s)
2026-09-27 02:36:36 | INFO     | exam.auth                    | Login: examiner-292adb07@test.edu (examiner/approved)
2026-09-27 02:36:36 | INFO     | exam.app                     | Shutdown complete
2026-09-27 02:36:36 | INFO     | exam.app                     | Starting AI-Based Intelligent Examination Platform (development)
2026-09-27 02:36:36 | INFO     | exam.app                     | Object storage ready: bucket exam-media
2026-09-27 02:36:36 | INFO     | exam.app                     | Session sweeper started (every 60s)
2026-09-27 02:36:36 | INFO     | exam.auth                    | Login: examiner-494ccb15@test.edu (examiner/approved)
2026-09-27 02:36:37 | INFO     | exam.auth                    | Login: examiner-494ccb15@test.edu (examiner/approved)
2026-09-27 02:36:37 | INFO     | exam.login-access            | examiner-494ccb15@test.edu (examiner) set login access for candidate-77950119@test.edu: pending -> approved (Enrolled in my paper)
2026-09-27 02:36:37 | INFO     | exam.auth                    | Login: candidate-77950119@test.edu (candidate/approved, login=approved)
2026-09-27 02:36:37 | INFO     | exam.app                     | Shutdown complete
2026-09-27 02:36:37 | INFO     | exam.app                     | Starting AI-Based Intelligent Examination Platform (development)
2026-09-27 02:36:37 | INFO     | exam.app                     | Object storage ready: bucket exam-media
2026-09-27 02:36:37 | INFO     | exam.app                     | Session sweeper started (every 60s)
2026-09-27 02:36:37 | INFO     | exam.auth                    | Login: admin-a019b31d@test.edu (admin/approved)
2026-09-27 02:36:37 | INFO     | exam.auth                    | Login: examiner-60073ad0@test.edu (examiner/approved)
2026-09-27 02:36:37 | WARNING  | exam.login-access            | examiner-60073ad0@test.edu tried to review candidate-66cc471c@test.edu, who is outside their scope
2026-09-27 02:36:37 | INFO     | exam.auth                    | Login: candidate-66cc471c@test.edu (candidate/approved, login=pending)
2026-09-27 02:36:37 | WARNING  | exam.auth                    | Login-approval gate blocked candidate-66cc471c@test.edu (status=pending)
2026-09-27 02:36:37 | INFO     | exam.app                     | Shutdown complete
2026-09-27 02:36:37 | INFO     | exam.app                     | Starting AI-Based Intelligent Examination Platform (development)
2026-09-27 02:36:37 | INFO     | exam.app                     | Object storage ready: bucket exam-media
2026-09-27 02:36:37 | INFO     | exam.app                     | Session sweeper started (every 60s)
2026-09-27 02:36:38 | INFO     | exam.auth                    | Login: candidate-6aebb345@test.edu (candidate/approved, login=approved)
2026-09-27 02:36:38 | WARNING  | exam.auth                    | Role denied: candidate-6aebb345@test.edu (candidate) tried a examiner/admin-only route
2026-09-27 02:36:38 | INFO     | exam.app                     | Shutdown complete
2026-09-27 02:36:38 | INFO     | exam.app                     | Starting AI-Based Intelligent Examination Platform (development)
2026-09-27 02:36:38 | INFO     | exam.app                     | Object storage ready: bucket exam-media
2026-09-27 02:36:38 | INFO     | exam.app                     | Session sweeper started (every 60s)
2026-09-27 02:36:38 | INFO     | exam.auth                    | Login: admin-2dd136bc@test.edu (admin/approved)
2026-09-27 02:36:38 | INFO     | exam.auth                    | Login: candidate-3d62cb78@test.edu (candidate/approved, login=pending)
2026-09-27 02:36:38 | WARNING  | exam.auth                    | Role denied: candidate-3d62cb78@test.edu (candidate) tried a examiner/admin-only route
2026-09-27 02:36:38 | INFO     | exam.auth                    | Login: candidate-3d62cb78@test.edu (candidate/approved, login=pending)
2026-09-27 02:36:38 | WARNING  | exam.auth                    | Login-approval gate blocked candidate-3d62cb78@test.edu (status=pending)
2026-09-27 02:36:38 | INFO     | exam.app                     | Shutdown complete
2026-09-27 02:36:38 | INFO     | exam.app                     | Starting AI-Based Intelligent Examination Platform (development)
2026-09-27 02:36:38 | INFO     | exam.app                     | Object storage ready: bucket exam-media
2026-09-27 02:36:38 | INFO     | exam.app                     | Session sweeper started (every 60s)
2026-09-27 02:36:38 | INFO     | exam.auth                    | Login: candidate-1dd9b856@test.edu (candidate/approved, login=pending)
2026-09-27 02:36:38 | WARNING  | exam.auth                    | Role denied: candidate-1dd9b856@test.edu (candidate) tried a admin-only route
2026-09-27 02:36:38 | INFO     | exam.app                     | Shutdown complete
2026-09-27 02:36:38 | INFO     | exam.app                     | Starting AI-Based Intelligent Examination Platform (development)
2026-09-27 02:36:38 | INFO     | exam.app                     | Object storage ready: bucket exam-media
2026-09-27 02:36:38 | INFO     | exam.app                     | Session sweeper started (every 60s)
2026-09-27 02:36:39 | INFO     | exam.auth                    | Login: candidate-67855d7a@test.edu (candidate/approved, login=approved)
2026-09-27 02:36:39 | WARNING  | exam.auth                    | Role denied: candidate-67855d7a@test.edu (candidate) tried a examiner/admin-only route
2026-09-27 02:36:39 | INFO     | exam.app                     | Shutdown complete
2026-09-27 02:36:39 | INFO     | exam.app                     | Starting AI-Based Intelligent Examination Platform (development)
2026-09-27 02:36:39 | INFO     | exam.app                     | Object storage ready: bucket exam-media
2026-09-27 02:36:39 | INFO     | exam.app                     | Session sweeper started (every 60s)
2026-09-27 02:36:39 | INFO     | exam.auth                    | Login: candidate-081e9261@test.edu (candidate/approved, login=approved)
2026-09-27 02:36:39 | INFO     | exam.app                     | Shutdown complete
2026-09-27 02:36:39 | INFO     | exam.app                     | Starting AI-Based Intelligent Examination Platform (development)
2026-09-27 02:36:39 | INFO     | exam.app                     | Object storage ready: bucket exam-media
2026-09-27 02:36:39 | INFO     | exam.app                     | Session sweeper started (every 60s)
2026-09-27 02:36:39 | INFO     | exam.auth                    | Login: candidate-3b4d8773@test.edu (candidate/approved, login=approved)
2026-09-27 02:36:39 | WARNING  | exam.exam                    | Candidate 40a109b2-a079-4f8b-8f22-f7c7d8f60a0b tried to start exam 48c86451-967b-4d2a-9bbd-0d3b5825e078 without an enrolment
2026-09-27 02:36:39 | INFO     | exam.app                     | Shutdown complete
2026-09-27 02:36:39 | INFO     | exam.app                     | Starting AI-Based Intelligent Examination Platform (development)
2026-09-27 02:36:39 | INFO     | exam.app                     | Object storage ready: bucket exam-media
2026-09-27 02:36:39 | INFO     | exam.app                     | Session sweeper started (every 60s)
2026-09-27 02:36:40 | INFO     | exam.auth                    | Login: candidate-09597fa6@test.edu (candidate/approved, login=approved)
2026-09-27 02:36:40 | INFO     | exam.auth                    | Login: examiner-dbdcce6c@test.edu (examiner/approved)
2026-09-27 02:36:40 | INFO     | exam.login-access            | examiner-dbdcce6c@test.edu enrolled 1 candidate(s) in 'Exam e2b340'
2026-09-27 02:36:40 | INFO     | exam.exam                    | Session eb44b83f-d296-4994-8207-b8883ad23424 started: exam='Exam e2b340' candidate=7ee985d5-915c-402d-a6ff-86f327563196 questions=2 expires=2026-09-26T21:36:40.350066+00:00
2026-09-27 02:36:40 | INFO     | exam.app                     | Shutdown complete
2026-09-27 02:36:40 | INFO     | exam.app                     | Starting AI-Based Intelligent Examination Platform (development)
2026-09-27 02:36:40 | INFO     | exam.app                     | Object storage ready: bucket exam-media
2026-09-27 02:36:40 | INFO     | exam.app                     | Session sweeper started (every 60s)
2026-09-27 02:36:40 | INFO     | exam.auth                    | Login: examiner-1d2283bf@test.edu (examiner/approved)
2026-09-27 02:36:40 | INFO     | exam.login-access            | examiner-1d2283bf@test.edu enrolled 1 candidate(s) in 'Exam b16103'
2026-09-27 02:36:40 | INFO     | exam.login-access            | examiner-1d2283bf@test.edu enrolled 0 candidate(s) in 'Exam b16103'
2026-09-27 02:36:40 | INFO     | exam.app                     | Shutdown complete
2026-09-27 02:36:40 | INFO     | exam.app                     | Starting AI-Based Intelligent Examination Platform (development)
2026-09-27 02:36:40 | INFO     | exam.app                     | Object storage ready: bucket exam-media
2026-09-27 02:36:40 | INFO     | exam.app                     | Session sweeper started (every 60s)
2026-09-27 02:36:41 | INFO     | exam.auth                    | Login: candidate-c62e3b4a@test.edu (candidate/approved, login=approved)
2026-09-27 02:36:41 | INFO     | exam.exam                    | Session f54c1748-8b5f-43c1-bfd8-318616d8e9b5 started: exam='Exam a8701c' candidate=a27a5f94-16c4-4e2c-a25f-2b465838d1a0 questions=2 expires=2026-09-26T21:36:41.085973+00:00
2026-09-27 02:36:41 | INFO     | exam.auth                    | Login: examiner-a65cc8b5@test.edu (examiner/approved)
2026-09-27 02:36:41 | INFO     | exam.app                     | Shutdown complete
2026-09-27 02:36:41 | INFO     | exam.app                     | Starting AI-Based Intelligent Examination Platform (development)
2026-09-27 02:36:41 | INFO     | exam.app                     | Object storage ready: bucket exam-media
2026-09-27 02:36:41 | INFO     | exam.app                     | Session sweeper started (every 60s)
2026-09-27 02:36:41 | INFO     | exam.auth                    | Login: examiner-7d0b60bb@test.edu (examiner/approved)
2026-09-27 02:36:41 | INFO     | exam.app                     | Shutdown complete
2026-09-27 02:36:41 | INFO     | exam.app                     | Starting AI-Based Intelligent Examination Platform (development)
2026-09-27 02:36:41 | INFO     | exam.app                     | Object storage ready: bucket exam-media
2026-09-27 02:36:41 | INFO     | exam.app                     | Session sweeper started (every 60s)
2026-09-27 02:36:41 | INFO     | exam.auth                    | Login: admin-e2c74bf4@test.edu (admin/approved)
2026-09-27 02:36:41 | INFO     | exam.app                     | Shutdown complete
2026-09-27 02:36:42 | INFO     | exam.app                     | Starting AI-Based Intelligent Examination Platform (development)
2026-09-27 02:36:42 | INFO     | exam.app                     | Object storage ready: bucket exam-media
2026-09-27 02:36:42 | INFO     | exam.app                     | Session sweeper started (every 60s)
2026-09-27 02:36:43 | INFO     | exam.auth                    | Login: candidate-c71263c7@test.edu (candidate/approved, login=approved)
2026-09-27 02:36:43 | INFO     | exam.app                     | Shutdown complete
2026-09-27 02:36:43 | INFO     | exam.app                     | Starting AI-Based Intelligent Examination Platform (development)
2026-09-27 02:36:43 | INFO     | exam.app                     | Object storage ready: bucket exam-media
2026-09-27 02:36:43 | INFO     | exam.app                     | Session sweeper started (every 60s)
2026-09-27 02:36:43 | INFO     | exam.auth                    | Login: examiner-451bab66@test.edu (examiner/approved)
2026-09-27 02:36:43 | INFO     | exam.exams                   | examiner-451bab66@test.edu created academic exam 'Multilingual exam'
2026-09-27 02:36:43 | INFO     | exam.app                     | Shutdown complete
2026-09-27 02:36:43 | INFO     | exam.app                     | Starting AI-Based Intelligent Examination Platform (development)
2026-09-27 02:36:43 | INFO     | exam.app                     | Object storage ready: bucket exam-media
2026-09-27 02:36:43 | INFO     | exam.app                     | Session sweeper started (every 60s)
2026-09-27 02:36:43 | INFO     | exam.auth                    | Login: examiner-81f3d704@test.edu (examiner/approved)
2026-09-27 02:36:43 | INFO     | exam.app                     | Shutdown complete
2026-09-27 02:36:44 | INFO     | exam.app                     | Starting AI-Based Intelligent Examination Platform (development)
2026-09-27 02:36:44 | INFO     | exam.app                     | Object storage ready: bucket exam-media
2026-09-27 02:36:44 | INFO     | exam.app                     | Session sweeper started (every 60s)
2026-09-27 02:36:44 | INFO     | exam.auth                    | Login: candidate-486b89e6@test.edu (candidate/approved, login=approved)
2026-09-27 02:36:44 | INFO     | exam.exam                    | Session d3973c91-a8af-417f-a05e-0fd6200a3be7 started: exam='Exam 108a51' candidate=4ee21515-58d0-4764-aa32-453a90d955f3 questions=1 expires=2026-09-26T21:36:44.617991+00:00
2026-09-27 02:36:44 | INFO     | exam.app                     | Shutdown complete
2026-09-27 02:36:48 | INFO     | exam.app                     | Starting AI-Based Intelligent Examination Platform (development)
2026-09-27 02:36:48 | INFO     | exam.app                     | Object storage ready: bucket exam-media
2026-09-27 02:36:48 | INFO     | exam.app                     | Session sweeper started (every 60s)
2026-09-27 02:36:48 | INFO     | exam.auth                    | Login: candidate-e48ba1f0@test.edu (candidate/approved, login=approved)
2026-09-27 02:36:48 | INFO     | exam.exam                    | Session 60789eb8-0bef-4955-bbc9-ef45b67d7646 started: exam='Exam f04d14' candidate=6fef4101-2b55-4e4c-a4c4-25941659dec0 questions=2 expires=2026-09-26T21:36:48.506378+00:00
2026-09-27 02:36:48 | INFO     | exam.exam                    | Session 60789eb8-0bef-4955-bbc9-ef45b67d7646 finalised as submitted: 2 auto-scored, 0 queued for review
2026-09-27 02:36:48 | INFO     | exam.auth                    | Login: examiner-17d2000b@test.edu (examiner/approved)
2026-09-27 02:36:48 | INFO     | exam.grading                 | examiner-17d2000b@test.edu published the result for candidate-e48ba1f0@test.edu on 'Exam f04d14'
2026-09-27 02:36:48 | INFO     | exam.app                     | Shutdown complete
2026-09-27 02:36:48 | INFO     | exam.app                     | Starting AI-Based Intelligent Examination Platform (development)
2026-09-27 02:36:48 | INFO     | exam.app                     | Object storage ready: bucket exam-media
2026-09-27 02:36:48 | INFO     | exam.app                     | Session sweeper started (every 60s)
2026-09-27 02:36:49 | INFO     | exam.auth                    | Login: candidate-e583407f@test.edu (candidate/approved, login=approved)
2026-09-27 02:36:49 | INFO     | exam.exam                    | Session ae736ca4-9e20-4ea2-8e3d-6c00743cf7a1 started: exam='Exam ce459d' candidate=ea45ab20-7313-4f61-97c9-bd523cd29655 questions=2 expires=2026-09-26T21:36:49.275267+00:00
2026-09-27 02:36:49 | INFO     | exam.exam                    | Session ae736ca4-9e20-4ea2-8e3d-6c00743cf7a1 finalised as submitted: 2 auto-scored, 0 queued for review
2026-09-27 02:36:49 | INFO     | exam.auth                    | Login: examiner-c0cb1e34@test.edu (examiner/approved)
2026-09-27 02:36:49 | INFO     | exam.grading                 | examiner-c0cb1e34@test.edu published the result for candidate-e583407f@test.edu on 'Exam ce459d'
2026-09-27 02:36:49 | INFO     | exam.app                     | Shutdown complete
2026-09-27 02:36:50 | INFO     | exam.app                     | Starting AI-Based Intelligent Examination Platform (development)
2026-09-27 02:36:50 | INFO     | exam.app                     | Object storage ready: bucket exam-media
2026-09-27 02:36:50 | INFO     | exam.app                     | Session sweeper started (every 60s)
2026-09-27 02:36:50 | INFO     | exam.auth                    | Login: examiner-bbc0f78a@test.edu (examiner/approved)
2026-09-27 02:36:50 | INFO     | exam.app                     | Shutdown complete
2026-09-27 02:36:50 | INFO     | exam.app                     | Starting AI-Based Intelligent Examination Platform (development)
2026-09-27 02:36:50 | INFO     | exam.app                     | Object storage ready: bucket exam-media
2026-09-27 02:36:50 | INFO     | exam.app                     | Session sweeper started (every 60s)
2026-09-27 02:36:51 | INFO     | exam.auth                    | Login: examiner-15dbe58b@test.edu (examiner/approved)
2026-09-27 02:36:51 | INFO     | exam.pdf_extract             | Extracted 3640 chars from 2 page(s) (0 empty, truncated=False)
2026-09-27 02:36:51 | INFO     | exam.ai_generator            | Using stub AI generator (3 questions)
2026-09-27 02:36:51 | INFO     | exam.ai_questions            | examiner-15dbe58b@test.edu imported notes.pdf (2 pages, 3640 chars) -> 3 draft(s), grounded=False
2026-09-27 02:36:51 | INFO     | exam.app                     | Shutdown complete
2026-09-27 02:36:51 | INFO     | exam.app                     | Starting AI-Based Intelligent Examination Platform (development)
2026-09-27 02:36:51 | INFO     | exam.app                     | Object storage ready: bucket exam-media
2026-09-27 02:36:51 | INFO     | exam.app                     | Session sweeper started (every 60s)
2026-09-27 02:36:51 | INFO     | exam.auth                    | Login: examiner-93f7211b@test.edu (examiner/approved)
2026-09-27 02:36:51 | INFO     | exam.pdf_extract             | Extracted 3640 chars from 2 page(s) (0 empty, truncated=False)
2026-09-27 02:36:51 | INFO     | exam.ai_generator            | Using stub AI generator (3 questions)
2026-09-27 02:36:51 | INFO     | exam.ai_questions            | examiner-93f7211b@test.edu imported syllabus-2026.pdf (2 pages, 3640 chars) -> 3 draft(s), grounded=False
2026-09-27 02:36:51 | INFO     | exam.app                     | Shutdown complete
2026-09-27 02:36:51 | INFO     | exam.app                     | Starting AI-Based Intelligent Examination Platform (development)
2026-09-27 02:36:51 | INFO     | exam.app                     | Object storage ready: bucket exam-media
2026-09-27 02:36:51 | INFO     | exam.app                     | Session sweeper started (every 60s)
2026-09-27 02:36:51 | INFO     | exam.auth                    | Login: examiner-a2a54724@test.edu (examiner/approved)
2026-09-27 02:36:51 | INFO     | exam.pdf_extract             | Extracted 3640 chars from 2 page(s) (0 empty, truncated=False)
2026-09-27 02:36:51 | INFO     | exam.ai_generator            | Using stub AI generator (3 questions)
2026-09-27 02:36:51 | INFO     | exam.ai_questions            | examiner-a2a54724@test.edu imported notes.pdf (2 pages, 3640 chars) -> 3 draft(s), grounded=False
2026-09-27 02:36:51 | INFO     | exam.app                     | Shutdown complete
2026-09-27 02:36:51 | INFO     | exam.app                     | Starting AI-Based Intelligent Examination Platform (development)
2026-09-27 02:36:51 | INFO     | exam.app                     | Object storage ready: bucket exam-media
2026-09-27 02:36:51 | INFO     | exam.app                     | Session sweeper started (every 60s)
2026-09-27 02:36:52 | INFO     | exam.auth                    | Login: examiner-267813ec@test.edu (examiner/approved)
2026-09-27 02:36:52 | INFO     | exam.app                     | Shutdown complete
2026-09-27 02:36:52 | INFO     | exam.app                     | Starting AI-Based Intelligent Examination Platform (development)
2026-09-27 02:36:52 | INFO     | exam.app                     | Object storage ready: bucket exam-media
2026-09-27 02:36:52 | INFO     | exam.app                     | Session sweeper started (every 60s)
2026-09-27 02:36:52 | INFO     | exam.auth                    | Login: examiner-37f0f965@test.edu (examiner/approved)
2026-09-27 02:36:52 | INFO     | exam.app                     | Shutdown complete
2026-09-27 02:36:52 | INFO     | exam.app                     | Starting AI-Based Intelligent Examination Platform (development)
2026-09-27 02:36:52 | INFO     | exam.app                     | Object storage ready: bucket exam-media
2026-09-27 02:36:52 | INFO     | exam.app                     | Session sweeper started (every 60s)
2026-09-27 02:36:52 | INFO     | exam.auth                    | Login: examiner-56c60607@test.edu (examiner/approved)
2026-09-27 02:36:52 | INFO     | exam.app                     | Shutdown complete
2026-09-27 02:36:52 | INFO     | exam.app                     | Starting AI-Based Intelligent Examination Platform (development)
2026-09-27 02:36:52 | INFO     | exam.app                     | Object storage ready: bucket exam-media
2026-09-27 02:36:52 | INFO     | exam.app                     | Session sweeper started (every 60s)
2026-09-27 02:36:52 | INFO     | exam.auth                    | Login: examiner-de30004a@test.edu (examiner/approved)
2026-09-27 02:36:52 | INFO     | exam.pdf_extract             | Extracted 3640 chars from 2 page(s) (0 empty, truncated=False)
2026-09-27 02:36:52 | INFO     | exam.ai_generator            | Using stub AI generator (3 questions)
2026-09-27 02:36:52 | INFO     | exam.ai_questions            | examiner-de30004a@test.edu imported notes.pdf (2 pages, 3640 chars) -> 3 draft(s), grounded=False
2026-09-27 02:36:52 | INFO     | exam.app                     | Shutdown complete
2026-09-27 02:36:52 | INFO     | exam.app                     | Starting AI-Based Intelligent Examination Platform (development)
2026-09-27 02:36:52 | INFO     | exam.app                     | Object storage ready: bucket exam-media
2026-09-27 02:36:52 | INFO     | exam.app                     | Session sweeper started (every 60s)
2026-09-27 02:36:52 | INFO     | exam.auth                    | Login: candidate-af947ca2@test.edu (candidate/approved, login=approved)
2026-09-27 02:36:52 | WARNING  | exam.auth                    | Role denied: candidate-af947ca2@test.edu (candidate) tried a examiner/admin-only route
2026-09-27 02:36:52 | INFO     | exam.app                     | Shutdown complete
2026-09-27 02:36:52 | INFO     | exam.app                     | Starting AI-Based Intelligent Examination Platform (development)
2026-09-27 02:36:52 | INFO     | exam.app                     | Object storage ready: bucket exam-media
2026-09-27 02:36:52 | INFO     | exam.app                     | Session sweeper started (every 60s)
2026-09-27 02:36:53 | INFO     | exam.auth                    | Login: examiner-04878f8d@test.edu (examiner/approved)
2026-09-27 02:36:53 | INFO     | exam.pdf_extract             | Extracted 3640 chars from 2 page(s) (0 empty, truncated=False)
2026-09-27 02:36:53 | INFO     | exam.ai_generator            | Using stub AI generator (1 questions)
2026-09-27 02:36:53 | INFO     | exam.ai_questions            | examiner-04878f8d@test.edu imported notes.pdf (2 pages, 3640 chars) -> 1 draft(s), grounded=False
2026-09-27 02:36:53 | INFO     | exam.ai_questions            | examiner-04878f8d@test.edu approved AI draft b4a47388-8798-43b5-8fc0-d62045281441 → question 06737e30-bb82-4fd6-af24-29ff3c95ab00
2026-09-27 02:36:53 | INFO     | exam.app                     | Shutdown complete
2026-09-27 02:36:57 | INFO     | exam.app                     | Starting AI-Based Intelligent Examination Platform (development)
2026-09-27 02:36:57 | INFO     | exam.app                     | Object storage ready: bucket exam-media
2026-09-27 02:36:57 | INFO     | exam.app                     | Session sweeper started (every 60s)
2026-09-27 02:36:57 | INFO     | exam.auth                    | Login: examiner-e13d9da8@test.edu (examiner/approved)
2026-09-27 02:36:57 | INFO     | exam.app                     | Shutdown complete
2026-09-27 02:36:57 | INFO     | exam.app                     | Starting AI-Based Intelligent Examination Platform (development)
2026-09-27 02:36:57 | INFO     | exam.app                     | Object storage ready: bucket exam-media
2026-09-27 02:36:57 | INFO     | exam.app                     | Session sweeper started (every 60s)
2026-09-27 02:36:58 | INFO     | exam.auth                    | Login: examiner-7bcb7f11@test.edu (examiner/approved)
2026-09-27 02:36:58 | INFO     | exam.app                     | Shutdown complete
2026-09-27 02:36:58 | INFO     | exam.app                     | Starting AI-Based Intelligent Examination Platform (development)
2026-09-27 02:36:58 | INFO     | exam.app                     | Object storage ready: bucket exam-media
2026-09-27 02:36:58 | INFO     | exam.app                     | Session sweeper started (every 60s)
2026-09-27 02:36:58 | INFO     | exam.auth                    | Login: examiner-b8575576@test.edu (examiner/approved)
2026-09-27 02:36:58 | INFO     | exam.exams                   | examiner-b8575576@test.edu added 0 question(s) to exam 913864a7-18ee-44dc-9022-fafe8568c9c6
2026-09-27 02:36:58 | INFO     | exam.app                     | Shutdown complete
2026-09-27 02:36:58 | INFO     | exam.app                     | Starting AI-Based Intelligent Examination Platform (development)
2026-09-27 02:36:58 | INFO     | exam.app                     | Object storage ready: bucket exam-media
2026-09-27 02:36:58 | INFO     | exam.app                     | Session sweeper started (every 60s)
2026-09-27 02:36:58 | INFO     | exam.auth                    | Login: examiner-3173acb7@test.edu (examiner/approved)
2026-09-27 02:36:58 | INFO     | exam.app                     | Shutdown complete
2026-09-27 02:36:59 | INFO     | exam.app                     | Starting AI-Based Intelligent Examination Platform (development)
2026-09-27 02:36:59 | INFO     | exam.app                     | Object storage ready: bucket exam-media
2026-09-27 02:36:59 | INFO     | exam.app                     | Session sweeper started (every 60s)
2026-09-27 02:36:59 | INFO     | exam.auth                    | Login: examiner-32c0ef43@test.edu (examiner/approved)
2026-09-27 02:36:59 | INFO     | exam.app                     | Shutdown complete
2026-09-27 02:36:59 | INFO     | exam.app                     | Starting AI-Based Intelligent Examination Platform (development)
2026-09-27 02:36:59 | INFO     | exam.app                     | Object storage ready: bucket exam-media
2026-09-27 02:36:59 | INFO     | exam.app                     | Session sweeper started (every 60s)
2026-09-27 02:36:59 | INFO     | exam.auth                    | Login: examiner-09805541@test.edu (examiner/approved)
2026-09-27 02:37:00 | INFO     | exam.exams                   | examiner-09805541@test.edu added 1 question(s) to exam 2ab9df98-8239-4a0e-b8df-ae1c7a227172
2026-09-27 02:37:00 | INFO     | exam.app                     | Shutdown complete
2026-09-27 02:37:00 | INFO     | exam.app                     | Starting AI-Based Intelligent Examination Platform (development)
2026-09-27 02:37:00 | INFO     | exam.app                     | Object storage ready: bucket exam-media
2026-09-27 02:37:00 | INFO     | exam.app                     | Session sweeper started (every 60s)
2026-09-27 02:37:00 | INFO     | exam.auth                    | Login: candidate-eaf2bbf2@test.edu (candidate/approved, login=approved)
2026-09-27 02:37:00 | INFO     | exam.exam                    | Session e9d18000-d0c0-4182-8559-5383a369a074 started: exam='Exam 07fbdf' candidate=00c1cd13-0719-4538-8e3d-faa6e58c5de0 questions=2 expires=2026-09-26T21:37:00.526524+00:00
2026-09-27 02:37:00 | INFO     | exam.proctor                 | Proctor socket open for session e9d18000-d0c0-4182-8559-5383a369a074
2026-09-27 02:37:00 | INFO     | exam.proctor                 | Proctor socket closed for session e9d18000-d0c0-4182-8559-5383a369a074
2026-09-27 02:37:00 | INFO     | exam.app                     | Shutdown complete
2026-09-27 02:37:00 | INFO     | exam.app                     | Starting AI-Based Intelligent Examination Platform (development)
2026-09-27 02:37:00 | INFO     | exam.app                     | Object storage ready: bucket exam-media
2026-09-27 02:37:00 | INFO     | exam.app                     | Session sweeper started (every 60s)
2026-09-27 02:37:00 | INFO     | exam.auth                    | Login: candidate-3f75dff6@test.edu (candidate/approved, login=approved)
2026-09-27 02:37:01 | INFO     | exam.exam                    | Session fbd8744d-e822-406a-8a72-99e6c010f0cf started: exam='Exam c5d9bf' candidate=0c36d5ee-7ca9-4a34-9aba-afdd6564de4c questions=2 expires=2026-09-26T21:37:00.996262+00:00
2026-09-27 02:37:01 | INFO     | exam.app                     | Shutdown complete
2026-09-27 02:37:01 | INFO     | exam.app                     | Starting AI-Based Intelligent Examination Platform (development)
2026-09-27 02:37:01 | INFO     | exam.app                     | Object storage ready: bucket exam-media
2026-09-27 02:37:01 | INFO     | exam.app                     | Session sweeper started (every 60s)
2026-09-27 02:37:01 | INFO     | exam.auth                    | Login: candidate-595544d1@test.edu (candidate/approved, login=approved)
2026-09-27 02:37:01 | INFO     | exam.exam                    | Session d08c65cb-aecd-411f-b65c-4b225bdbdef3 started: exam='Exam eab54f' candidate=725d9c8e-e58d-409c-acab-4b35083949c2 questions=2 expires=2026-09-26T21:37:01.446327+00:00
2026-09-27 02:37:01 | INFO     | exam.app                     | Shutdown complete
2026-09-27 02:37:01 | INFO     | exam.app                     | Starting AI-Based Intelligent Examination Platform (development)
2026-09-27 02:37:01 | INFO     | exam.app                     | Object storage ready: bucket exam-media
2026-09-27 02:37:01 | INFO     | exam.app                     | Session sweeper started (every 60s)
2026-09-27 02:37:01 | INFO     | exam.auth                    | Login: candidate-88d7f180@test.edu (candidate/approved, login=approved)
2026-09-27 02:37:01 | INFO     | exam.exam                    | Session 34ce06b5-5c58-4371-8227-2b26301b921e started: exam='Exam fc4cdd' candidate=b99ac4e2-5b55-4a11-8ad3-08ccd514d2b2 questions=2 expires=2026-09-26T21:37:01.822039+00:00
2026-09-27 02:37:01 | INFO     | exam.auth                    | Login: candidate-bc88f9aa@test.edu (candidate/approved, login=approved)
2026-09-27 02:37:01 | WARNING  | exam.auth                    | Exam token misuse over WS: token for b99ac4e2-5b55-4a11-8ad3-08ccd514d2b2 presented by 7f3b854b-6df8-452e-ba6a-44f786c9d4c7
2026-09-27 02:37:01 | INFO     | exam.app                     | Shutdown complete
2026-09-27 02:37:01 | INFO     | exam.app                     | Starting AI-Based Intelligent Examination Platform (development)
2026-09-27 02:37:01 | INFO     | exam.app                     | Object storage ready: bucket exam-media
2026-09-27 02:37:01 | INFO     | exam.app                     | Session sweeper started (every 60s)
2026-09-27 02:37:02 | INFO     | exam.auth                    | Login: candidate-e3d2d6fb@test.edu (candidate/approved, login=approved)
2026-09-27 02:37:02 | INFO     | exam.exam                    | Session 8165d992-c857-4b6c-a37c-cca6032cae9f started: exam='Exam 1c9679' candidate=e7cb348a-a882-4991-8f8b-86499054a163 questions=2 expires=2026-09-26T21:37:02.335840+00:00
2026-09-27 02:37:02 | INFO     | exam.auth                    | Login: candidate-7e5b7e2f@test.edu (candidate/approved, login=approved)
2026-09-27 02:37:02 | INFO     | exam.exam                    | Session e4da9d18-aa57-4971-91a7-dee458e5ea24 started: exam='Exam 1c9679' candidate=3a5bc0d3-9fb6-45be-8cf1-08a4ee1cde6f questions=2 expires=2026-09-26T21:37:02.519561+00:00
2026-09-27 02:37:02 | INFO     | exam.app                     | Shutdown complete
2026-09-27 02:37:02 | INFO     | exam.app                     | Starting AI-Based Intelligent Examination Platform (development)
2026-09-27 02:37:02 | INFO     | exam.app                     | Object storage ready: bucket exam-media
2026-09-27 02:37:02 | INFO     | exam.app                     | Session sweeper started (every 60s)
2026-09-27 02:37:03 | INFO     | exam.auth                    | Login: candidate-241d7440@test.edu (candidate/approved, login=approved)
2026-09-27 02:37:03 | INFO     | exam.exam                    | Session 166dae05-0f7b-4592-b90f-ebcb8411a2a9 started: exam='Exam eca68b' candidate=6d455939-2533-4083-8809-89b39137258d questions=2 expires=2026-09-26T21:37:03.168444+00:00
2026-09-27 02:37:03 | INFO     | exam.proctor                 | Proctor socket open for session 166dae05-0f7b-4592-b90f-ebcb8411a2a9
2026-09-27 02:37:03 | INFO     | exam.proctor                 | Proctor socket closed for session 166dae05-0f7b-4592-b90f-ebcb8411a2a9
2026-09-27 02:37:03 | INFO     | exam.app                     | Shutdown complete
2026-09-27 02:37:03 | INFO     | exam.app                     | Starting AI-Based Intelligent Examination Platform (development)
2026-09-27 02:37:03 | INFO     | exam.app                     | Object storage ready: bucket exam-media
2026-09-27 02:37:03 | INFO     | exam.app                     | Session sweeper started (every 60s)
2026-09-27 02:37:03 | INFO     | exam.auth                    | Login: candidate-744d5cf6@test.edu (candidate/approved, login=approved)
2026-09-27 02:37:03 | INFO     | exam.exam                    | Session 43649f34-0d90-4f68-9f58-76c0ccc41130 started: exam='Exam 4cb38b' candidate=4861fce7-df6d-48a2-892d-14afc307e19b questions=2 expires=2026-09-26T21:37:03.603050+00:00
2026-09-27 02:37:03 | INFO     | exam.proctor                 | Proctor socket open for session 43649f34-0d90-4f68-9f58-76c0ccc41130
2026-09-27 02:37:03 | INFO     | exam.proctor                 | Proctor socket closed for session 43649f34-0d90-4f68-9f58-76c0ccc41130
2026-09-27 02:37:03 | INFO     | exam.app                     | Shutdown complete
2026-09-27 02:37:03 | INFO     | exam.app                     | Starting AI-Based Intelligent Examination Platform (development)
2026-09-27 02:37:03 | INFO     | exam.app                     | Object storage ready: bucket exam-media
2026-09-27 02:37:03 | INFO     | exam.app                     | Session sweeper started (every 60s)
2026-09-27 02:37:04 | INFO     | exam.auth                    | Login: candidate-14e0c171@test.edu (candidate/approved, login=approved)
2026-09-27 02:37:04 | INFO     | exam.exam                    | Session 057868f1-675f-4b5b-bf7a-381b10b5796c started: exam='Exam 48d192' candidate=0c5cbbfb-0f43-4b2e-97b2-4524055c136f questions=2 expires=2026-09-26T21:37:04.156759+00:00
2026-09-27 02:37:04 | INFO     | exam.proctor                 | Proctor socket open for session 057868f1-675f-4b5b-bf7a-381b10b5796c
2026-09-27 02:37:04 | WARNING  | exam.proctor                 | Session 057868f1-675f-4b5b-bf7a-381b10b5796c flagged: score=23.1 tab_switches=3 left_exam=3
2026-09-27 02:37:04 | INFO     | exam.exam                    | Session 057868f1-675f-4b5b-bf7a-381b10b5796c finalised as auto_submitted: 0 auto-scored, 0 queued for review
2026-09-27 02:37:04 | WARNING  | exam.proctor                 | Session 057868f1-675f-4b5b-bf7a-381b10b5796c AUTO-SUBMITTED after 3 focus violation(s)
2026-09-27 02:37:04 | INFO     | exam.app                     | Shutdown complete
2026-09-27 02:37:04 | INFO     | exam.app                     | Starting AI-Based Intelligent Examination Platform (development)
2026-09-27 02:37:04 | INFO     | exam.app                     | Object storage ready: bucket exam-media
2026-09-27 02:37:04 | INFO     | exam.app                     | Session sweeper started (every 60s)
2026-09-27 02:37:04 | INFO     | exam.auth                    | Login: candidate-c1e67bc7@test.edu (candidate/approved, login=approved)
2026-09-27 02:37:05 | INFO     | exam.exam                    | Session b6d1693a-f510-4592-bfd4-13334edc81db started: exam='Exam e6fda9' candidate=10d6bf97-aaf3-4f65-afc0-96c708d42a3c questions=2 expires=2026-09-26T21:37:05.014889+00:00
2026-09-27 02:37:05 | INFO     | exam.proctor                 | Proctor socket open for session b6d1693a-f510-4592-bfd4-13334edc81db
2026-09-27 02:37:05 | INFO     | exam.proctor                 | Proctor socket closed for session b6d1693a-f510-4592-bfd4-13334edc81db
2026-09-27 02:37:05 | INFO     | exam.app                     | Shutdown complete
2026-09-27 02:37:05 | INFO     | exam.app                     | Starting AI-Based Intelligent Examination Platform (development)
2026-09-27 02:37:05 | INFO     | exam.app                     | Object storage ready: bucket exam-media
2026-09-27 02:37:05 | INFO     | exam.app                     | Session sweeper started (every 60s)
2026-09-27 02:37:05 | INFO     | exam.auth                    | Login: candidate-35b05447@test.edu (candidate/approved, login=approved)
2026-09-27 02:37:05 | INFO     | exam.exam                    | Session 79e6ec66-0093-4510-8c5f-c1527a2bd610 started: exam='Exam 6ae22c' candidate=ceb98783-492e-4937-b4b6-5e72ff5372f9 questions=2 expires=2026-09-26T21:37:05.585898+00:00
2026-09-27 02:37:05 | INFO     | exam.proctor                 | Proctor socket open for session 79e6ec66-0093-4510-8c5f-c1527a2bd610
2026-09-27 02:37:05 | INFO     | exam.proctor                 | Proctor socket closed for session 79e6ec66-0093-4510-8c5f-c1527a2bd610
2026-09-27 02:37:05 | INFO     | exam.app                     | Shutdown complete
2026-09-27 02:37:05 | INFO     | exam.app                     | Starting AI-Based Intelligent Examination Platform (development)
2026-09-27 02:37:05 | INFO     | exam.app                     | Object storage ready: bucket exam-media
2026-09-27 02:37:05 | INFO     | exam.app                     | Session sweeper started (every 60s)
2026-09-27 02:37:06 | INFO     | exam.auth                    | Login: candidate-1a224d15@test.edu (candidate/approved, login=approved)
2026-09-27 02:37:06 | INFO     | exam.exam                    | Session 5fa86f15-327a-4092-829e-839b2987abce started: exam='Exam a16178' candidate=c3da6488-e176-44b8-8289-9410eaa1cab7 questions=2 expires=2026-09-26T21:37:06.129852+00:00
2026-09-27 02:37:06 | INFO     | exam.proctor                 | Proctor socket open for session 5fa86f15-327a-4092-829e-839b2987abce
2026-09-27 02:37:06 | INFO     | exam.proctor                 | Proctor socket closed for session 5fa86f15-327a-4092-829e-839b2987abce
2026-09-27 02:37:06 | INFO     | exam.app                     | Shutdown complete
2026-09-27 02:37:06 | INFO     | exam.app                     | Starting AI-Based Intelligent Examination Platform (development)
2026-09-27 02:37:06 | INFO     | exam.app                     | Object storage ready: bucket exam-media
2026-09-27 02:37:06 | INFO     | exam.app                     | Session sweeper started (every 60s)
2026-09-27 02:37:06 | INFO     | exam.auth                    | Login: candidate-53cf5824@test.edu (candidate/approved, login=approved)
2026-09-27 02:37:06 | INFO     | exam.exam                    | Session df2e4cb1-4cec-4001-a573-bf3bc5b9514d started: exam='Exam d9b4de' candidate=36b136b9-6e05-4f2a-9406-9aaa5e30f7ca questions=2 expires=2026-09-26T21:37:06.567010+00:00
2026-09-27 02:37:06 | INFO     | exam.proctor                 | Proctor socket open for session df2e4cb1-4cec-4001-a573-bf3bc5b9514d
2026-09-27 02:37:06 | INFO     | exam.proctor                 | Proctor socket closed for session df2e4cb1-4cec-4001-a573-bf3bc5b9514d
2026-09-27 02:37:06 | INFO     | exam.app                     | Shutdown complete
2026-09-27 02:37:06 | INFO     | exam.app                     | Starting AI-Based Intelligent Examination Platform (development)
2026-09-27 02:37:06 | INFO     | exam.app                     | Object storage ready: bucket exam-media
2026-09-27 02:37:06 | INFO     | exam.app                     | Session sweeper started (every 60s)
2026-09-27 02:37:06 | INFO     | exam.auth                    | Login: examiner-4327837c@test.edu (examiner/approved)
2026-09-27 02:37:06 | INFO     | exam.questions               | examiner-4327837c@test.edu added a numerical question (bank)
2026-09-27 02:37:06 | INFO     | exam.app                     | Shutdown complete
2026-09-27 02:37:06 | INFO     | exam.app                     | Starting AI-Based Intelligent Examination Platform (development)
2026-09-27 02:37:06 | INFO     | exam.app                     | Object storage ready: bucket exam-media
2026-09-27 02:37:06 | INFO     | exam.app                     | Session sweeper started (every 60s)
2026-09-27 02:37:07 | INFO     | exam.auth                    | Login: examiner-3503a5ef@test.edu (examiner/approved)
2026-09-27 02:37:07 | INFO     | exam.questions               | examiner-3503a5ef@test.edu added a true_false question (bank)
2026-09-27 02:37:07 | INFO     | exam.app                     | Shutdown complete
2026-09-27 02:37:07 | INFO     | exam.app                     | Starting AI-Based Intelligent Examination Platform (development)
2026-09-27 02:37:07 | INFO     | exam.app                     | Object storage ready: bucket exam-media
2026-09-27 02:37:07 | INFO     | exam.app                     | Session sweeper started (every 60s)
2026-09-27 02:37:07 | INFO     | exam.auth                    | Login: examiner-d5ba3bda@test.edu (examiner/approved)
2026-09-27 02:37:07 | INFO     | exam.questions               | examiner-d5ba3bda@test.edu added a fill_blank question (bank)
2026-09-27 02:37:07 | INFO     | exam.app                     | Shutdown complete
2026-09-27 02:37:07 | INFO     | exam.app                     | Starting AI-Based Intelligent Examination Platform (development)
2026-09-27 02:37:07 | INFO     | exam.app                     | Object storage ready: bucket exam-media
2026-09-27 02:37:07 | INFO     | exam.app                     | Session sweeper started (every 60s)
2026-09-27 02:37:07 | INFO     | exam.auth                    | Login: examiner-8f485535@test.edu (examiner/approved)
2026-09-27 02:37:07 | INFO     | exam.questions               | examiner-8f485535@test.edu added a coding question (bank)
2026-09-27 02:37:07 | INFO     | exam.app                     | Shutdown complete
2026-09-27 02:37:07 | INFO     | exam.app                     | Starting AI-Based Intelligent Examination Platform (development)
2026-09-27 02:37:07 | INFO     | exam.app                     | Object storage ready: bucket exam-media
2026-09-27 02:37:07 | INFO     | exam.app                     | Session sweeper started (every 60s)
2026-09-27 02:37:07 | INFO     | exam.auth                    | Login: examiner-db9a9c23@test.edu (examiner/approved)
2026-09-27 02:37:07 | INFO     | exam.questions               | examiner-db9a9c23@test.edu added a passage question (bank)
2026-09-27 02:37:07 | INFO     | exam.questions               | examiner-db9a9c23@test.edu added a mcq question (bank)
2026-09-27 02:37:07 | INFO     | exam.app                     | Shutdown complete
2026-09-27 02:37:07 | INFO     | exam.app                     | Starting AI-Based Intelligent Examination Platform (development)
2026-09-27 02:37:07 | INFO     | exam.app                     | Object storage ready: bucket exam-media
2026-09-27 02:37:07 | INFO     | exam.app                     | Session sweeper started (every 60s)
2026-09-27 02:37:07 | INFO     | exam.auth                    | Login: examiner-776f1bb0@test.edu (examiner/approved)
2026-09-27 02:37:07 | INFO     | exam.app                     | Shutdown complete
2026-09-27 02:37:07 | INFO     | exam.app                     | Starting AI-Based Intelligent Examination Platform (development)
2026-09-27 02:37:07 | INFO     | exam.app                     | Object storage ready: bucket exam-media
2026-09-27 02:37:07 | INFO     | exam.app                     | Session sweeper started (every 60s)
2026-09-27 02:37:08 | INFO     | exam.auth                    | Login: examiner-2ef005ea@test.edu (examiner/approved)
2026-09-27 02:37:08 | INFO     | exam.app                     | Shutdown complete
2026-09-27 02:37:08 | INFO     | exam.app                     | Starting AI-Based Intelligent Examination Platform (development)
2026-09-27 02:37:08 | INFO     | exam.app                     | Object storage ready: bucket exam-media
2026-09-27 02:37:08 | INFO     | exam.app                     | Session sweeper started (every 60s)
2026-09-27 02:37:08 | INFO     | exam.auth                    | Login: examiner-ee64aace@test.edu (examiner/approved)
2026-09-27 02:37:08 | INFO     | exam.app                     | Shutdown complete
2026-09-27 02:37:08 | INFO     | exam.app                     | Starting AI-Based Intelligent Examination Platform (development)
2026-09-27 02:37:08 | INFO     | exam.app                     | Object storage ready: bucket exam-media
2026-09-27 02:37:08 | INFO     | exam.app                     | Session sweeper started (every 60s)
2026-09-27 02:37:08 | INFO     | exam.auth                    | Login: examiner-c01ff25b@test.edu (examiner/approved)
2026-09-27 02:37:08 | INFO     | exam.app                     | Shutdown complete
2026-09-27 02:37:08 | INFO     | exam.app                     | Starting AI-Based Intelligent Examination Platform (development)
2026-09-27 02:37:08 | INFO     | exam.app                     | Object storage ready: bucket exam-media
2026-09-27 02:37:08 | INFO     | exam.app                     | Session sweeper started (every 60s)
2026-09-27 02:37:08 | INFO     | exam.auth                    | Login: examiner-bf58f849@test.edu (examiner/approved)
2026-09-27 02:37:08 | INFO     | exam.questions               | examiner-bf58f849@test.edu added a mcq question (bank)
2026-09-27 02:37:08 | INFO     | exam.questions               | examiner-bf58f849@test.edu added a mcq question (bank)
2026-09-27 02:37:08 | INFO     | exam.questions               | examiner-bf58f849@test.edu added a mcq question (bank)
2026-09-27 02:37:08 | INFO     | exam.questions               | examiner-bf58f849@test.edu added a mcq question (bank)
2026-09-27 02:37:08 | INFO     | exam.app                     | Shutdown complete
2026-09-27 02:37:08 | INFO     | exam.app                     | Starting AI-Based Intelligent Examination Platform (development)
2026-09-27 02:37:08 | INFO     | exam.app                     | Object storage ready: bucket exam-media
2026-09-27 02:37:08 | INFO     | exam.app                     | Session sweeper started (every 60s)
2026-09-27 02:37:08 | INFO     | exam.auth                    | Login: examiner-885a4afd@test.edu (examiner/approved)
2026-09-27 02:37:08 | INFO     | exam.questions               | examiner-885a4afd@test.edu added a mcq question (bank)
2026-09-27 02:37:09 | INFO     | exam.questions               | examiner-885a4afd@test.edu added a mcq question (bank)
2026-09-27 02:37:09 | INFO     | exam.questions               | examiner-885a4afd@test.edu added a mcq question (bank)
2026-09-27 02:37:09 | INFO     | exam.questions               | examiner-885a4afd@test.edu added a mcq question (bank)
2026-09-27 02:37:09 | INFO     | exam.app                     | Shutdown complete
2026-09-27 02:37:09 | INFO     | exam.app                     | Starting AI-Based Intelligent Examination Platform (development)
2026-09-27 02:37:09 | INFO     | exam.app                     | Object storage ready: bucket exam-media
2026-09-27 02:37:09 | INFO     | exam.app                     | Session sweeper started (every 60s)
2026-09-27 02:37:09 | INFO     | exam.auth                    | Login: examiner-4e3f8175@test.edu (examiner/approved)
2026-09-27 02:37:09 | INFO     | exam.questions               | examiner-4e3f8175@test.edu added a mcq question (bank)
2026-09-27 02:37:09 | INFO     | exam.questions               | examiner-4e3f8175@test.edu added a mcq question (bank)
2026-09-27 02:37:09 | INFO     | exam.questions               | examiner-4e3f8175@test.edu added a mcq question (bank)
2026-09-27 02:37:09 | INFO     | exam.questions               | examiner-4e3f8175@test.edu added a mcq question (bank)
2026-09-27 02:37:09 | INFO     | exam.app                     | Shutdown complete
2026-09-27 02:37:09 | INFO     | exam.app                     | Starting AI-Based Intelligent Examination Platform (development)
2026-09-27 02:37:09 | INFO     | exam.app                     | Object storage ready: bucket exam-media
2026-09-27 02:37:09 | INFO     | exam.app                     | Session sweeper started (every 60s)
2026-09-27 02:37:09 | INFO     | exam.auth                    | Login: examiner-96a1705e@test.edu (examiner/approved)
2026-09-27 02:37:09 | INFO     | exam.questions               | examiner-96a1705e@test.edu added a mcq question (bank)
2026-09-27 02:37:09 | INFO     | exam.questions               | examiner-96a1705e@test.edu added a mcq question (bank)
2026-09-27 02:37:09 | INFO     | exam.questions               | examiner-96a1705e@test.edu added a mcq question (bank)
2026-09-27 02:37:09 | INFO     | exam.questions               | examiner-96a1705e@test.edu added a mcq question (bank)
2026-09-27 02:37:09 | INFO     | exam.app                     | Shutdown complete
2026-09-27 02:37:09 | INFO     | exam.app                     | Starting AI-Based Intelligent Examination Platform (development)
2026-09-27 02:37:09 | INFO     | exam.app                     | Object storage ready: bucket exam-media
2026-09-27 02:37:09 | INFO     | exam.app                     | Session sweeper started (every 60s)
2026-09-27 02:37:10 | INFO     | exam.auth                    | Login: examiner-76fbc831@test.edu (examiner/approved)
2026-09-27 02:37:10 | INFO     | exam.questions               | examiner-76fbc831@test.edu added a mcq question (bank)
2026-09-27 02:37:10 | INFO     | exam.questions               | examiner-76fbc831@test.edu added a mcq question (bank)
2026-09-27 02:37:10 | INFO     | exam.questions               | examiner-76fbc831@test.edu added a mcq question (bank)
2026-09-27 02:37:10 | INFO     | exam.questions               | examiner-76fbc831@test.edu added a mcq question (bank)
2026-09-27 02:37:10 | INFO     | exam.app                     | Shutdown complete
2026-09-27 02:37:10 | INFO     | exam.app                     | Starting AI-Based Intelligent Examination Platform (development)
2026-09-27 02:37:10 | INFO     | exam.app                     | Object storage ready: bucket exam-media
2026-09-27 02:37:10 | INFO     | exam.app                     | Session sweeper started (every 60s)
2026-09-27 02:37:10 | INFO     | exam.auth                    | Login: examiner-009c7083@test.edu (examiner/approved)
2026-09-27 02:37:10 | INFO     | exam.questions               | examiner-009c7083@test.edu added a mcq question (bank)
2026-09-27 02:37:10 | INFO     | exam.questions               | examiner-009c7083@test.edu added a mcq question (bank)
2026-09-27 02:37:10 | INFO     | exam.questions               | examiner-009c7083@test.edu added a mcq question (bank)
2026-09-27 02:37:10 | INFO     | exam.questions               | examiner-009c7083@test.edu added a mcq question (bank)
2026-09-27 02:37:10 | INFO     | exam.app                     | Shutdown complete
2026-09-27 02:37:10 | INFO     | exam.app                     | Starting AI-Based Intelligent Examination Platform (development)
2026-09-27 02:37:10 | INFO     | exam.app                     | Object storage ready: bucket exam-media
2026-09-27 02:37:10 | INFO     | exam.app                     | Session sweeper started (every 60s)
2026-09-27 02:37:10 | INFO     | exam.auth                    | Login: examiner-df94f366@test.edu (examiner/approved)
2026-09-27 02:37:10 | INFO     | exam.questions               | examiner-df94f366@test.edu added a mcq question (bank)
2026-09-27 02:37:10 | INFO     | exam.questions               | examiner-df94f366@test.edu added a mcq question (bank)
2026-09-27 02:37:10 | INFO     | exam.questions               | examiner-df94f366@test.edu added a mcq question (bank)
2026-09-27 02:37:10 | INFO     | exam.questions               | examiner-df94f366@test.edu added a mcq question (bank)
2026-09-27 02:37:10 | INFO     | exam.app                     | Shutdown complete
2026-09-27 02:37:10 | INFO     | exam.app                     | Starting AI-Based Intelligent Examination Platform (development)
2026-09-27 02:37:10 | INFO     | exam.app                     | Object storage ready: bucket exam-media
2026-09-27 02:37:10 | INFO     | exam.app                     | Session sweeper started (every 60s)
2026-09-27 02:37:11 | INFO     | exam.auth                    | Login: examiner-29ca7453@test.edu (examiner/approved)
2026-09-27 02:37:11 | INFO     | exam.questions               | examiner-29ca7453@test.edu added a mcq question (bank)
2026-09-27 02:37:11 | INFO     | exam.questions               | examiner-29ca7453@test.edu added a mcq question (bank)
2026-09-27 02:37:11 | INFO     | exam.questions               | examiner-29ca7453@test.edu added a mcq question (bank)
2026-09-27 02:37:11 | INFO     | exam.questions               | examiner-29ca7453@test.edu added a mcq question (bank)
2026-09-27 02:37:11 | INFO     | exam.app                     | Shutdown complete
2026-09-27 02:37:11 | INFO     | exam.app                     | Starting AI-Based Intelligent Examination Platform (development)
2026-09-27 02:37:11 | INFO     | exam.app                     | Object storage ready: bucket exam-media
2026-09-27 02:37:11 | INFO     | exam.app                     | Session sweeper started (every 60s)
2026-09-27 02:37:11 | INFO     | exam.auth                    | Login: examiner-b2891de3@test.edu (examiner/approved)
2026-09-27 02:37:11 | INFO     | exam.questions               | examiner-b2891de3@test.edu added a mcq question (bank)
2026-09-27 02:37:11 | INFO     | exam.questions               | examiner-b2891de3@test.edu added a mcq question (bank)
2026-09-27 02:37:11 | INFO     | exam.questions               | examiner-b2891de3@test.edu added a mcq question (bank)
2026-09-27 02:37:11 | INFO     | exam.questions               | examiner-b2891de3@test.edu added a mcq question (bank)
2026-09-27 02:37:11 | INFO     | exam.app                     | Shutdown complete
2026-09-27 02:37:11 | INFO     | exam.app                     | Starting AI-Based Intelligent Examination Platform (development)
2026-09-27 02:37:11 | INFO     | exam.app                     | Object storage ready: bucket exam-media
2026-09-27 02:37:11 | INFO     | exam.app                     | Session sweeper started (every 60s)
2026-09-27 02:37:11 | INFO     | exam.auth                    | Login: examiner-15af4350@test.edu (examiner/approved)
2026-09-27 02:37:11 | INFO     | exam.questions               | examiner-15af4350@test.edu added a mcq question (bank)
2026-09-27 02:37:11 | INFO     | exam.questions               | examiner-15af4350@test.edu added a mcq question (bank)
2026-09-27 02:37:11 | INFO     | exam.questions               | examiner-15af4350@test.edu added a mcq question (bank)
2026-09-27 02:37:11 | INFO     | exam.questions               | examiner-15af4350@test.edu added a mcq question (bank)
2026-09-27 02:37:11 | INFO     | exam.app                     | Shutdown complete
2026-09-27 02:37:11 | INFO     | exam.app                     | Starting AI-Based Intelligent Examination Platform (development)
2026-09-27 02:37:11 | INFO     | exam.app                     | Object storage ready: bucket exam-media
2026-09-27 02:37:11 | INFO     | exam.app                     | Session sweeper started (every 60s)
2026-09-27 02:37:12 | INFO     | exam.auth                    | Login: examiner-a2221b8a@test.edu (examiner/approved)
2026-09-27 02:37:12 | INFO     | exam.questions               | examiner-a2221b8a@test.edu added a mcq question (bank)
2026-09-27 02:37:12 | INFO     | exam.questions               | examiner-a2221b8a@test.edu added a mcq question (bank)
2026-09-27 02:37:12 | INFO     | exam.questions               | examiner-a2221b8a@test.edu added a mcq question (bank)
2026-09-27 02:37:12 | INFO     | exam.questions               | examiner-a2221b8a@test.edu added a mcq question (bank)
2026-09-27 02:37:12 | INFO     | exam.app                     | Shutdown complete
2026-09-27 02:37:12 | INFO     | exam.app                     | Starting AI-Based Intelligent Examination Platform (development)
2026-09-27 02:37:12 | INFO     | exam.app                     | Object storage ready: bucket exam-media
2026-09-27 02:37:12 | INFO     | exam.app                     | Session sweeper started (every 60s)
2026-09-27 02:37:12 | INFO     | exam.auth                    | Login: examiner-7d133f25@test.edu (examiner/approved)
2026-09-27 02:37:12 | INFO     | exam.questions               | examiner-7d133f25@test.edu added a mcq question (bank)
2026-09-27 02:37:12 | INFO     | exam.app                     | Shutdown complete
2026-09-27 02:37:12 | INFO     | exam.app                     | Starting AI-Based Intelligent Examination Platform (development)
2026-09-27 02:37:12 | INFO     | exam.app                     | Object storage ready: bucket exam-media
2026-09-27 02:37:12 | INFO     | exam.app                     | Session sweeper started (every 60s)
2026-09-27 02:37:12 | INFO     | exam.auth                    | Login: examiner-87209751@test.edu (examiner/approved)
2026-09-27 02:37:12 | INFO     | exam.questions               | examiner-87209751@test.edu added a mcq question (bank)
2026-09-27 02:37:12 | INFO     | exam.app                     | Shutdown complete
2026-09-27 02:37:12 | INFO     | exam.app                     | Starting AI-Based Intelligent Examination Platform (development)
2026-09-27 02:37:12 | INFO     | exam.app                     | Object storage ready: bucket exam-media
2026-09-27 02:37:12 | INFO     | exam.app                     | Session sweeper started (every 60s)
2026-09-27 02:37:12 | INFO     | exam.auth                    | Login: examiner-c5a62542@test.edu (examiner/approved)
2026-09-27 02:37:12 | INFO     | exam.questions               | examiner-c5a62542@test.edu added a mcq question (bank)
2026-09-27 02:37:12 | INFO     | exam.app                     | Shutdown complete
2026-09-27 02:37:12 | INFO     | exam.app                     | Starting AI-Based Intelligent Examination Platform (development)
2026-09-27 02:37:12 | INFO     | exam.app                     | Object storage ready: bucket exam-media
2026-09-27 02:37:12 | INFO     | exam.app                     | Session sweeper started (every 60s)
2026-09-27 02:37:13 | INFO     | exam.auth                    | Login: examiner-fa0197fc@test.edu (examiner/approved)
2026-09-27 02:37:13 | INFO     | exam.questions               | examiner-fa0197fc@test.edu added a passage question (bank)
2026-09-27 02:37:13 | INFO     | exam.questions               | examiner-fa0197fc@test.edu added a mcq question (bank)
2026-09-27 02:37:13 | INFO     | exam.app                     | Shutdown complete
2026-09-27 02:37:13 | INFO     | exam.app                     | Starting AI-Based Intelligent Examination Platform (development)
2026-09-27 02:37:13 | INFO     | exam.app                     | Object storage ready: bucket exam-media
2026-09-27 02:37:13 | INFO     | exam.app                     | Session sweeper started (every 60s)
2026-09-27 02:37:13 | INFO     | exam.auth                    | Login: candidate-527c42b2@test.edu (candidate/approved, login=approved)
2026-09-27 02:37:13 | WARNING  | exam.auth                    | Role denied: candidate-527c42b2@test.edu (candidate) tried a examiner/admin-only route
2026-09-27 02:37:13 | INFO     | exam.app                     | Shutdown complete
2026-09-27 02:37:13 | INFO     | exam.app                     | Starting AI-Based Intelligent Examination Platform (development)
2026-09-27 02:37:13 | INFO     | exam.app                     | Object storage ready: bucket exam-media
2026-09-27 02:37:13 | INFO     | exam.app                     | Session sweeper started (every 60s)
2026-09-27 02:37:13 | INFO     | exam.auth                    | Login: candidate-be60b838@test.edu (candidate/approved, login=approved)
2026-09-27 02:37:13 | WARNING  | exam.auth                    | Role denied: candidate-be60b838@test.edu (candidate) tried a examiner/admin-only route
2026-09-27 02:37:13 | INFO     | exam.app                     | Shutdown complete
2026-09-27 02:37:13 | INFO     | exam.app                     | Starting AI-Based Intelligent Examination Platform (development)
2026-09-27 02:37:13 | INFO     | exam.app                     | Object storage ready: bucket exam-media
2026-09-27 02:37:13 | INFO     | exam.app                     | Session sweeper started (every 60s)
2026-09-27 02:37:13 | INFO     | exam.auth                    | Login: examiner-05ab4e36@test.edu (examiner/approved)
2026-09-27 02:37:13 | INFO     | exam.app                     | Shutdown complete
2026-09-27 02:37:13 | INFO     | exam.app                     | Starting AI-Based Intelligent Examination Platform (development)
2026-09-27 02:37:13 | INFO     | exam.app                     | Object storage ready: bucket exam-media
2026-09-27 02:37:13 | INFO     | exam.app                     | Session sweeper started (every 60s)
2026-09-27 02:37:13 | INFO     | exam.auth                    | Login: examiner-e7ea0611@test.edu (examiner/approved)
2026-09-27 02:37:14 | INFO     | exam.questions               | examiner-e7ea0611@test.edu added a mcq question (bank)
2026-09-27 02:37:14 | INFO     | exam.app                     | Shutdown complete
2026-09-27 02:37:15 | INFO     | exam.app                     | Starting AI-Based Intelligent Examination Platform (development)
2026-09-27 02:37:15 | INFO     | exam.app                     | Object storage ready: bucket exam-media
2026-09-27 02:37:15 | INFO     | exam.app                     | Session sweeper started (every 60s)
2026-09-27 02:37:15 | INFO     | exam.auth                    | Login: examiner-e6735dd2@test.edu (examiner/approved)
2026-09-27 02:37:15 | INFO     | exam.question_import         | examiner-e6735dd2@test.edu parsed bank.csv: 2 row(s), 1 with problems
2026-09-27 02:37:16 | INFO     | exam.question_import         | examiner-e6735dd2@test.edu parsed bank.csv: 2 row(s), 1 with problems
2026-09-27 02:37:16 | INFO     | exam.app                     | Shutdown complete
2026-09-27 02:37:16 | INFO     | exam.app                     | Starting AI-Based Intelligent Examination Platform (development)
2026-09-27 02:37:16 | INFO     | exam.app                     | Object storage ready: bucket exam-media
2026-09-27 02:37:16 | INFO     | exam.app                     | Session sweeper started (every 60s)
2026-09-27 02:37:16 | INFO     | exam.auth                    | Login: examiner-c5375790@test.edu (examiner/approved)
2026-09-27 02:37:16 | INFO     | exam.question_import         | examiner-c5375790@test.edu parsed bank.csv: 1 row(s), 0 with problems
2026-09-27 02:37:16 | INFO     | exam.question_import         | examiner-c5375790@test.edu parsed bank.csv: 1 row(s), 0 with problems
2026-09-27 02:37:16 | INFO     | exam.app                     | Shutdown complete
2026-09-27 02:37:16 | INFO     | exam.app                     | Starting AI-Based Intelligent Examination Platform (development)
2026-09-27 02:37:16 | INFO     | exam.app                     | Object storage ready: bucket exam-media
2026-09-27 02:37:16 | INFO     | exam.app                     | Session sweeper started (every 60s)
2026-09-27 02:37:16 | INFO     | exam.auth                    | Login: examiner-2c0953f2@test.edu (examiner/approved)
2026-09-27 02:37:16 | INFO     | exam.question_import         | examiner-2c0953f2@test.edu parsed bank.csv: 1 row(s), 0 with problems
2026-09-27 02:37:16 | INFO     | exam.question_import         | examiner-2c0953f2@test.edu parsed bank.csv: 1 row(s), 0 with problems
2026-09-27 02:37:16 | INFO     | exam.question_import         | examiner-2c0953f2@test.edu imported 1 question(s), 0 refused
2026-09-27 02:37:16 | INFO     | exam.app                     | Shutdown complete
2026-09-27 02:37:16 | INFO     | exam.app                     | Starting AI-Based Intelligent Examination Platform (development)
2026-09-27 02:37:16 | INFO     | exam.app                     | Object storage ready: bucket exam-media
2026-09-27 02:37:16 | INFO     | exam.app                     | Session sweeper started (every 60s)
2026-09-27 02:37:16 | INFO     | exam.auth                    | Login: examiner-cafa8f4b@test.edu (examiner/approved)
2026-09-27 02:37:17 | INFO     | exam.question_import         | examiner-cafa8f4b@test.edu imported 1 question(s), 1 refused
2026-09-27 02:37:17 | INFO     | exam.app                     | Shutdown complete
2026-09-27 02:37:17 | INFO     | exam.app                     | Starting AI-Based Intelligent Examination Platform (development)
2026-09-27 02:37:17 | INFO     | exam.app                     | Object storage ready: bucket exam-media
2026-09-27 02:37:17 | INFO     | exam.app                     | Session sweeper started (every 60s)
2026-09-27 02:37:17 | INFO     | exam.auth                    | Login: examiner-6aa00a35@test.edu (examiner/approved)
2026-09-27 02:37:17 | INFO     | exam.question_import         | examiner-6aa00a35@test.edu parsed bank.csv: 2 row(s), 0 with problems
2026-09-27 02:37:17 | INFO     | exam.question_import         | examiner-6aa00a35@test.edu parsed bank.csv: 2 row(s), 0 with problems
2026-09-27 02:37:17 | INFO     | exam.question_import         | examiner-6aa00a35@test.edu imported 2 question(s), 0 refused
2026-09-27 02:37:17 | INFO     | exam.app                     | Shutdown complete
2026-09-27 02:37:17 | INFO     | exam.app                     | Starting AI-Based Intelligent Examination Platform (development)
2026-09-27 02:37:17 | INFO     | exam.app                     | Object storage ready: bucket exam-media
2026-09-27 02:37:17 | INFO     | exam.app                     | Session sweeper started (every 60s)
2026-09-27 02:37:17 | INFO     | exam.auth                    | Login: examiner-f35ef21e@test.edu (examiner/approved)
2026-09-27 02:37:17 | INFO     | exam.app                     | Shutdown complete
2026-09-27 02:37:17 | INFO     | exam.app                     | Starting AI-Based Intelligent Examination Platform (development)
2026-09-27 02:37:17 | INFO     | exam.app                     | Object storage ready: bucket exam-media
2026-09-27 02:37:17 | INFO     | exam.app                     | Session sweeper started (every 60s)
2026-09-27 02:37:18 | INFO     | exam.auth                    | Login: examiner-bcb65004@test.edu (examiner/approved)
2026-09-27 02:37:18 | INFO     | exam.app                     | Shutdown complete
2026-09-27 02:37:18 | INFO     | exam.app                     | Starting AI-Based Intelligent Examination Platform (development)
2026-09-27 02:37:18 | INFO     | exam.app                     | Object storage ready: bucket exam-media
2026-09-27 02:37:18 | INFO     | exam.app                     | Session sweeper started (every 60s)
2026-09-27 02:37:18 | INFO     | exam.auth                    | Login: examiner-6db60418@test.edu (examiner/approved)
2026-09-27 02:37:18 | INFO     | exam.app                     | Shutdown complete
2026-09-27 02:37:18 | INFO     | exam.app                     | Starting AI-Based Intelligent Examination Platform (development)
2026-09-27 02:37:18 | INFO     | exam.app                     | Object storage ready: bucket exam-media
2026-09-27 02:37:18 | INFO     | exam.app                     | Session sweeper started (every 60s)
2026-09-27 02:37:18 | INFO     | exam.auth                    | Login: candidate-b0b38079@test.edu (candidate/approved, login=approved)
2026-09-27 02:37:18 | WARNING  | exam.auth                    | Role denied: candidate-b0b38079@test.edu (candidate) tried a examiner/admin-only route
2026-09-27 02:37:18 | INFO     | exam.app                     | Shutdown complete
2026-09-27 02:37:20 | INFO     | exam.app                     | Starting AI-Based Intelligent Examination Platform (development)
2026-09-27 02:37:20 | INFO     | exam.app                     | Object storage ready: bucket exam-media
2026-09-27 02:37:20 | INFO     | exam.app                     | Session sweeper started (every 60s)
2026-09-27 02:37:21 | INFO     | exam.auth                    | Login: examiner-78042e31@test.edu (examiner/approved)
2026-09-27 02:37:21 | INFO     | exam.app                     | Shutdown complete
2026-09-27 02:37:21 | INFO     | exam.app                     | Starting AI-Based Intelligent Examination Platform (development)
2026-09-27 02:37:21 | INFO     | exam.app                     | Object storage ready: bucket exam-media
2026-09-27 02:37:21 | INFO     | exam.app                     | Session sweeper started (every 60s)
2026-09-27 02:37:21 | INFO     | exam.auth                    | Login: examiner-61b4a56f@test.edu (examiner/approved)
2026-09-27 02:37:21 | INFO     | exam.app                     | Shutdown complete
2026-09-27 02:37:21 | INFO     | exam.app                     | Starting AI-Based Intelligent Examination Platform (development)
2026-09-27 02:37:21 | INFO     | exam.app                     | Object storage ready: bucket exam-media
2026-09-27 02:37:21 | INFO     | exam.app                     | Session sweeper started (every 60s)
2026-09-27 02:37:21 | INFO     | exam.auth                    | Login: examiner-b4044d0e@test.edu (examiner/approved)
2026-09-27 02:37:21 | INFO     | exam.app                     | Shutdown complete
2026-09-27 02:37:21 | INFO     | exam.app                     | Starting AI-Based Intelligent Examination Platform (development)
2026-09-27 02:37:21 | INFO     | exam.app                     | Object storage ready: bucket exam-media
2026-09-27 02:37:21 | INFO     | exam.app                     | Session sweeper started (every 60s)
2026-09-27 02:37:22 | INFO     | exam.auth                    | Login: examiner-b9651f12@test.edu (examiner/approved)
2026-09-27 02:37:22 | INFO     | exam.app                     | Shutdown complete
2026-09-27 02:37:22 | INFO     | exam.app                     | Starting AI-Based Intelligent Examination Platform (development)
2026-09-27 02:37:22 | INFO     | exam.app                     | Object storage ready: bucket exam-media
2026-09-27 02:37:22 | INFO     | exam.app                     | Session sweeper started (every 60s)
2026-09-27 02:37:22 | INFO     | exam.auth                    | Login: examiner-d8f5fd42@test.edu (examiner/approved)
2026-09-27 02:37:22 | INFO     | exam.app                     | Shutdown complete
2026-09-27 02:37:22 | INFO     | exam.app                     | Starting AI-Based Intelligent Examination Platform (development)
2026-09-27 02:37:22 | INFO     | exam.app                     | Object storage ready: bucket exam-media
2026-09-27 02:37:22 | INFO     | exam.app                     | Session sweeper started (every 60s)
2026-09-27 02:37:22 | INFO     | exam.auth                    | Login: examiner-beb36763@test.edu (examiner/approved)
2026-09-27 02:37:22 | INFO     | exam.recruitment             | examiner-beb36763@test.edu set shortlist decisions for 1 candidate(s) on exam c2756b89-1ad6-4f2b-9662-e6f7e8ba8b9d
2026-09-27 02:37:22 | INFO     | exam.app                     | Shutdown complete
2026-09-27 02:37:22 | INFO     | exam.app                     | Starting AI-Based Intelligent Examination Platform (development)
2026-09-27 02:37:22 | INFO     | exam.app                     | Object storage ready: bucket exam-media
2026-09-27 02:37:22 | INFO     | exam.app                     | Session sweeper started (every 60s)
2026-09-27 02:37:23 | INFO     | exam.auth                    | Login: examiner-ee115da2@test.edu (examiner/approved)
2026-09-27 02:37:23 | INFO     | exam.app                     | Shutdown complete
2026-09-27 02:37:23 | INFO     | exam.app                     | Starting AI-Based Intelligent Examination Platform (development)
2026-09-27 02:37:23 | INFO     | exam.app                     | Object storage ready: bucket exam-media
2026-09-27 02:37:23 | INFO     | exam.app                     | Session sweeper started (every 60s)
2026-09-27 02:37:23 | INFO     | exam.auth                    | Login: examiner-4e406958@test.edu (examiner/approved)
2026-09-27 02:37:23 | INFO     | exam.app                     | Shutdown complete
2026-09-27 02:37:23 | INFO     | exam.app                     | Starting AI-Based Intelligent Examination Platform (development)
2026-09-27 02:37:23 | INFO     | exam.app                     | Object storage ready: bucket exam-media
2026-09-27 02:37:23 | INFO     | exam.app                     | Session sweeper started (every 60s)
2026-09-27 02:37:24 | INFO     | exam.auth                    | Login: admin-71ea2792@test.edu (admin/approved)
2026-09-27 02:37:24 | INFO     | exam.app                     | Shutdown complete
2026-09-27 02:37:24 | INFO     | exam.app                     | Starting AI-Based Intelligent Examination Platform (development)
2026-09-27 02:37:24 | INFO     | exam.app                     | Object storage ready: bucket exam-media
2026-09-27 02:37:24 | INFO     | exam.app                     | Session sweeper started (every 60s)
2026-09-27 02:37:24 | INFO     | exam.auth                    | Login: admin-dbff2990@test.edu (admin/approved)
2026-09-27 02:37:24 | INFO     | exam.app                     | Shutdown complete
2026-09-27 02:37:24 | INFO     | exam.app                     | Starting AI-Based Intelligent Examination Platform (development)
2026-09-27 02:37:24 | INFO     | exam.app                     | Object storage ready: bucket exam-media
2026-09-27 02:37:24 | INFO     | exam.app                     | Session sweeper started (every 60s)
2026-09-27 02:37:25 | INFO     | exam.auth                    | Login: candidate-ba0b8366@test.edu (candidate/approved, login=approved)
2026-09-27 02:37:25 | INFO     | exam.app                     | Shutdown complete
2026-09-27 02:37:25 | INFO     | exam.app                     | Starting AI-Based Intelligent Examination Platform (development)
2026-09-27 02:37:25 | INFO     | exam.app                     | Object storage ready: bucket exam-media
2026-09-27 02:37:25 | INFO     | exam.app                     | Session sweeper started (every 60s)
2026-09-27 02:37:25 | INFO     | exam.auth                    | Login: candidate-63c2436f@test.edu (candidate/approved, login=approved)
2026-09-27 02:37:25 | INFO     | exam.app                     | Shutdown complete
2026-09-27 02:37:25 | INFO     | exam.app                     | Starting AI-Based Intelligent Examination Platform (development)
2026-09-27 02:37:25 | INFO     | exam.app                     | Object storage ready: bucket exam-media
2026-09-27 02:37:25 | INFO     | exam.app                     | Session sweeper started (every 60s)
2026-09-27 02:37:25 | INFO     | exam.auth                    | Login: examiner-ddae5bea@test.edu (examiner/approved)
2026-09-27 02:37:25 | INFO     | exam.app                     | Shutdown complete
2026-09-27 02:37:25 | INFO     | exam.app                     | Starting AI-Based Intelligent Examination Platform (development)
2026-09-27 02:37:25 | INFO     | exam.app                     | Object storage ready: bucket exam-media
2026-09-27 02:37:25 | INFO     | exam.app                     | Session sweeper started (every 60s)
2026-09-27 02:37:26 | INFO     | exam.auth                    | Login: examiner-8511be76@test.edu (examiner/approved)
2026-09-27 02:37:26 | INFO     | exam.app                     | Shutdown complete
2026-09-27 02:37:26 | INFO     | exam.app                     | Starting AI-Based Intelligent Examination Platform (development)
2026-09-27 02:37:26 | INFO     | exam.app                     | Object storage ready: bucket exam-media
2026-09-27 02:37:26 | INFO     | exam.app                     | Session sweeper started (every 60s)
2026-09-27 02:37:26 | INFO     | exam.auth                    | Login: examiner-b236fb21@test.edu (examiner/approved)
2026-09-27 02:37:26 | INFO     | exam.app                     | Shutdown complete
2026-09-27 02:37:26 | INFO     | exam.app                     | Starting AI-Based Intelligent Examination Platform (development)
2026-09-27 02:37:26 | INFO     | exam.app                     | Object storage ready: bucket exam-media
2026-09-27 02:37:26 | INFO     | exam.app                     | Session sweeper started (every 60s)
2026-09-27 02:37:26 | INFO     | exam.app                     | Shutdown complete
2026-09-27 02:37:26 | INFO     | exam.app                     | Starting AI-Based Intelligent Examination Platform (development)
2026-09-27 02:37:26 | INFO     | exam.app                     | Object storage ready: bucket exam-media
2026-09-27 02:37:26 | INFO     | exam.app                     | Session sweeper started (every 60s)
2026-09-27 02:37:27 | INFO     | exam.app                     | Shutdown complete
2026-09-27 02:37:27 | INFO     | exam.app                     | Starting AI-Based Intelligent Examination Platform (development)
2026-09-27 02:37:27 | INFO     | exam.app                     | Object storage ready: bucket exam-media
2026-09-27 02:37:27 | INFO     | exam.app                     | Session sweeper started (every 60s)
2026-09-27 02:37:27 | INFO     | exam.app                     | Shutdown complete
2026-09-27 02:37:27 | INFO     | exam.app                     | Starting AI-Based Intelligent Examination Platform (development)
2026-09-27 02:37:27 | INFO     | exam.app                     | Object storage ready: bucket exam-media
2026-09-27 02:37:27 | INFO     | exam.app                     | Session sweeper started (every 60s)
2026-09-27 02:37:28 | INFO     | exam.app                     | Shutdown complete
2026-09-27 02:37:28 | INFO     | exam.app                     | Starting AI-Based Intelligent Examination Platform (development)
2026-09-27 02:37:28 | INFO     | exam.app                     | Object storage ready: bucket exam-media
2026-09-27 02:37:28 | INFO     | exam.app                     | Session sweeper started (every 60s)
2026-09-27 02:37:28 | INFO     | exam.app                     | Shutdown complete
2026-09-27 02:37:28 | INFO     | exam.app                     | Starting AI-Based Intelligent Examination Platform (development)
2026-09-27 02:37:28 | INFO     | exam.app                     | Object storage ready: bucket exam-media
2026-09-27 02:37:28 | INFO     | exam.app                     | Session sweeper started (every 60s)
2026-09-27 02:37:28 | INFO     | exam.app                     | Shutdown complete
2026-09-27 02:37:28 | INFO     | exam.app                     | Starting AI-Based Intelligent Examination Platform (development)
2026-09-27 02:37:28 | INFO     | exam.app                     | Object storage ready: bucket exam-media
2026-09-27 02:37:28 | INFO     | exam.app                     | Session sweeper started (every 60s)
2026-09-27 02:37:28 | INFO     | exam.auth                    | Login: examiner-74e3fb5d@test.edu (examiner/approved)
2026-09-27 02:37:28 | INFO     | exam.exams                   | examiner-74e3fb5d@test.edu pinned question 8ece2a26-6d9e-4f68-a6fc-876d3e718d86 in exam 30de3d82-8e66-4b23-87db-edfa9ee0474e to section e29ed462-1842-46c3-9095-e631ed5d8382
2026-09-27 02:37:28 | INFO     | exam.app                     | Shutdown complete
2026-09-27 02:37:28 | INFO     | exam.app                     | Starting AI-Based Intelligent Examination Platform (development)
2026-09-27 02:37:28 | INFO     | exam.app                     | Object storage ready: bucket exam-media
2026-09-27 02:37:28 | INFO     | exam.app                     | Session sweeper started (every 60s)
2026-09-27 02:37:28 | INFO     | exam.auth                    | Login: examiner-c1a79159@test.edu (examiner/approved)
2026-09-27 02:37:28 | INFO     | exam.exams                   | examiner-c1a79159@test.edu pinned question 9b1f3589-bdd0-454b-be3b-2c9bdbe86c9e in exam 62d832dc-fdaf-4b1c-9957-9774878a18f2 to section b588cdf7-ff8e-4875-a1ab-325447643ed6
2026-09-27 02:37:29 | INFO     | exam.exams                   | examiner-c1a79159@test.edu pinned question 9b1f3589-bdd0-454b-be3b-2c9bdbe86c9e in exam 62d832dc-fdaf-4b1c-9957-9774878a18f2 to section None
2026-09-27 02:37:29 | INFO     | exam.app                     | Shutdown complete
2026-09-27 02:37:29 | INFO     | exam.app                     | Starting AI-Based Intelligent Examination Platform (development)
2026-09-27 02:37:29 | INFO     | exam.app                     | Object storage ready: bucket exam-media
2026-09-27 02:37:29 | INFO     | exam.app                     | Session sweeper started (every 60s)
2026-09-27 02:37:29 | INFO     | exam.auth                    | Login: examiner-838f58a1@test.edu (examiner/approved)
2026-09-27 02:37:29 | INFO     | exam.app                     | Shutdown complete
2026-09-27 02:37:29 | INFO     | exam.app                     | Starting AI-Based Intelligent Examination Platform (development)
2026-09-27 02:37:29 | INFO     | exam.app                     | Object storage ready: bucket exam-media
2026-09-27 02:37:29 | INFO     | exam.app                     | Session sweeper started (every 60s)
2026-09-27 02:37:29 | INFO     | exam.auth                    | Login: examiner-f72ae7a3@test.edu (examiner/approved)
2026-09-27 02:37:29 | INFO     | exam.app                     | Shutdown complete
2026-09-27 02:37:29 | INFO     | exam.app                     | Starting AI-Based Intelligent Examination Platform (development)
2026-09-27 02:37:29 | INFO     | exam.app                     | Object storage ready: bucket exam-media
2026-09-27 02:37:29 | INFO     | exam.app                     | Session sweeper started (every 60s)
2026-09-27 02:37:29 | INFO     | exam.auth                    | Login: examiner-1d3a4fc9@test.edu (examiner/approved)
2026-09-27 02:37:29 | INFO     | exam.exams                   | examiner-1d3a4fc9@test.edu added 2 question(s) to exam 866c1637-3df7-4494-b2cf-f70ca9a18ff8
2026-09-27 02:37:30 | INFO     | exam.app                     | Shutdown complete
2026-09-27 02:37:30 | INFO     | exam.app                     | Starting AI-Based Intelligent Examination Platform (development)
2026-09-27 02:37:30 | INFO     | exam.app                     | Object storage ready: bucket exam-media
2026-09-27 02:37:30 | INFO     | exam.app                     | Session sweeper started (every 60s)
2026-09-27 02:37:30 | INFO     | exam.auth                    | Login: examiner-6624ce42@test.edu (examiner/approved)
2026-09-27 02:37:30 | INFO     | exam.exams                   | examiner-6624ce42@test.edu updated exam b1f0444e-74dd-43b7-9de9-49857955b0a0
2026-09-27 02:37:30 | INFO     | exam.exams                   | examiner-6624ce42@test.edu pinned question 6e563acd-9940-4ea2-b0c7-d90c11d43f71 in exam b1f0444e-74dd-43b7-9de9-49857955b0a0 to section 6a097d1c-39c0-46f6-8b47-b80701b04ecd
2026-09-27 02:37:30 | INFO     | exam.exams                   | examiner-6624ce42@test.edu updated exam b1f0444e-74dd-43b7-9de9-49857955b0a0
2026-09-27 02:37:30 | INFO     | exam.app                     | Shutdown complete
2026-09-27 02:37:30 | INFO     | exam.app                     | Starting AI-Based Intelligent Examination Platform (development)
2026-09-27 02:37:30 | INFO     | exam.app                     | Object storage ready: bucket exam-media
2026-09-27 02:37:30 | INFO     | exam.app                     | Session sweeper started (every 60s)
2026-09-27 02:37:30 | INFO     | exam.auth                    | Login: examiner-56dea267@test.edu (examiner/approved)
2026-09-27 02:37:30 | INFO     | exam.exams                   | examiner-56dea267@test.edu updated exam c0a49106-e8cd-44af-8164-8a80b34e976c
2026-09-27 02:37:31 | INFO     | exam.exams                   | examiner-56dea267@test.edu updated exam c0a49106-e8cd-44af-8164-8a80b34e976c
2026-09-27 02:37:31 | INFO     | exam.app                     | Shutdown complete
2026-09-27 02:37:31 | INFO     | exam.app                     | Starting AI-Based Intelligent Examination Platform (development)
2026-09-27 02:37:31 | INFO     | exam.app                     | Object storage ready: bucket exam-media
2026-09-27 02:37:31 | INFO     | exam.app                     | Session sweeper started (every 60s)
2026-09-27 02:37:31 | INFO     | exam.auth                    | Login: examiner-0ad73d20@test.edu (examiner/approved)
2026-09-27 02:37:31 | INFO     | exam.exams                   | examiner-0ad73d20@test.edu updated exam 7157522d-e9a9-4b16-ad3f-94565c644574
2026-09-27 02:37:31 | INFO     | exam.exams                   | examiner-0ad73d20@test.edu pinned question 5554633e-e691-47be-ba53-ab7f6b3e128e in exam 7157522d-e9a9-4b16-ad3f-94565c644574 to section 0a177bab-b5f6-483f-b10c-77e82542bd0a
2026-09-27 02:37:31 | INFO     | exam.exams                   | examiner-0ad73d20@test.edu updated exam 7157522d-e9a9-4b16-ad3f-94565c644574
2026-09-27 02:37:31 | INFO     | exam.app                     | Shutdown complete
2026-09-27 02:37:31 | INFO     | exam.app                     | Starting AI-Based Intelligent Examination Platform (development)
2026-09-27 02:37:31 | INFO     | exam.app                     | Object storage ready: bucket exam-media
2026-09-27 02:37:31 | INFO     | exam.app                     | Session sweeper started (every 60s)
2026-09-27 02:37:31 | INFO     | exam.app                     | Shutdown complete
2026-09-27 02:37:32 | INFO     | exam.subject-translations    | Seeded localised names for 21 subjects
2026-09-27 02:37:32 | INFO     | exam.subject-translations    | Seeded localised names for 21 subjects
2026-09-27 02:37:33 | WARNING  | exam.grading                 | Unknown grader provider 'nonesuch' - using the stub grader
2026-09-27 02:37:33 | INFO     | exam.app                     | Starting AI-Based Intelligent Examination Platform (development)
2026-09-27 02:37:33 | INFO     | exam.app                     | Object storage ready: bucket exam-media
2026-09-27 02:37:33 | INFO     | exam.app                     | Session sweeper started (every 60s)
2026-09-27 02:37:33 | INFO     | exam.auth                    | Login: examiner-3e1d9aff@test.edu (examiner/approved)
2026-09-27 02:37:33 | INFO     | exam.questions               | examiner-3e1d9aff@test.edu added a long_answer question (bank)
2026-09-27 02:37:33 | INFO     | exam.app                     | Shutdown complete
2026-09-27 02:37:33 | INFO     | exam.app                     | Starting AI-Based Intelligent Examination Platform (development)
2026-09-27 02:37:33 | INFO     | exam.app                     | Object storage ready: bucket exam-media
2026-09-27 02:37:33 | INFO     | exam.app                     | Session sweeper started (every 60s)
2026-09-27 02:37:34 | INFO     | exam.auth                    | Login: examiner-46433900@test.edu (examiner/approved)
2026-09-27 02:37:34 | INFO     | exam.app                     | Shutdown complete
2026-09-27 02:37:34 | INFO     | exam.app                     | Starting AI-Based Intelligent Examination Platform (development)
2026-09-27 02:37:34 | INFO     | exam.app                     | Object storage ready: bucket exam-media
2026-09-27 02:37:34 | INFO     | exam.app                     | Session sweeper started (every 60s)
2026-09-27 02:37:34 | INFO     | exam.auth                    | Login: examiner-93c7483b@test.edu (examiner/approved)
2026-09-27 02:37:34 | INFO     | exam.app                     | Shutdown complete
2026-09-27 02:37:34 | INFO     | exam.app                     | Starting AI-Based Intelligent Examination Platform (development)
2026-09-27 02:37:34 | INFO     | exam.app                     | Object storage ready: bucket exam-media
2026-09-27 02:37:34 | INFO     | exam.app                     | Session sweeper started (every 60s)
2026-09-27 02:37:34 | INFO     | exam.auth                    | Login: candidate-3ba1902c@test.edu (candidate/approved, login=approved)
2026-09-27 02:37:34 | INFO     | exam.exam                    | Session 7a64afdd-3c00-4f6c-8be9-3f9892ce9cff started: exam='Exam f3a731' candidate=237cfefb-822d-4c90-bfbf-f296ef20a815 questions=1 expires=2026-09-26T21:37:34.816787+00:00
2026-09-27 02:37:34 | INFO     | exam.app                     | Shutdown complete
2026-09-27 02:37:34 | INFO     | exam.app                     | Starting AI-Based Intelligent Examination Platform (development)
2026-09-27 02:37:34 | INFO     | exam.app                     | Object storage ready: bucket exam-media
2026-09-27 02:37:34 | INFO     | exam.app                     | Session sweeper started (every 60s)
2026-09-27 02:37:35 | INFO     | exam.auth                    | Login: candidate-c7cb86b5@test.edu (candidate/approved, login=approved)
2026-09-27 02:37:35 | INFO     | exam.exam                    | Session 0abb1714-e6c7-433e-b253-76b56ad5aa55 started: exam='Exam 0a92aa' candidate=7ac3b3ae-4018-4d5e-8a46-9beafa96c8c6 questions=1 expires=2026-09-26T21:37:35.176305+00:00
2026-09-27 02:37:35 | INFO     | exam.app                     | Shutdown complete
2026-09-27 02:37:35 | INFO     | exam.app                     | Starting AI-Based Intelligent Examination Platform (development)
2026-09-27 02:37:35 | INFO     | exam.app                     | Object storage ready: bucket exam-media
2026-09-27 02:37:35 | INFO     | exam.app                     | Session sweeper started (every 60s)
2026-09-27 02:37:35 | INFO     | exam.auth                    | Login: candidate-f7d5582a@test.edu (candidate/approved, login=approved)
2026-09-27 02:37:35 | INFO     | exam.exam                    | Session 3583637d-114c-43a0-b035-bb4e62038f16 started: exam='Exam b4f303' candidate=ed2a0666-c89e-44bd-9c9c-24ae4a7c5072 questions=1 expires=2026-09-26T21:37:35.553174+00:00
2026-09-27 02:37:35 | INFO     | exam.app                     | Shutdown complete
2026-09-27 02:37:35 | INFO     | exam.app                     | Starting AI-Based Intelligent Examination Platform (development)
2026-09-27 02:37:35 | INFO     | exam.app                     | Object storage ready: bucket exam-media
2026-09-27 02:37:35 | INFO     | exam.app                     | Session sweeper started (every 60s)
2026-09-27 02:37:35 | INFO     | exam.auth                    | Login: candidate-b4436fae@test.edu (candidate/approved, login=approved)
2026-09-27 02:37:35 | INFO     | exam.exam                    | Session 980bbe21-0581-4bbd-aa56-85642c55c284 started: exam='Exam 426bcd' candidate=33883197-007d-4ce5-872a-5a40cf6f088b questions=1 expires=2026-09-26T21:37:35.924461+00:00
2026-09-27 02:37:35 | INFO     | exam.app                     | Shutdown complete
2026-09-27 02:37:35 | INFO     | exam.app                     | Starting AI-Based Intelligent Examination Platform (development)
2026-09-27 02:37:35 | INFO     | exam.app                     | Object storage ready: bucket exam-media
2026-09-27 02:37:35 | INFO     | exam.app                     | Session sweeper started (every 60s)
2026-09-27 02:37:36 | INFO     | exam.auth                    | Login: candidate-5f829e0b@test.edu (candidate/approved, login=approved)
2026-09-27 02:37:36 | INFO     | exam.exam                    | Session b0cfa5e4-5c8d-40e3-af3f-460bd7d6570a started: exam='Exam 6be541' candidate=3dfb6d4c-6d24-40fe-aafa-1cf0ff5f651a questions=1 expires=2026-09-26T21:37:36.229728+00:00
2026-09-27 02:37:36 | INFO     | exam.app                     | Shutdown complete
2026-09-27 02:37:36 | INFO     | exam.app                     | Starting AI-Based Intelligent Examination Platform (development)
2026-09-27 02:37:36 | INFO     | exam.app                     | Object storage ready: bucket exam-media
2026-09-27 02:37:36 | INFO     | exam.app                     | Session sweeper started (every 60s)
2026-09-27 02:37:36 | INFO     | exam.auth                    | Login: candidate-9b4e9266@test.edu (candidate/approved, login=approved)
2026-09-27 02:37:36 | INFO     | exam.exam                    | Session fed201d7-fca9-4677-9443-8be66312d860 started: exam='Exam eccf1f' candidate=4ed50ba0-919b-40e6-82cd-c1dc67408da1 questions=1 expires=2026-09-26T21:37:36.578443+00:00
2026-09-27 02:37:36 | INFO     | exam.exam                    | Answer 9e50e02f-c4cb-4d01-97d3-9a914d8cfc49 is 8 word(s) under the 10-word minimum
2026-09-27 02:37:36 | INFO     | exam.exam                    | Session fed201d7-fca9-4677-9443-8be66312d860 finalised as submitted: 0 auto-scored, 1 queued for review
2026-09-27 02:37:36 | INFO     | exam.auth                    | Login: examiner-597c6c18@test.edu (examiner/approved)
2026-09-27 02:37:36 | INFO     | exam.app                     | Shutdown complete
2026-09-27 02:37:36 | INFO     | exam.app                     | Starting AI-Based Intelligent Examination Platform (development)
2026-09-27 02:37:36 | INFO     | exam.app                     | Object storage ready: bucket exam-media
2026-09-27 02:37:36 | INFO     | exam.app                     | Session sweeper started (every 60s)
2026-09-27 02:37:37 | INFO     | exam.auth                    | Login: candidate-64e106ea@test.edu (candidate/approved, login=approved)
2026-09-27 02:37:37 | INFO     | exam.exam                    | Session 4bcbe83d-c84f-401b-b777-b4ff4d8764fd started: exam='Exam 94d4cb' candidate=be462557-a8fb-44d7-ac68-283e7e72a00b questions=1 expires=2026-09-26T21:37:37.109566+00:00
2026-09-27 02:37:37 | INFO     | exam.exam                    | Session 4bcbe83d-c84f-401b-b777-b4ff4d8764fd finalised as submitted: 0 auto-scored, 1 queued for review
2026-09-27 02:37:37 | INFO     | exam.auth                    | Login: examiner-1801bf1d@test.edu (examiner/approved)
2026-09-27 02:37:37 | INFO     | exam.app                     | Shutdown complete
2026-09-27 02:41:32 | INFO     | exam                         | Logging initialised -> D:\AI_Based_Examination_platform\logs
2026-09-27 02:41:33 | INFO     | exam.app                     | Starting AI-Based Intelligent Examination Platform (development)
2026-09-27 02:41:33 | INFO     | exam.app                     | Object storage ready: bucket exam-media
2026-09-27 02:41:33 | INFO     | exam.app                     | Session sweeper started (every 60s)
2026-09-27 02:42:02 | INFO     | exam.auth                    | Login: examiner@exam.edu (examiner/approved)
2026-09-27 03:14:15 | INFO     | exam                         | Logging initialised -> D:\AI_Based_Examination_platform\logs
2026-09-27 03:14:27 | INFO     | exam                         | Logging initialised -> D:\AI_Based_Examination_platform\logs
2026-09-27 03:14:59 | INFO     | exam                         | Logging initialised -> D:\AI_Based_Examination_platform\logs
2026-09-27 03:15:32 | INFO     | exam                         | Logging initialised -> D:\AI_Based_Examination_platform\logs
2026-09-27 03:15:33 | INFO     | exam.app                     | Starting AI-Based Intelligent Examination Platform (development)
2026-09-27 03:15:33 | INFO     | exam.app                     | Object storage ready: bucket exam-media
2026-09-27 03:15:33 | INFO     | exam.app                     | Session sweeper started (every 60s)
2026-09-27 03:15:33 | INFO     | exam.auth                    | Login: examiner-83ac1436@test.edu (examiner/approved)
2026-09-27 03:15:33 | INFO     | exam.app                     | Shutdown complete
2026-09-27 03:15:33 | INFO     | exam.app                     | Starting AI-Based Intelligent Examination Platform (development)
2026-09-27 03:15:33 | INFO     | exam.app                     | Object storage ready: bucket exam-media
2026-09-27 03:15:33 | INFO     | exam.app                     | Session sweeper started (every 60s)
2026-09-27 03:15:34 | INFO     | exam.auth                    | Login: examiner-6fc984b0@test.edu (examiner/approved)
2026-09-27 03:15:34 | INFO     | exam.app                     | Shutdown complete
2026-09-27 03:15:34 | INFO     | exam.app                     | Starting AI-Based Intelligent Examination Platform (development)
2026-09-27 03:15:34 | INFO     | exam.app                     | Object storage ready: bucket exam-media
2026-09-27 03:15:34 | INFO     | exam.app                     | Session sweeper started (every 60s)
2026-09-27 03:15:34 | INFO     | exam.auth                    | Login: examiner-c5993996@test.edu (examiner/approved)
2026-09-27 03:15:34 | INFO     | exam.questions               | examiner-c5993996@test.edu added a mcq question (bank)
2026-09-27 03:15:34 | INFO     | exam.app                     | Shutdown complete
2026-09-27 03:15:34 | INFO     | exam.app                     | Starting AI-Based Intelligent Examination Platform (development)
2026-09-27 03:15:34 | INFO     | exam.app                     | Object storage ready: bucket exam-media
2026-09-27 03:15:34 | INFO     | exam.app                     | Session sweeper started (every 60s)
2026-09-27 03:15:34 | INFO     | exam.auth                    | Login: examiner-416580ea@test.edu (examiner/approved)
2026-09-27 03:15:34 | INFO     | exam.app                     | Shutdown complete
2026-09-27 03:15:34 | INFO     | exam.app                     | Starting AI-Based Intelligent Examination Platform (development)
2026-09-27 03:15:34 | INFO     | exam.app                     | Object storage ready: bucket exam-media
2026-09-27 03:15:34 | INFO     | exam.app                     | Session sweeper started (every 60s)
2026-09-27 03:15:34 | INFO     | exam.auth                    | Login: examiner-e41e840f@test.edu (examiner/approved)
2026-09-27 03:15:34 | INFO     | exam.ai_questions            | examiner-e41e840f@test.edu generated 1 AI question draft(s) (category=technical topic=-)
2026-09-27 03:15:34 | INFO     | exam.app                     | Shutdown complete
2026-09-27 03:15:34 | INFO     | exam.app                     | Starting AI-Based Intelligent Examination Platform (development)
2026-09-27 03:15:34 | INFO     | exam.app                     | Object storage ready: bucket exam-media
2026-09-27 03:15:34 | INFO     | exam.app                     | Session sweeper started (every 60s)
2026-09-27 03:15:34 | INFO     | exam.auth                    | Login: examiner-461cf1ed@test.edu (examiner/approved)
2026-09-27 03:15:34 | INFO     | exam.app                     | Shutdown complete
2026-09-27 03:15:34 | INFO     | exam.app                     | Starting AI-Based Intelligent Examination Platform (development)
2026-09-27 03:15:34 | INFO     | exam.app                     | Object storage ready: bucket exam-media
2026-09-27 03:15:34 | INFO     | exam.app                     | Session sweeper started (every 60s)
2026-09-27 03:15:34 | INFO     | exam.auth                    | Login: examiner-ca052a1c@test.edu (examiner/approved)
2026-09-27 03:15:34 | INFO     | exam.ai_questions            | examiner-ca052a1c@test.edu generated 1 AI question draft(s) (category=technical topic=-)
2026-09-27 03:15:34 | INFO     | exam.ai_questions            | examiner-ca052a1c@test.edu approved AI draft 8bd4e6f3-9ec1-473e-82c6-ad59078c9f0e → question b7d5a258-a1ef-47b0-a0fe-be4a90f419e6
2026-09-27 03:15:34 | INFO     | exam.app                     | Shutdown complete
2026-09-27 03:15:34 | INFO     | exam.app                     | Starting AI-Based Intelligent Examination Platform (development)
2026-09-27 03:15:34 | INFO     | exam.app                     | Object storage ready: bucket exam-media
2026-09-27 03:15:34 | INFO     | exam.app                     | Session sweeper started (every 60s)
2026-09-27 03:15:34 | INFO     | exam.auth                    | Login: examiner-7ef88a98@test.edu (examiner/approved)
2026-09-27 03:15:34 | INFO     | exam.ai_questions            | examiner-7ef88a98@test.edu generated 1 AI question draft(s) (category=technical topic=-)
2026-09-27 03:15:34 | INFO     | exam.app                     | Shutdown complete
2026-09-27 03:15:34 | INFO     | exam.app                     | Starting AI-Based Intelligent Examination Platform (development)
2026-09-27 03:15:34 | INFO     | exam.app                     | Object storage ready: bucket exam-media
2026-09-27 03:15:34 | INFO     | exam.app                     | Session sweeper started (every 60s)
2026-09-27 03:15:35 | INFO     | exam.auth                    | Login: examiner-02872db4@test.edu (examiner/approved)
2026-09-27 03:15:35 | INFO     | exam.exams                   | examiner-02872db4@test.edu updated exam bac0e282-a4d7-4f88-a995-83790c6e7d75
2026-09-27 03:15:35 | INFO     | exam.app                     | Shutdown complete
2026-09-27 03:15:35 | INFO     | exam.app                     | Starting AI-Based Intelligent Examination Platform (development)
2026-09-27 03:15:35 | INFO     | exam.app                     | Object storage ready: bucket exam-media
2026-09-27 03:15:35 | INFO     | exam.app                     | Session sweeper started (every 60s)
2026-09-27 03:15:35 | INFO     | exam.auth                    | Login: examiner-73ceddc8@test.edu (examiner/approved)
2026-09-27 03:15:35 | INFO     | exam.exams                   | examiner-73ceddc8@test.edu reordered the pool of exam a8269438-03f0-4632-937d-a8394848c0ba
2026-09-27 03:15:35 | INFO     | exam.app                     | Shutdown complete
2026-09-27 03:15:35 | INFO     | exam.app                     | Starting AI-Based Intelligent Examination Platform (development)
2026-09-27 03:15:35 | INFO     | exam.app                     | Object storage ready: bucket exam-media
2026-09-27 03:15:35 | INFO     | exam.app                     | Session sweeper started (every 60s)
2026-09-27 03:15:35 | INFO     | exam.auth                    | Login: examiner-0e3c9a6f@test.edu (examiner/approved)
2026-09-27 03:15:35 | INFO     | exam.app                     | Shutdown complete
2026-09-27 03:15:35 | INFO     | exam.app                     | Starting AI-Based Intelligent Examination Platform (development)
2026-09-27 03:15:35 | INFO     | exam.app                     | Object storage ready: bucket exam-media
2026-09-27 03:15:35 | INFO     | exam.app                     | Session sweeper started (every 60s)
2026-09-27 03:15:35 | INFO     | exam.auth                    | Login: examiner-1d1ad733@test.edu (examiner/approved)
2026-09-27 03:15:35 | INFO     | exam.app                     | Shutdown complete
2026-09-27 03:15:35 | INFO     | exam.app                     | Starting AI-Based Intelligent Examination Platform (development)
2026-09-27 03:15:35 | INFO     | exam.app                     | Object storage ready: bucket exam-media
2026-09-27 03:15:35 | INFO     | exam.app                     | Session sweeper started (every 60s)
2026-09-27 03:15:35 | INFO     | exam.auth                    | Login: examiner-947b4ec5@test.edu (examiner/approved)
2026-09-27 03:15:35 | INFO     | exam.exams                   | examiner-947b4ec5@test.edu updated exam 27789bf2-33a7-41dc-9d3c-071d88f3c8a1
2026-09-27 03:15:35 | INFO     | exam.exams                   | examiner-947b4ec5@test.edu added 1 question(s) to exam 27789bf2-33a7-41dc-9d3c-071d88f3c8a1
2026-09-27 03:15:35 | INFO     | exam.app                     | Shutdown complete
2026-09-27 03:15:35 | INFO     | exam.app                     | Starting AI-Based Intelligent Examination Platform (development)
2026-09-27 03:15:35 | INFO     | exam.app                     | Object storage ready: bucket exam-media
2026-09-27 03:15:35 | INFO     | exam.app                     | Session sweeper started (every 60s)
2026-09-27 03:15:36 | INFO     | exam.auth                    | Login: examiner-0de75a97@test.edu (examiner/approved)
2026-09-27 03:15:36 | INFO     | exam.app                     | Shutdown complete
2026-09-27 03:15:36 | INFO     | exam.app                     | Starting AI-Based Intelligent Examination Platform (development)
2026-09-27 03:15:36 | INFO     | exam.app                     | Object storage ready: bucket exam-media
2026-09-27 03:15:36 | INFO     | exam.app                     | Session sweeper started (every 60s)
2026-09-27 03:15:36 | INFO     | exam.auth                    | Login: examiner-1cbb7f53@test.edu (examiner/approved)
2026-09-27 03:15:36 | INFO     | exam.exams                   | examiner-1cbb7f53@test.edu added 3 question(s) to exam 2df7434d-0b2c-4923-87a6-e480438813de
2026-09-27 03:15:36 | INFO     | exam.app                     | Shutdown complete
2026-09-27 03:15:36 | INFO     | exam.app                     | Starting AI-Based Intelligent Examination Platform (development)
2026-09-27 03:15:36 | INFO     | exam.app                     | Object storage ready: bucket exam-media
2026-09-27 03:15:36 | INFO     | exam.app                     | Session sweeper started (every 60s)
2026-09-27 03:15:36 | INFO     | exam.auth                    | Login: examiner-cd92e0b9@test.edu (examiner/approved)
2026-09-27 03:15:36 | INFO     | exam.exams                   | examiner-cd92e0b9@test.edu added 0 question(s) to exam fe1f1bd9-24c7-40f1-8f0b-9749cb8bfd53
2026-09-27 03:15:36 | INFO     | exam.app                     | Shutdown complete
2026-09-27 03:15:36 | INFO     | exam.app                     | Starting AI-Based Intelligent Examination Platform (development)
2026-09-27 03:15:36 | INFO     | exam.app                     | Object storage ready: bucket exam-media
2026-09-27 03:15:36 | INFO     | exam.app                     | Session sweeper started (every 60s)
2026-09-27 03:15:36 | INFO     | exam.auth                    | Login: examiner-049ccddb@test.edu (examiner/approved)
2026-09-27 03:15:36 | INFO     | exam.auth                    | Login: candidate-a4497aa1@test.edu (candidate/approved, login=approved)
2026-09-27 03:15:36 | INFO     | exam.exam                    | Session ff702c6b-d620-4698-9c3f-2dbfca99efe8 started: exam='Exam 5aaf57' candidate=f0aa38ed-a2de-487b-abe4-9c0429de8e93 questions=2 expires=2026-09-26T22:15:36.853726+00:00
2026-09-27 03:15:36 | INFO     | exam.app                     | Shutdown complete
2026-09-27 03:15:36 | INFO     | exam.app                     | Starting AI-Based Intelligent Examination Platform (development)
2026-09-27 03:15:36 | INFO     | exam.app                     | Object storage ready: bucket exam-media
2026-09-27 03:15:36 | INFO     | exam.app                     | Session sweeper started (every 60s)
2026-09-27 03:15:37 | INFO     | exam.auth                    | Login: examiner-002613bf@test.edu (examiner/approved)
2026-09-27 03:15:37 | INFO     | exam.app                     | Shutdown complete
2026-09-27 03:15:37 | INFO     | exam.app                     | Starting AI-Based Intelligent Examination Platform (development)
2026-09-27 03:15:37 | INFO     | exam.app                     | Object storage ready: bucket exam-media
2026-09-27 03:15:37 | INFO     | exam.app                     | Session sweeper started (every 60s)
2026-09-27 03:15:37 | INFO     | exam.auth                    | Login: examiner-6f18f3a3@test.edu (examiner/approved)
2026-09-27 03:15:37 | INFO     | exam.app                     | Shutdown complete
2026-09-27 03:15:37 | INFO     | exam.app                     | Starting AI-Based Intelligent Examination Platform (development)
2026-09-27 03:15:37 | INFO     | exam.app                     | Object storage ready: bucket exam-media
2026-09-27 03:15:37 | INFO     | exam.app                     | Session sweeper started (every 60s)
2026-09-27 03:15:37 | INFO     | exam.auth                    | Login: examiner-e976771d@test.edu (examiner/approved)
2026-09-27 03:15:37 | INFO     | exam.questions               | examiner-e976771d@test.edu added a mcq question (bank)
2026-09-27 03:15:37 | INFO     | exam.app                     | Shutdown complete
2026-09-27 03:15:37 | INFO     | exam.app                     | Starting AI-Based Intelligent Examination Platform (development)
2026-09-27 03:15:37 | INFO     | exam.app                     | Object storage ready: bucket exam-media
2026-09-27 03:15:37 | INFO     | exam.app                     | Session sweeper started (every 60s)
2026-09-27 03:15:37 | INFO     | exam.auth                    | Login: examiner-c5eb0ead@test.edu (examiner/approved)
2026-09-27 03:15:37 | INFO     | exam.questions               | examiner-c5eb0ead@test.edu added a mcq question (exam-only)
2026-09-27 03:15:37 | INFO     | exam.app                     | Shutdown complete
2026-09-27 03:15:37 | INFO     | exam.app                     | Starting AI-Based Intelligent Examination Platform (development)
2026-09-27 03:15:37 | INFO     | exam.app                     | Object storage ready: bucket exam-media
2026-09-27 03:15:37 | INFO     | exam.app                     | Session sweeper started (every 60s)
2026-09-27 03:15:37 | INFO     | exam.auth                    | Login: examiner-af90a985@test.edu (examiner/approved)
2026-09-27 03:15:37 | INFO     | exam.questions               | examiner-af90a985@test.edu added a mcq question (exam-only)
2026-09-27 03:15:37 | INFO     | exam.app                     | Shutdown complete
2026-09-27 03:15:37 | INFO     | exam.app                     | Starting AI-Based Intelligent Examination Platform (development)
2026-09-27 03:15:37 | INFO     | exam.app                     | Object storage ready: bucket exam-media
2026-09-27 03:15:37 | INFO     | exam.app                     | Session sweeper started (every 60s)
2026-09-27 03:15:37 | INFO     | exam.auth                    | Login: examiner-9e2cfc6e@test.edu (examiner/approved)
2026-09-27 03:15:37 | INFO     | exam.app                     | Shutdown complete
2026-09-27 03:15:37 | INFO     | exam.app                     | Starting AI-Based Intelligent Examination Platform (development)
2026-09-27 03:15:37 | INFO     | exam.app                     | Object storage ready: bucket exam-media
2026-09-27 03:15:37 | INFO     | exam.app                     | Session sweeper started (every 60s)
2026-09-27 03:15:38 | INFO     | exam.auth                    | Login: examiner-2ba8c6c2@test.edu (examiner/approved)
2026-09-27 03:15:38 | INFO     | exam.app                     | Shutdown complete
2026-09-27 03:15:38 | INFO     | exam.app                     | Starting AI-Based Intelligent Examination Platform (development)
2026-09-27 03:15:38 | INFO     | exam.app                     | Object storage ready: bucket exam-media
2026-09-27 03:15:38 | INFO     | exam.app                     | Session sweeper started (every 60s)
2026-09-27 03:15:38 | INFO     | exam.auth                    | Login: examiner-4ef36f8a@test.edu (examiner/approved)
2026-09-27 03:15:38 | INFO     | exam.questions               | examiner-4ef36f8a@test.edu added a mcq question (bank)
2026-09-27 03:15:38 | INFO     | exam.exams                   | examiner-4ef36f8a@test.edu added 1 question(s) to exam 77d93be9-704f-4e0d-89ab-db12061860f3
2026-09-27 03:15:38 | INFO     | exam.app                     | Shutdown complete
2026-09-27 03:15:38 | INFO     | exam.app                     | Starting AI-Based Intelligent Examination Platform (development)
2026-09-27 03:15:38 | INFO     | exam.app                     | Object storage ready: bucket exam-media
2026-09-27 03:15:38 | INFO     | exam.app                     | Session sweeper started (every 60s)
2026-09-27 03:15:38 | INFO     | exam.auth                    | Login: examiner-a29fa478@test.edu (examiner/approved)
2026-09-27 03:15:38 | INFO     | exam.app                     | Shutdown complete
2026-09-27 03:15:38 | INFO     | exam.app                     | Starting AI-Based Intelligent Examination Platform (development)
2026-09-27 03:15:38 | INFO     | exam.app                     | Object storage ready: bucket exam-media
2026-09-27 03:15:38 | INFO     | exam.app                     | Session sweeper started (every 60s)
2026-09-27 03:15:38 | INFO     | exam.auth                    | Login: examiner-68c36fbd@test.edu (examiner/approved)
2026-09-27 03:15:38 | INFO     | exam.app                     | Shutdown complete
2026-09-27 03:15:38 | INFO     | exam.app                     | Starting AI-Based Intelligent Examination Platform (development)
2026-09-27 03:15:38 | INFO     | exam.app                     | Object storage ready: bucket exam-media
2026-09-27 03:15:38 | INFO     | exam.app                     | Session sweeper started (every 60s)
2026-09-27 03:15:38 | INFO     | exam.auth                    | Login: examiner-646f39ae@test.edu (examiner/approved)
2026-09-27 03:15:38 | INFO     | exam.app                     | Shutdown complete
2026-09-27 03:15:38 | INFO     | exam.app                     | Starting AI-Based Intelligent Examination Platform (development)
2026-09-27 03:15:38 | INFO     | exam.app                     | Object storage ready: bucket exam-media
2026-09-27 03:15:38 | INFO     | exam.app                     | Session sweeper started (every 60s)
2026-09-27 03:15:38 | INFO     | exam.auth                    | Login: admin-4ef4c160@test.edu (admin/approved)
2026-09-27 03:15:38 | INFO     | exam.questions               | admin-4ef4c160@test.edu updated question 01076856-a0a2-47e4-9f26-91e9ee5e11ee
2026-09-27 03:15:38 | INFO     | exam.app                     | Shutdown complete
2026-09-27 03:15:38 | INFO     | exam.app                     | Starting AI-Based Intelligent Examination Platform (development)
2026-09-27 03:15:38 | INFO     | exam.app                     | Object storage ready: bucket exam-media
2026-09-27 03:15:38 | INFO     | exam.app                     | Session sweeper started (every 60s)
2026-09-27 03:15:39 | INFO     | exam.auth                    | Login: examiner-719c9bf0@test.edu (examiner/approved)
2026-09-27 03:15:39 | INFO     | exam.questions               | examiner-719c9bf0@test.edu duplicated question 59da0666-e61b-4bb0-8656-2e51f42cde60
2026-09-27 03:15:39 | INFO     | exam.app                     | Shutdown complete
2026-09-27 03:15:39 | INFO     | exam.app                     | Starting AI-Based Intelligent Examination Platform (development)
2026-09-27 03:15:39 | INFO     | exam.app                     | Object storage ready: bucket exam-media
2026-09-27 03:15:39 | INFO     | exam.app                     | Session sweeper started (every 60s)
2026-09-27 03:15:39 | INFO     | exam.auth                    | Login: examiner-3bbb3e91@test.edu (examiner/approved)
2026-09-27 03:15:39 | INFO     | exam.questions               | examiner-3bbb3e91@test.edu duplicated question c7be19ac-eca0-4765-b365-939b66eb3d85
2026-09-27 03:15:39 | INFO     | exam.app                     | Shutdown complete
2026-09-27 03:15:39 | INFO     | exam.app                     | Starting AI-Based Intelligent Examination Platform (development)
2026-09-27 03:15:39 | INFO     | exam.app                     | Object storage ready: bucket exam-media
2026-09-27 03:15:39 | INFO     | exam.app                     | Session sweeper started (every 60s)
2026-09-27 03:15:39 | INFO     | exam.auth                    | Login: examiner-7ff26779@test.edu (examiner/approved)
2026-09-27 03:15:39 | INFO     | exam.app                     | Shutdown complete
2026-09-27 03:15:39 | INFO     | exam.app                     | Starting AI-Based Intelligent Examination Platform (development)
2026-09-27 03:15:39 | INFO     | exam.app                     | Object storage ready: bucket exam-media
2026-09-27 03:15:39 | INFO     | exam.app                     | Session sweeper started (every 60s)
2026-09-27 03:15:39 | INFO     | exam.auth                    | Login: examiner-40d3d9f4@test.edu (examiner/approved)
2026-09-27 03:15:39 | INFO     | exam.app                     | Shutdown complete
2026-09-27 03:15:39 | INFO     | exam.app                     | Starting AI-Based Intelligent Examination Platform (development)
2026-09-27 03:15:39 | INFO     | exam.app                     | Object storage ready: bucket exam-media
2026-09-27 03:15:39 | INFO     | exam.app                     | Session sweeper started (every 60s)
2026-09-27 03:15:39 | INFO     | exam.auth                    | Login: examiner-5f075641@test.edu (examiner/approved)
2026-09-27 03:15:39 | INFO     | exam.app                     | Shutdown complete
2026-09-27 03:15:39 | INFO     | exam.app                     | Starting AI-Based Intelligent Examination Platform (development)
2026-09-27 03:15:39 | INFO     | exam.app                     | Object storage ready: bucket exam-media
2026-09-27 03:15:39 | INFO     | exam.app                     | Session sweeper started (every 60s)
2026-09-27 03:15:39 | INFO     | exam.auth                    | Login: examiner-0a0d081c@test.edu (examiner/approved)
2026-09-27 03:15:39 | INFO     | exam.questions               | examiner-0a0d081c@test.edu added a true_false question (exam-only)
2026-09-27 03:15:39 | WARNING  | exam.exams                   | examiner-0a0d081c@test.edu deleted exam 'Exam d17138'
2026-09-27 03:15:39 | INFO     | exam.app                     | Shutdown complete
2026-09-27 03:15:46 | INFO     | exam                         | Logging initialised -> D:\AI_Based_Examination_platform\logs
2026-09-27 03:15:47 | INFO     | exam.app                     | Starting AI-Based Intelligent Examination Platform (development)
2026-09-27 03:15:47 | INFO     | exam.app                     | Object storage ready: bucket exam-media
2026-09-27 03:15:47 | INFO     | exam.app                     | Session sweeper started (every 60s)
2026-09-27 03:15:47 | INFO     | exam.auth                    | Login: examiner-ee18a5d8@test.edu (examiner/approved)
2026-09-27 03:15:47 | INFO     | exam.app                     | Shutdown complete
2026-09-27 03:15:47 | INFO     | exam.app                     | Starting AI-Based Intelligent Examination Platform (development)
2026-09-27 03:15:47 | INFO     | exam.app                     | Object storage ready: bucket exam-media
2026-09-27 03:15:47 | INFO     | exam.app                     | Session sweeper started (every 60s)
2026-09-27 03:15:47 | INFO     | exam.auth                    | Login: examiner-695aae92@test.edu (examiner/approved)
2026-09-27 03:15:47 | INFO     | exam.app                     | Shutdown complete
2026-09-27 03:15:47 | INFO     | exam.app                     | Starting AI-Based Intelligent Examination Platform (development)
2026-09-27 03:15:47 | INFO     | exam.app                     | Object storage ready: bucket exam-media
2026-09-27 03:15:47 | INFO     | exam.app                     | Session sweeper started (every 60s)
2026-09-27 03:15:47 | INFO     | exam.auth                    | Login: examiner-7b07c6bc@test.edu (examiner/approved)
2026-09-27 03:15:47 | INFO     | exam.questions               | examiner-7b07c6bc@test.edu added a mcq question (bank)
2026-09-27 03:15:47 | INFO     | exam.app                     | Shutdown complete
2026-09-27 03:15:47 | INFO     | exam.app                     | Starting AI-Based Intelligent Examination Platform (development)
2026-09-27 03:15:47 | INFO     | exam.app                     | Object storage ready: bucket exam-media
2026-09-27 03:15:47 | INFO     | exam.app                     | Session sweeper started (every 60s)
2026-09-27 03:15:47 | INFO     | exam.auth                    | Login: examiner-f363a640@test.edu (examiner/approved)
2026-09-27 03:15:47 | INFO     | exam.app                     | Shutdown complete
2026-09-27 03:15:47 | INFO     | exam.app                     | Starting AI-Based Intelligent Examination Platform (development)
2026-09-27 03:15:47 | INFO     | exam.app                     | Object storage ready: bucket exam-media
2026-09-27 03:15:47 | INFO     | exam.app                     | Session sweeper started (every 60s)
2026-09-27 03:15:48 | INFO     | exam.auth                    | Login: examiner-7d8f29ee@test.edu (examiner/approved)
2026-09-27 03:15:48 | INFO     | exam.ai_questions            | examiner-7d8f29ee@test.edu generated 1 AI question draft(s) (category=technical topic=-)
2026-09-27 03:15:48 | INFO     | exam.app                     | Shutdown complete
2026-09-27 03:15:48 | INFO     | exam.app                     | Starting AI-Based Intelligent Examination Platform (development)
2026-09-27 03:15:48 | INFO     | exam.app                     | Object storage ready: bucket exam-media
2026-09-27 03:15:48 | INFO     | exam.app                     | Session sweeper started (every 60s)
2026-09-27 03:15:48 | INFO     | exam.auth                    | Login: examiner-fa3f8e4d@test.edu (examiner/approved)
2026-09-27 03:15:48 | INFO     | exam.app                     | Shutdown complete
2026-09-27 03:15:48 | INFO     | exam.app                     | Starting AI-Based Intelligent Examination Platform (development)
2026-09-27 03:15:48 | INFO     | exam.app                     | Object storage ready: bucket exam-media
2026-09-27 03:15:48 | INFO     | exam.app                     | Session sweeper started (every 60s)
2026-09-27 03:15:48 | INFO     | exam.auth                    | Login: examiner-c7b089ac@test.edu (examiner/approved)
2026-09-27 03:15:48 | INFO     | exam.ai_questions            | examiner-c7b089ac@test.edu generated 1 AI question draft(s) (category=technical topic=-)
2026-09-27 03:15:48 | INFO     | exam.ai_questions            | examiner-c7b089ac@test.edu approved AI draft aac0d620-ae9e-47d2-9c3e-fa73f3390092 → question d75e6bb5-6316-4160-b8a2-ba0284b20746
2026-09-27 03:15:48 | INFO     | exam.app                     | Shutdown complete
2026-09-27 03:15:48 | INFO     | exam.app                     | Starting AI-Based Intelligent Examination Platform (development)
2026-09-27 03:15:48 | INFO     | exam.app                     | Object storage ready: bucket exam-media
2026-09-27 03:15:48 | INFO     | exam.app                     | Session sweeper started (every 60s)
2026-09-27 03:15:48 | INFO     | exam.auth                    | Login: examiner-3d1056dc@test.edu (examiner/approved)
2026-09-27 03:15:48 | INFO     | exam.ai_questions            | examiner-3d1056dc@test.edu generated 1 AI question draft(s) (category=technical topic=-)
2026-09-27 03:15:48 | INFO     | exam.app                     | Shutdown complete
2026-09-27 03:15:48 | INFO     | exam.app                     | Starting AI-Based Intelligent Examination Platform (development)
2026-09-27 03:15:48 | INFO     | exam.app                     | Object storage ready: bucket exam-media
2026-09-27 03:15:48 | INFO     | exam.app                     | Session sweeper started (every 60s)
2026-09-27 03:15:48 | INFO     | exam.auth                    | Login: examiner-dd2a0e4f@test.edu (examiner/approved)
2026-09-27 03:15:48 | INFO     | exam.exams                   | examiner-dd2a0e4f@test.edu updated exam 6927722a-2713-4d4a-8420-4a7eaf4c40ac
2026-09-27 03:15:48 | INFO     | exam.app                     | Shutdown complete
2026-09-27 03:15:48 | INFO     | exam.app                     | Starting AI-Based Intelligent Examination Platform (development)
2026-09-27 03:15:48 | INFO     | exam.app                     | Object storage ready: bucket exam-media
2026-09-27 03:15:48 | INFO     | exam.app                     | Session sweeper started (every 60s)
2026-09-27 03:15:48 | INFO     | exam.auth                    | Login: examiner-dbbc7d7d@test.edu (examiner/approved)
2026-09-27 03:15:48 | INFO     | exam.exams                   | examiner-dbbc7d7d@test.edu reordered the pool of exam c8f8ada8-f505-4aed-8ae0-de5173d1f3d0
2026-09-27 03:15:48 | INFO     | exam.app                     | Shutdown complete
2026-09-27 03:15:48 | INFO     | exam.app                     | Starting AI-Based Intelligent Examination Platform (development)
2026-09-27 03:15:48 | INFO     | exam.app                     | Object storage ready: bucket exam-media
2026-09-27 03:15:48 | INFO     | exam.app                     | Session sweeper started (every 60s)
2026-09-27 03:15:49 | INFO     | exam.auth                    | Login: examiner-8bca2a79@test.edu (examiner/approved)
2026-09-27 03:15:49 | INFO     | exam.app                     | Shutdown complete
2026-09-27 03:15:49 | INFO     | exam.app                     | Starting AI-Based Intelligent Examination Platform (development)
2026-09-27 03:15:49 | INFO     | exam.app                     | Object storage ready: bucket exam-media
2026-09-27 03:15:49 | INFO     | exam.app                     | Session sweeper started (every 60s)
2026-09-27 03:15:49 | INFO     | exam.auth                    | Login: examiner-7c8ec50f@test.edu (examiner/approved)
2026-09-27 03:15:49 | INFO     | exam.app                     | Shutdown complete
2026-09-27 03:15:49 | INFO     | exam.app                     | Starting AI-Based Intelligent Examination Platform (development)
2026-09-27 03:15:49 | INFO     | exam.app                     | Object storage ready: bucket exam-media
2026-09-27 03:15:49 | INFO     | exam.app                     | Session sweeper started (every 60s)
2026-09-27 03:15:49 | INFO     | exam.auth                    | Login: examiner-822e89f4@test.edu (examiner/approved)
2026-09-27 03:15:49 | INFO     | exam.exams                   | examiner-822e89f4@test.edu updated exam 35ff2f32-deaf-42b4-9203-4a9e037038e3
2026-09-27 03:15:49 | INFO     | exam.exams                   | examiner-822e89f4@test.edu added 1 question(s) to exam 35ff2f32-deaf-42b4-9203-4a9e037038e3
2026-09-27 03:15:49 | INFO     | exam.app                     | Shutdown complete
2026-09-27 03:15:49 | INFO     | exam.app                     | Starting AI-Based Intelligent Examination Platform (development)
2026-09-27 03:15:49 | INFO     | exam.app                     | Object storage ready: bucket exam-media
2026-09-27 03:15:49 | INFO     | exam.app                     | Session sweeper started (every 60s)
2026-09-27 03:15:49 | INFO     | exam.auth                    | Login: examiner-0d084967@test.edu (examiner/approved)
2026-09-27 03:15:49 | INFO     | exam.app                     | Shutdown complete
2026-09-27 03:15:49 | INFO     | exam.app                     | Starting AI-Based Intelligent Examination Platform (development)
2026-09-27 03:15:49 | INFO     | exam.app                     | Object storage ready: bucket exam-media
2026-09-27 03:15:49 | INFO     | exam.app                     | Session sweeper started (every 60s)
2026-09-27 03:15:49 | INFO     | exam.auth                    | Login: examiner-3c655246@test.edu (examiner/approved)
2026-09-27 03:15:49 | INFO     | exam.exams                   | examiner-3c655246@test.edu added 3 question(s) to exam 513e9711-ae26-4e1c-abe3-b8754dd27866
2026-09-27 03:15:49 | INFO     | exam.app                     | Shutdown complete
2026-09-27 03:15:49 | INFO     | exam.app                     | Starting AI-Based Intelligent Examination Platform (development)
2026-09-27 03:15:49 | INFO     | exam.app                     | Object storage ready: bucket exam-media
2026-09-27 03:15:49 | INFO     | exam.app                     | Session sweeper started (every 60s)
2026-09-27 03:15:49 | INFO     | exam.auth                    | Login: examiner-af339e11@test.edu (examiner/approved)
2026-09-27 03:15:49 | INFO     | exam.exams                   | examiner-af339e11@test.edu added 0 question(s) to exam 0f87afc3-4b83-4a18-8ddb-17cdcaee8f29
2026-09-27 03:15:49 | INFO     | exam.app                     | Shutdown complete
2026-09-27 03:15:49 | INFO     | exam.app                     | Starting AI-Based Intelligent Examination Platform (development)
2026-09-27 03:15:49 | INFO     | exam.app                     | Object storage ready: bucket exam-media
2026-09-27 03:15:49 | INFO     | exam.app                     | Session sweeper started (every 60s)
2026-09-27 03:15:50 | INFO     | exam.auth                    | Login: examiner-93e9fd63@test.edu (examiner/approved)
2026-09-27 03:15:50 | INFO     | exam.auth                    | Login: candidate-4f553eca@test.edu (candidate/approved, login=approved)
2026-09-27 03:15:50 | INFO     | exam.exam                    | Session 5b6de4e2-9d0f-4584-97fd-ac50d0ceadb1 started: exam='Exam ab3765' candidate=bd1b35f3-d35f-4797-a1ae-bd9ed69607eb questions=2 expires=2026-09-26T22:15:50.270143+00:00
2026-09-27 03:15:50 | INFO     | exam.app                     | Shutdown complete
2026-09-27 03:15:50 | INFO     | exam.app                     | Starting AI-Based Intelligent Examination Platform (development)
2026-09-27 03:15:50 | INFO     | exam.app                     | Object storage ready: bucket exam-media
2026-09-27 03:15:50 | INFO     | exam.app                     | Session sweeper started (every 60s)
2026-09-27 03:15:50 | INFO     | exam.auth                    | Login: examiner-1df17195@test.edu (examiner/approved)
2026-09-27 03:15:50 | INFO     | exam.app                     | Shutdown complete
2026-09-27 03:15:50 | INFO     | exam.app                     | Starting AI-Based Intelligent Examination Platform (development)
2026-09-27 03:15:50 | INFO     | exam.app                     | Object storage ready: bucket exam-media
2026-09-27 03:15:50 | INFO     | exam.app                     | Session sweeper started (every 60s)
2026-09-27 03:15:50 | INFO     | exam.auth                    | Login: examiner-da0c615b@test.edu (examiner/approved)
2026-09-27 03:15:50 | INFO     | exam.app                     | Shutdown complete
2026-09-27 03:15:50 | INFO     | exam.app                     | Starting AI-Based Intelligent Examination Platform (development)
2026-09-27 03:15:50 | INFO     | exam.app                     | Object storage ready: bucket exam-media
2026-09-27 03:15:50 | INFO     | exam.app                     | Session sweeper started (every 60s)
2026-09-27 03:15:50 | INFO     | exam.auth                    | Login: examiner-1354f4b1@test.edu (examiner/approved)
2026-09-27 03:15:50 | INFO     | exam.questions               | examiner-1354f4b1@test.edu added a mcq question (bank)
2026-09-27 03:15:50 | INFO     | exam.app                     | Shutdown complete
2026-09-27 03:15:50 | INFO     | exam.app                     | Starting AI-Based Intelligent Examination Platform (development)
2026-09-27 03:15:50 | INFO     | exam.app                     | Object storage ready: bucket exam-media
2026-09-27 03:15:50 | INFO     | exam.app                     | Session sweeper started (every 60s)
2026-09-27 03:15:50 | INFO     | exam.auth                    | Login: examiner-f6ac1387@test.edu (examiner/approved)
2026-09-27 03:15:50 | INFO     | exam.questions               | examiner-f6ac1387@test.edu added a mcq question (exam-only)
2026-09-27 03:15:50 | INFO     | exam.app                     | Shutdown complete
2026-09-27 03:15:50 | INFO     | exam.app                     | Starting AI-Based Intelligent Examination Platform (development)
2026-09-27 03:15:50 | INFO     | exam.app                     | Object storage ready: bucket exam-media
2026-09-27 03:15:50 | INFO     | exam.app                     | Session sweeper started (every 60s)
2026-09-27 03:15:51 | INFO     | exam.auth                    | Login: examiner-e6c91b09@test.edu (examiner/approved)
2026-09-27 03:15:51 | INFO     | exam.questions               | examiner-e6c91b09@test.edu added a mcq question (exam-only)
2026-09-27 03:15:51 | INFO     | exam.app                     | Shutdown complete
2026-09-27 03:15:51 | INFO     | exam.app                     | Starting AI-Based Intelligent Examination Platform (development)
2026-09-27 03:15:51 | INFO     | exam.app                     | Object storage ready: bucket exam-media
2026-09-27 03:15:51 | INFO     | exam.app                     | Session sweeper started (every 60s)
2026-09-27 03:15:51 | INFO     | exam.auth                    | Login: examiner-aaee7a78@test.edu (examiner/approved)
2026-09-27 03:15:51 | INFO     | exam.app                     | Shutdown complete
2026-09-27 03:15:51 | INFO     | exam.app                     | Starting AI-Based Intelligent Examination Platform (development)
2026-09-27 03:15:51 | INFO     | exam.app                     | Object storage ready: bucket exam-media
2026-09-27 03:15:51 | INFO     | exam.app                     | Session sweeper started (every 60s)
2026-09-27 03:15:51 | INFO     | exam.auth                    | Login: examiner-10fcc101@test.edu (examiner/approved)
2026-09-27 03:15:51 | INFO     | exam.app                     | Shutdown complete
2026-09-27 03:15:51 | INFO     | exam.app                     | Starting AI-Based Intelligent Examination Platform (development)
2026-09-27 03:15:51 | INFO     | exam.app                     | Object storage ready: bucket exam-media
2026-09-27 03:15:51 | INFO     | exam.app                     | Session sweeper started (every 60s)
2026-09-27 03:15:51 | INFO     | exam.auth                    | Login: examiner-1d533e8d@test.edu (examiner/approved)
2026-09-27 03:15:51 | INFO     | exam.questions               | examiner-1d533e8d@test.edu added a mcq question (bank)
2026-09-27 03:15:51 | INFO     | exam.exams                   | examiner-1d533e8d@test.edu added 1 question(s) to exam a672ee1e-8b78-4efb-96dc-e904d1c62b1e
2026-09-27 03:15:51 | INFO     | exam.app                     | Shutdown complete
2026-09-27 03:15:51 | INFO     | exam.app                     | Starting AI-Based Intelligent Examination Platform (development)
2026-09-27 03:15:51 | INFO     | exam.app                     | Object storage ready: bucket exam-media
2026-09-27 03:15:51 | INFO     | exam.app                     | Session sweeper started (every 60s)
2026-09-27 03:15:51 | INFO     | exam.auth                    | Login: examiner-ad412e56@test.edu (examiner/approved)
2026-09-27 03:15:51 | INFO     | exam.app                     | Shutdown complete
2026-09-27 03:15:51 | INFO     | exam.app                     | Starting AI-Based Intelligent Examination Platform (development)
2026-09-27 03:15:51 | INFO     | exam.app                     | Object storage ready: bucket exam-media
2026-09-27 03:15:51 | INFO     | exam.app                     | Session sweeper started (every 60s)
2026-09-27 03:15:51 | INFO     | exam.auth                    | Login: examiner-88915cff@test.edu (examiner/approved)
2026-09-27 03:15:51 | INFO     | exam.app                     | Shutdown complete
2026-09-27 03:15:51 | INFO     | exam.app                     | Starting AI-Based Intelligent Examination Platform (development)
2026-09-27 03:15:51 | INFO     | exam.app                     | Object storage ready: bucket exam-media
2026-09-27 03:15:51 | INFO     | exam.app                     | Session sweeper started (every 60s)
2026-09-27 03:15:52 | INFO     | exam.auth                    | Login: examiner-e7f71c50@test.edu (examiner/approved)
2026-09-27 03:15:52 | INFO     | exam.app                     | Shutdown complete
2026-09-27 03:15:52 | INFO     | exam.app                     | Starting AI-Based Intelligent Examination Platform (development)
2026-09-27 03:15:52 | INFO     | exam.app                     | Object storage ready: bucket exam-media
2026-09-27 03:15:52 | INFO     | exam.app                     | Session sweeper started (every 60s)
2026-09-27 03:15:52 | INFO     | exam.auth                    | Login: admin-29f13d6a@test.edu (admin/approved)
2026-09-27 03:15:52 | INFO     | exam.questions               | admin-29f13d6a@test.edu updated question ba70849c-1e58-4bb7-8b94-8e3d11f90915
2026-09-27 03:15:52 | INFO     | exam.app                     | Shutdown complete
2026-09-27 03:15:52 | INFO     | exam.app                     | Starting AI-Based Intelligent Examination Platform (development)
2026-09-27 03:15:52 | INFO     | exam.app                     | Object storage ready: bucket exam-media
2026-09-27 03:15:52 | INFO     | exam.app                     | Session sweeper started (every 60s)
2026-09-27 03:15:52 | INFO     | exam.auth                    | Login: examiner-3a10f561@test.edu (examiner/approved)
2026-09-27 03:15:52 | INFO     | exam.questions               | examiner-3a10f561@test.edu duplicated question 7fcffa5b-70bd-4a66-a83d-8ecbf94c06fd
2026-09-27 03:15:52 | INFO     | exam.app                     | Shutdown complete
2026-09-27 03:15:52 | INFO     | exam.app                     | Starting AI-Based Intelligent Examination Platform (development)
2026-09-27 03:15:52 | INFO     | exam.app                     | Object storage ready: bucket exam-media
2026-09-27 03:15:52 | INFO     | exam.app                     | Session sweeper started (every 60s)
2026-09-27 03:15:52 | INFO     | exam.auth                    | Login: examiner-e1351837@test.edu (examiner/approved)
2026-09-27 03:15:52 | INFO     | exam.questions               | examiner-e1351837@test.edu duplicated question 28ca0de7-d4b5-48be-9a57-a7eb809f8d1e
2026-09-27 03:15:52 | INFO     | exam.app                     | Shutdown complete
2026-09-27 03:15:52 | INFO     | exam.app                     | Starting AI-Based Intelligent Examination Platform (development)
2026-09-27 03:15:52 | INFO     | exam.app                     | Object storage ready: bucket exam-media
2026-09-27 03:15:52 | INFO     | exam.app                     | Session sweeper started (every 60s)
2026-09-27 03:15:52 | INFO     | exam.auth                    | Login: examiner-6cbd9324@test.edu (examiner/approved)
2026-09-27 03:15:52 | INFO     | exam.app                     | Shutdown complete
2026-09-27 03:15:52 | INFO     | exam.app                     | Starting AI-Based Intelligent Examination Platform (development)
2026-09-27 03:15:52 | INFO     | exam.app                     | Object storage ready: bucket exam-media
2026-09-27 03:15:52 | INFO     | exam.app                     | Session sweeper started (every 60s)
2026-09-27 03:15:53 | INFO     | exam.auth                    | Login: examiner-4e76b58a@test.edu (examiner/approved)
2026-09-27 03:15:53 | INFO     | exam.app                     | Shutdown complete
2026-09-27 03:15:53 | INFO     | exam.app                     | Starting AI-Based Intelligent Examination Platform (development)
2026-09-27 03:15:53 | INFO     | exam.app                     | Object storage ready: bucket exam-media
2026-09-27 03:15:53 | INFO     | exam.app                     | Session sweeper started (every 60s)
2026-09-27 03:15:53 | INFO     | exam.auth                    | Login: examiner-d5b819ff@test.edu (examiner/approved)
2026-09-27 03:15:53 | INFO     | exam.app                     | Shutdown complete
2026-09-27 03:15:53 | INFO     | exam.app                     | Starting AI-Based Intelligent Examination Platform (development)
2026-09-27 03:15:53 | INFO     | exam.app                     | Object storage ready: bucket exam-media
2026-09-27 03:15:53 | INFO     | exam.app                     | Session sweeper started (every 60s)
2026-09-27 03:15:53 | INFO     | exam.auth                    | Login: examiner-d67e93c8@test.edu (examiner/approved)
2026-09-27 03:15:53 | INFO     | exam.questions               | examiner-d67e93c8@test.edu added a true_false question (exam-only)
2026-09-27 03:15:53 | WARNING  | exam.exams                   | examiner-d67e93c8@test.edu deleted exam 'Exam 038fe9'
2026-09-27 03:15:53 | INFO     | exam.app                     | Shutdown complete
2026-09-27 03:16:03 | INFO     | exam                         | Logging initialised -> D:\AI_Based_Examination_platform\logs
2026-09-27 03:16:03 | INFO     | exam.seed_lang_banks         | TAM-Computer-Networks.sql (ta/TAM-CN): parsed=200 inserted=200 duplicates=0 purity_failed=0 unmapped_type=0 unmapped_difficulty=0
2026-09-27 03:16:04 | INFO     | exam.seed_lang_banks         | TAM-Deep-Learning.sql (ta/TAM-DL): parsed=200 inserted=160 duplicates=0 purity_failed=40 unmapped_type=0 unmapped_difficulty=0
2026-09-27 03:16:04 | INFO     | exam.seed_lang_banks         | TAM-Operating-Systems.sql (ta/TAM-OS): parsed=200 inserted=185 duplicates=2 purity_failed=13 unmapped_type=0 unmapped_difficulty=0
2026-09-27 03:16:04 | INFO     | exam.seed_lang_banks         | HIN-Computer-Networks.sql (hi/HIN-CN): parsed=200 inserted=59 duplicates=141 purity_failed=0 unmapped_type=0 unmapped_difficulty=0
2026-09-27 03:16:04 | INFO     | exam.seed_lang_banks         | HIN-Deep-Learning.sql (hi/HIN-DL): parsed=200 inserted=60 duplicates=140 purity_failed=0 unmapped_type=0 unmapped_difficulty=0
2026-09-27 03:16:04 | INFO     | exam.seed_lang_banks         | HIN-Operating-Systems.sql (hi/HIN-OS): parsed=200 inserted=59 duplicates=141 purity_failed=0 unmapped_type=0 unmapped_difficulty=0
2026-09-27 03:16:04 | INFO     | exam.seed_lang_banks         | TEL-Computer-Networks.sql (te/TEL-CN): parsed=200 inserted=50 duplicates=150 purity_failed=0 unmapped_type=0 unmapped_difficulty=0
2026-09-27 03:16:05 | INFO     | exam.seed_lang_banks         | TEL-Deep-Learning.sql (te/TEL-DL): parsed=200 inserted=50 duplicates=150 purity_failed=0 unmapped_type=0 unmapped_difficulty=0
2026-09-27 03:16:05 | INFO     | exam.seed_lang_banks         | TEL-Operating-Systems.sql (te/TEL-OS): parsed=200 inserted=50 duplicates=150 purity_failed=0 unmapped_type=0 unmapped_difficulty=0
2026-09-27 03:16:05 | INFO     | exam.seed_lang_banks         | MAL-Aptitude.sql (ml/MAL-APT): parsed=201 inserted=200 duplicates=0 purity_failed=0 unmapped_type=1 unmapped_difficulty=0
2026-09-27 03:20:20 | INFO     | exam.app                     | Shutdown complete
2026-09-27 03:20:22 | INFO     | exam                         | Logging initialised -> D:\AI_Based_Examination_platform\logs
2026-09-27 03:20:22 | INFO     | exam.app                     | Starting AI-Based Intelligent Examination Platform (development)
2026-09-27 03:20:23 | INFO     | exam.app                     | Object storage ready: bucket exam-media
2026-09-27 03:20:23 | INFO     | exam.app                     | Session sweeper started (every 60s)
2026-09-27 03:20:23 | INFO     | exam.app                     | Shutdown complete
2026-09-27 03:20:24 | INFO     | exam                         | Logging initialised -> D:\AI_Based_Examination_platform\logs
2026-09-27 03:20:24 | INFO     | exam.app                     | Starting AI-Based Intelligent Examination Platform (development)
2026-09-27 03:20:25 | INFO     | exam.app                     | Object storage ready: bucket exam-media
2026-09-27 03:20:25 | INFO     | exam.app                     | Session sweeper started (every 60s)
2026-09-27 03:31:35 | INFO     | exam                         | Logging initialised -> D:\AI_Based_Examination_platform\logs
2026-09-27 03:32:02 | INFO     | exam                         | Logging initialised -> D:\AI_Based_Examination_platform\logs
2026-09-27 03:34:41 | INFO     | exam.app                     | Shutdown complete
2026-09-27 03:34:45 | INFO     | exam                         | Logging initialised -> D:\AI_Based_Examination_platform\logs
2026-09-27 03:34:46 | INFO     | exam.app                     | Starting AI-Based Intelligent Examination Platform (development)
2026-09-27 03:34:46 | INFO     | exam.app                     | Object storage ready: bucket exam-media
2026-09-27 03:34:47 | INFO     | exam.app                     | Session sweeper started (every 60s)
2026-09-27 03:34:47 | INFO     | exam.app                     | Shutdown complete
2026-09-27 03:34:50 | INFO     | exam                         | Logging initialised -> D:\AI_Based_Examination_platform\logs
2026-09-27 03:34:51 | INFO     | exam.app                     | Starting AI-Based Intelligent Examination Platform (development)
2026-09-27 03:34:52 | INFO     | exam.app                     | Object storage ready: bucket exam-media
2026-09-27 03:34:52 | INFO     | exam.app                     | Session sweeper started (every 60s)
2026-09-27 11:42:16 | INFO     | exam                         | Logging initialised -> D:\AI_Based_Examination_platform\logs
2026-09-27 11:42:43 | INFO     | exam                         | Logging initialised -> D:\AI_Based_Examination_platform\logs
2026-09-27 11:42:48 | INFO     | exam                         | Logging initialised -> D:\AI_Based_Examination_platform\logs
2026-09-27 11:42:48 | INFO     | exam.seed_lang_banks         | TAM-Computer-Networks.sql (ta/TAM-CN): parsed=200 inserted=0 duplicates=200 purity_failed=0 unmapped_type=0 unmapped_difficulty=0
2026-09-27 11:42:48 | INFO     | exam.seed_lang_banks         | TAM-Deep-Learning.sql (ta/TAM-DL): parsed=200 inserted=0 duplicates=160 purity_failed=40 unmapped_type=0 unmapped_difficulty=0
2026-09-27 11:42:48 | INFO     | exam.seed_lang_banks         | TAM-Operating-Systems.sql (ta/TAM-OS): parsed=200 inserted=0 duplicates=187 purity_failed=13 unmapped_type=0 unmapped_difficulty=0
2026-09-27 11:42:48 | INFO     | exam.seed_lang_banks         | HIN-Computer-Networks.sql (hi/HIN-CN): parsed=200 inserted=0 duplicates=200 purity_failed=0 unmapped_type=0 unmapped_difficulty=0
2026-09-27 11:42:48 | INFO     | exam.seed_lang_banks         | HIN-Deep-Learning.sql (hi/HIN-DL): parsed=200 inserted=0 duplicates=200 purity_failed=0 unmapped_type=0 unmapped_difficulty=0
2026-09-27 11:42:48 | INFO     | exam.seed_lang_banks         | HIN-Operating-Systems.sql (hi/HIN-OS): parsed=200 inserted=0 duplicates=200 purity_failed=0 unmapped_type=0 unmapped_difficulty=0
2026-09-27 11:42:48 | INFO     | exam.seed_lang_banks         | TEL-Computer-Networks.sql (te/TEL-CN): parsed=200 inserted=0 duplicates=200 purity_failed=0 unmapped_type=0 unmapped_difficulty=0
2026-09-27 11:42:48 | INFO     | exam.seed_lang_banks         | TEL-Deep-Learning.sql (te/TEL-DL): parsed=200 inserted=0 duplicates=200 purity_failed=0 unmapped_type=0 unmapped_difficulty=0
2026-09-27 11:42:48 | INFO     | exam.seed_lang_banks         | TEL-Operating-Systems.sql (te/TEL-OS): parsed=200 inserted=0 duplicates=200 purity_failed=0 unmapped_type=0 unmapped_difficulty=0
2026-09-27 11:42:48 | INFO     | exam.seed_lang_banks         | MAL-Aptitude.sql (ml/MAL-APT): parsed=201 inserted=0 duplicates=200 purity_failed=0 unmapped_type=1 unmapped_difficulty=0
2026-09-27 11:42:49 | INFO     | exam.seed_lang_banks         | MAL-Cloud-Computing.sql (ml/MAL-CC): parsed=200 inserted=200 duplicates=0 purity_failed=0 unmapped_type=0 unmapped_difficulty=0
2026-09-27 11:42:49 | INFO     | exam.seed_lang_banks         | MAL-Cyber-Security.sql (ml/MAL-CYB): parsed=200 inserted=200 duplicates=0 purity_failed=0 unmapped_type=0 unmapped_difficulty=0
2026-09-27 11:53:44 | INFO     | exam.app                     | Shutdown complete
2026-09-27 11:53:46 | INFO     | exam                         | Logging initialised -> D:\AI_Based_Examination_platform\logs
2026-09-27 11:53:47 | INFO     | exam.app                     | Starting AI-Based Intelligent Examination Platform (development)
2026-09-27 11:53:47 | INFO     | exam.app                     | Object storage ready: bucket exam-media
2026-09-27 11:53:47 | INFO     | exam.app                     | Session sweeper started (every 60s)
2026-09-27 11:53:47 | INFO     | exam.app                     | Shutdown complete
2026-09-27 11:53:49 | INFO     | exam                         | Logging initialised -> D:\AI_Based_Examination_platform\logs
2026-09-27 11:53:50 | INFO     | exam.app                     | Starting AI-Based Intelligent Examination Platform (development)
2026-09-27 11:53:50 | INFO     | exam.app                     | Object storage ready: bucket exam-media
2026-09-27 11:53:50 | INFO     | exam.app                     | Session sweeper started (every 60s)
2026-09-27 11:54:31 | INFO     | exam.auth                    | Login: examiner@exam.edu (examiner/approved)
2026-09-27 12:45:42 | INFO     | exam                         | Logging initialised -> D:\AI_Based_Examination_platform\logs
2026-09-27 12:45:43 | INFO     | exam.app                     | Starting AI-Based Intelligent Examination Platform (development)
2026-09-27 12:45:43 | INFO     | exam.app                     | Object storage ready: bucket exam-media
2026-09-27 12:45:43 | INFO     | exam.app                     | Session sweeper started (every 60s)
2026-09-27 12:45:43 | INFO     | exam.auth                    | Login: examiner-f57d7ed5@test.edu (examiner/approved)
2026-09-27 12:45:43 | INFO     | exam.app                     | Shutdown complete
2026-09-27 12:45:43 | INFO     | exam.app                     | Starting AI-Based Intelligent Examination Platform (development)
2026-09-27 12:45:43 | INFO     | exam.app                     | Object storage ready: bucket exam-media
2026-09-27 12:45:43 | INFO     | exam.app                     | Session sweeper started (every 60s)
2026-09-27 12:45:44 | INFO     | exam.app                     | Shutdown complete
2026-09-27 12:45:44 | INFO     | exam.app                     | Starting AI-Based Intelligent Examination Platform (development)
2026-09-27 12:45:44 | INFO     | exam.app                     | Object storage ready: bucket exam-media
2026-09-27 12:45:44 | INFO     | exam.app                     | Session sweeper started (every 60s)
2026-09-27 12:45:44 | INFO     | exam.auth                    | Login: examiner-5158538d@test.edu (examiner/approved)
2026-09-27 12:45:44 | INFO     | exam.questions               | examiner-5158538d@test.edu updated subject PY101
2026-09-27 12:45:44 | INFO     | exam.app                     | Shutdown complete
2026-09-27 12:45:44 | INFO     | exam.app                     | Starting AI-Based Intelligent Examination Platform (development)
2026-09-27 12:45:44 | INFO     | exam.app                     | Object storage ready: bucket exam-media
2026-09-27 12:45:44 | INFO     | exam.app                     | Session sweeper started (every 60s)
2026-09-27 12:45:44 | INFO     | exam.auth                    | Login: examiner-07006590@test.edu (examiner/approved)
2026-09-27 12:45:44 | INFO     | exam.app                     | Shutdown complete
2026-09-27 12:45:44 | INFO     | exam.app                     | Starting AI-Based Intelligent Examination Platform (development)
2026-09-27 12:45:44 | INFO     | exam.app                     | Object storage ready: bucket exam-media
2026-09-27 12:45:44 | INFO     | exam.app                     | Session sweeper started (every 60s)
2026-09-27 12:45:44 | INFO     | exam.auth                    | Login: examiner-62080bc8@test.edu (examiner/approved)
2026-09-27 12:45:44 | INFO     | exam.app                     | Shutdown complete
2026-09-27 12:45:44 | INFO     | exam.app                     | Starting AI-Based Intelligent Examination Platform (development)
2026-09-27 12:45:44 | INFO     | exam.app                     | Object storage ready: bucket exam-media
2026-09-27 12:45:44 | INFO     | exam.app                     | Session sweeper started (every 60s)
2026-09-27 12:45:44 | INFO     | exam.auth                    | Login: examiner-f1be68d0@test.edu (examiner/approved)
2026-09-27 12:45:44 | INFO     | exam.questions               | examiner-f1be68d0@test.edu added a mcq question (bank)
2026-09-27 12:45:44 | INFO     | exam.app                     | Shutdown complete
2026-09-27 12:45:44 | INFO     | exam.app                     | Starting AI-Based Intelligent Examination Platform (development)
2026-09-27 12:45:44 | INFO     | exam.app                     | Object storage ready: bucket exam-media
2026-09-27 12:45:44 | INFO     | exam.app                     | Session sweeper started (every 60s)
2026-09-27 12:45:44 | INFO     | exam.auth                    | Login: examiner-e8f9b1df@test.edu (examiner/approved)
2026-09-27 12:45:44 | INFO     | exam.exams                   | examiner-e8f9b1df@test.edu created academic exam 'Tamil exam'
2026-09-27 12:45:44 | INFO     | exam.app                     | Shutdown complete
2026-09-27 12:45:44 | INFO     | exam.app                     | Starting AI-Based Intelligent Examination Platform (development)
2026-09-27 12:45:44 | INFO     | exam.app                     | Object storage ready: bucket exam-media
2026-09-27 12:45:44 | INFO     | exam.app                     | Session sweeper started (every 60s)
2026-09-27 12:45:45 | INFO     | exam.auth                    | Login: examiner-52175a0b@test.edu (examiner/approved)
2026-09-27 12:45:45 | INFO     | exam.app                     | Shutdown complete
2026-09-27 12:45:45 | INFO     | exam.app                     | Starting AI-Based Intelligent Examination Platform (development)
2026-09-27 12:45:45 | INFO     | exam.app                     | Object storage ready: bucket exam-media
2026-09-27 12:45:45 | INFO     | exam.app                     | Session sweeper started (every 60s)
2026-09-27 12:45:45 | INFO     | exam.auth                    | Login: examiner-13355c41@test.edu (examiner/approved)
2026-09-27 12:45:45 | INFO     | exam.app                     | Shutdown complete
2026-09-27 12:45:45 | INFO     | exam.app                     | Starting AI-Based Intelligent Examination Platform (development)
2026-09-27 12:45:45 | INFO     | exam.app                     | Object storage ready: bucket exam-media
2026-09-27 12:45:45 | INFO     | exam.app                     | Session sweeper started (every 60s)
2026-09-27 12:45:45 | INFO     | exam.auth                    | Login: examiner-728090f2@test.edu (examiner/approved)
2026-09-27 12:45:45 | INFO     | exam.exams                   | examiner-728090f2@test.edu updated exam 3288a244-8b0a-4acf-9199-205a167d02c3
2026-09-27 12:45:45 | INFO     | exam.app                     | Shutdown complete
2026-09-27 12:45:45 | INFO     | exam.app                     | Starting AI-Based Intelligent Examination Platform (development)
2026-09-27 12:45:45 | INFO     | exam.app                     | Object storage ready: bucket exam-media
2026-09-27 12:45:45 | INFO     | exam.app                     | Session sweeper started (every 60s)
2026-09-27 12:45:45 | INFO     | exam.auth                    | Login: candidate-c53f90e6@test.edu (candidate/approved, login=approved)
2026-09-27 12:45:45 | INFO     | exam.exam                    | Session 252fef46-c02d-4096-a07c-950688b5fca7 started: exam='Exam 18c6fe' candidate=861fc438-3eef-48e9-96ce-a959814bbaa9 questions=1 expires=2026-09-27T07:45:45.749536+00:00
2026-09-27 12:45:45 | INFO     | exam.app                     | Shutdown complete
2026-09-27 12:45:45 | INFO     | exam.app                     | Starting AI-Based Intelligent Examination Platform (development)
2026-09-27 12:45:45 | INFO     | exam.app                     | Object storage ready: bucket exam-media
2026-09-27 12:45:45 | INFO     | exam.app                     | Session sweeper started (every 60s)
2026-09-27 12:45:45 | INFO     | exam.auth                    | Login: candidate-797e9cd1@test.edu (candidate/approved, login=approved)
2026-09-27 12:45:45 | INFO     | exam.exam                    | Session 44f78976-e2fe-4544-a1e5-697a8a946c76 started: exam='Exam 0d62fc' candidate=62b150b9-8ebe-4f3f-8cdf-4081390b0e11 questions=1 expires=2026-09-27T07:45:45.963508+00:00
2026-09-27 12:45:45 | INFO     | exam.app                     | Shutdown complete
2026-09-27 12:45:45 | INFO     | exam.app                     | Starting AI-Based Intelligent Examination Platform (development)
2026-09-27 12:45:45 | INFO     | exam.app                     | Object storage ready: bucket exam-media
2026-09-27 12:45:45 | INFO     | exam.app                     | Session sweeper started (every 60s)
2026-09-27 12:45:46 | INFO     | exam.auth                    | Login: candidate-83c92b26@test.edu (candidate/approved, login=approved)
2026-09-27 12:45:46 | INFO     | exam.exam                    | Session 2200269d-141d-4e15-8ba2-37c05eeab955 started: exam='Exam 71584c' candidate=fe12afcf-8fe0-465c-ab6c-fbd0cf6cc692 questions=1 expires=2026-09-27T07:45:46.182828+00:00
2026-09-27 12:45:46 | INFO     | exam.app                     | Shutdown complete
2026-09-27 12:45:46 | INFO     | exam.app                     | Starting AI-Based Intelligent Examination Platform (development)
2026-09-27 12:45:46 | INFO     | exam.app                     | Object storage ready: bucket exam-media
2026-09-27 12:45:46 | INFO     | exam.app                     | Session sweeper started (every 60s)
2026-09-27 12:45:46 | INFO     | exam.auth                    | Login: candidate-4a30130d@test.edu (candidate/approved, login=approved)
2026-09-27 12:45:46 | INFO     | exam.app                     | Shutdown complete
2026-09-27 12:45:46 | INFO     | exam.app                     | Starting AI-Based Intelligent Examination Platform (development)
2026-09-27 12:45:46 | INFO     | exam.app                     | Object storage ready: bucket exam-media
2026-09-27 12:45:46 | INFO     | exam.app                     | Session sweeper started (every 60s)
2026-09-27 12:45:46 | INFO     | exam.auth                    | Login: examiner-a698d7f9@test.edu (examiner/approved)
2026-09-27 12:45:46 | INFO     | exam.app                     | Shutdown complete
2026-09-27 12:45:46 | INFO     | exam.app                     | Starting AI-Based Intelligent Examination Platform (development)
2026-09-27 12:45:46 | INFO     | exam.app                     | Object storage ready: bucket exam-media
2026-09-27 12:45:46 | INFO     | exam.app                     | Session sweeper started (every 60s)
2026-09-27 12:45:46 | INFO     | exam.auth                    | Login: examiner-8344751d@test.edu (examiner/approved)
2026-09-27 12:45:46 | INFO     | exam.app                     | Shutdown complete
2026-09-27 12:45:46 | INFO     | exam.app                     | Starting AI-Based Intelligent Examination Platform (development)
2026-09-27 12:45:46 | INFO     | exam.app                     | Object storage ready: bucket exam-media
2026-09-27 12:45:46 | INFO     | exam.app                     | Session sweeper started (every 60s)
2026-09-27 12:45:46 | INFO     | exam.auth                    | Login: examiner-e76765ac@test.edu (examiner/approved)
2026-09-27 12:45:46 | INFO     | exam.app                     | Shutdown complete
2026-09-27 12:45:46 | INFO     | exam.app                     | Starting AI-Based Intelligent Examination Platform (development)
2026-09-27 12:45:46 | INFO     | exam.app                     | Object storage ready: bucket exam-media
2026-09-27 12:45:46 | INFO     | exam.app                     | Session sweeper started (every 60s)
2026-09-27 12:45:46 | INFO     | exam.auth                    | Login: examiner-d55704d7@test.edu (examiner/approved)
2026-09-27 12:45:46 | INFO     | exam.app                     | Shutdown complete
2026-09-27 12:45:46 | INFO     | exam.app                     | Starting AI-Based Intelligent Examination Platform (development)
2026-09-27 12:45:46 | INFO     | exam.app                     | Object storage ready: bucket exam-media
2026-09-27 12:45:46 | INFO     | exam.app                     | Session sweeper started (every 60s)
2026-09-27 12:45:47 | INFO     | exam.auth                    | Login: examiner-8094b70d@test.edu (examiner/approved)
2026-09-27 12:45:47 | INFO     | exam.exams                   | examiner-8094b70d@test.edu created academic exam 'Language/subject validation exam'
2026-09-27 12:45:47 | INFO     | exam.app                     | Shutdown complete
2026-09-27 12:45:47 | INFO     | exam.app                     | Starting AI-Based Intelligent Examination Platform (development)
2026-09-27 12:45:47 | INFO     | exam.app                     | Object storage ready: bucket exam-media
2026-09-27 12:45:47 | INFO     | exam.app                     | Session sweeper started (every 60s)
2026-09-27 12:45:47 | INFO     | exam.auth                    | Login: examiner-5c64a675@test.edu (examiner/approved)
2026-09-27 12:45:47 | INFO     | exam.exams                   | examiner-5c64a675@test.edu created academic exam 'Language/subject validation exam'
2026-09-27 12:45:47 | INFO     | exam.app                     | Shutdown complete
2026-09-27 12:45:47 | INFO     | exam.app                     | Starting AI-Based Intelligent Examination Platform (development)
2026-09-27 12:45:47 | INFO     | exam.app                     | Object storage ready: bucket exam-media
2026-09-27 12:45:47 | INFO     | exam.app                     | Session sweeper started (every 60s)
2026-09-27 12:45:47 | INFO     | exam.auth                    | Login: examiner-08c7966a@test.edu (examiner/approved)
2026-09-27 12:45:47 | INFO     | exam.exams                   | examiner-08c7966a@test.edu created academic exam 'Language/subject validation exam'
2026-09-27 12:45:47 | INFO     | exam.app                     | Shutdown complete
2026-09-27 12:45:47 | INFO     | exam.app                     | Starting AI-Based Intelligent Examination Platform (development)
2026-09-27 12:45:47 | INFO     | exam.app                     | Object storage ready: bucket exam-media
2026-09-27 12:45:47 | INFO     | exam.app                     | Session sweeper started (every 60s)
2026-09-27 12:45:47 | INFO     | exam.auth                    | Login: candidate-9441d2f4@test.edu (candidate/approved, login=approved)
2026-09-27 12:45:47 | INFO     | exam.app                     | Shutdown complete
2026-09-27 12:45:47 | INFO     | exam.app                     | Starting AI-Based Intelligent Examination Platform (development)
2026-09-27 12:45:47 | INFO     | exam.app                     | Object storage ready: bucket exam-media
2026-09-27 12:45:47 | INFO     | exam.app                     | Session sweeper started (every 60s)
2026-09-27 12:45:47 | INFO     | exam.auth                    | Login: examiner-10013364@test.edu (examiner/approved)
2026-09-27 12:45:47 | INFO     | exam.exams                   | examiner-10013364@test.edu created academic exam 'Multilingual exam'
2026-09-27 12:45:47 | INFO     | exam.app                     | Shutdown complete
2026-09-27 12:45:47 | INFO     | exam.app                     | Starting AI-Based Intelligent Examination Platform (development)
2026-09-27 12:45:47 | INFO     | exam.app                     | Object storage ready: bucket exam-media
2026-09-27 12:45:47 | INFO     | exam.app                     | Session sweeper started (every 60s)
2026-09-27 12:45:47 | INFO     | exam.auth                    | Login: examiner-5fe862b5@test.edu (examiner/approved)
2026-09-27 12:45:47 | INFO     | exam.app                     | Shutdown complete
2026-09-27 12:45:48 | INFO     | exam.app                     | Starting AI-Based Intelligent Examination Platform (development)
2026-09-27 12:45:48 | INFO     | exam.app                     | Object storage ready: bucket exam-media
2026-09-27 12:45:48 | INFO     | exam.app                     | Session sweeper started (every 60s)
2026-09-27 12:45:48 | INFO     | exam.auth                    | Login: candidate-044df723@test.edu (candidate/approved, login=approved)
2026-09-27 12:45:48 | INFO     | exam.exam                    | Session 23bf0a10-06c9-4b30-bea5-c11db5a3b154 started: exam='Exam cb3260' candidate=03e3bc2e-d087-4d8a-82f4-03270c45ef6b questions=1 expires=2026-09-27T07:45:48.377740+00:00
2026-09-27 12:45:48 | INFO     | exam.app                     | Shutdown complete
2026-09-27 12:45:54 | INFO     | exam                         | Logging initialised -> D:\AI_Based_Examination_platform\logs
2026-09-27 12:45:55 | INFO     | exam.app                     | Starting AI-Based Intelligent Examination Platform (development)
2026-09-27 12:45:55 | INFO     | exam.app                     | Object storage ready: bucket exam-media
2026-09-27 12:45:55 | INFO     | exam.app                     | Session sweeper started (every 60s)
2026-09-27 12:45:55 | INFO     | exam.app                     | Shutdown complete
2026-09-27 12:46:10 | INFO     | exam                         | Logging initialised -> D:\AI_Based_Examination_platform\logs
2026-09-27 12:46:11 | INFO     | exam.app                     | Starting AI-Based Intelligent Examination Platform (development)
2026-09-27 12:46:12 | INFO     | exam.app                     | Object storage ready: bucket exam-media
2026-09-27 12:46:12 | INFO     | exam.app                     | Session sweeper started (every 60s)
2026-09-27 12:46:12 | INFO     | exam.auth                    | Login: examiner-f3de71cd@test.edu (examiner/approved)
2026-09-27 12:46:12 | INFO     | exam.app                     | Shutdown complete
2026-09-27 12:46:12 | INFO     | exam.app                     | Starting AI-Based Intelligent Examination Platform (development)
2026-09-27 12:46:12 | INFO     | exam.app                     | Object storage ready: bucket exam-media
2026-09-27 12:46:12 | INFO     | exam.app                     | Session sweeper started (every 60s)
2026-09-27 12:46:12 | INFO     | exam.auth                    | Login: examiner-7fadce42@test.edu (examiner/approved)
2026-09-27 12:46:12 | INFO     | exam.app                     | Shutdown complete
2026-09-27 12:46:12 | INFO     | exam.app                     | Starting AI-Based Intelligent Examination Platform (development)
2026-09-27 12:46:12 | INFO     | exam.app                     | Object storage ready: bucket exam-media
2026-09-27 12:46:12 | INFO     | exam.app                     | Session sweeper started (every 60s)
2026-09-27 12:46:12 | INFO     | exam.auth                    | Login: examiner-543bf6d6@test.edu (examiner/approved)
2026-09-27 12:46:12 | INFO     | exam.questions               | examiner-543bf6d6@test.edu updated subject PY101
2026-09-27 12:46:12 | INFO     | exam.app                     | Shutdown complete
2026-09-27 12:46:12 | INFO     | exam.app                     | Starting AI-Based Intelligent Examination Platform (development)
2026-09-27 12:46:12 | INFO     | exam.app                     | Object storage ready: bucket exam-media
2026-09-27 12:46:12 | INFO     | exam.app                     | Session sweeper started (every 60s)
2026-09-27 12:46:12 | INFO     | exam.auth                    | Login: examiner-ac875c7b@test.edu (examiner/approved)
2026-09-27 12:46:12 | INFO     | exam.app                     | Shutdown complete
2026-09-27 12:46:12 | INFO     | exam.app                     | Starting AI-Based Intelligent Examination Platform (development)
2026-09-27 12:46:12 | INFO     | exam.app                     | Object storage ready: bucket exam-media
2026-09-27 12:46:12 | INFO     | exam.app                     | Session sweeper started (every 60s)
2026-09-27 12:46:12 | INFO     | exam.auth                    | Login: examiner-e95e0a4a@test.edu (examiner/approved)
2026-09-27 12:46:12 | INFO     | exam.app                     | Shutdown complete
2026-09-27 12:46:12 | INFO     | exam.app                     | Starting AI-Based Intelligent Examination Platform (development)
2026-09-27 12:46:12 | INFO     | exam.app                     | Object storage ready: bucket exam-media
2026-09-27 12:46:12 | INFO     | exam.app                     | Session sweeper started (every 60s)
2026-09-27 12:46:13 | INFO     | exam.auth                    | Login: examiner-bf544195@test.edu (examiner/approved)
2026-09-27 12:46:13 | INFO     | exam.questions               | examiner-bf544195@test.edu added a mcq question (bank)
2026-09-27 12:46:13 | INFO     | exam.app                     | Shutdown complete
2026-09-27 12:46:19 | INFO     | exam                         | Logging initialised -> D:\AI_Based_Examination_platform\logs
2026-09-27 12:46:20 | INFO     | exam.ai_generator            | Using stub AI generator (1 questions)
2026-09-27 12:46:20 | INFO     | exam.app                     | Starting AI-Based Intelligent Examination Platform (development)
2026-09-27 12:46:20 | INFO     | exam.app                     | Object storage ready: bucket exam-media
2026-09-27 12:46:20 | INFO     | exam.app                     | Session sweeper started (every 60s)
2026-09-27 12:46:20 | INFO     | exam.auth                    | Login: examiner-bd5d8911@test.edu (examiner/approved)
2026-09-27 12:46:20 | INFO     | exam.ai_questions            | examiner-bd5d8911@test.edu generated 1 AI question draft(s) (category=technical topic=Normalisation)
2026-09-27 12:46:20 | INFO     | exam.app                     | Shutdown complete
2026-09-27 12:46:20 | INFO     | exam.app                     | Starting AI-Based Intelligent Examination Platform (development)
2026-09-27 12:46:20 | INFO     | exam.app                     | Object storage ready: bucket exam-media
2026-09-27 12:46:20 | INFO     | exam.app                     | Session sweeper started (every 60s)
2026-09-27 12:46:20 | INFO     | exam.auth                    | Login: examiner-5eaf0460@test.edu (examiner/approved)
2026-09-27 12:46:20 | INFO     | exam.ai_questions            | examiner-5eaf0460@test.edu generated 1 AI question draft(s) (category=technical topic=-)
2026-09-27 12:46:20 | INFO     | exam.app                     | Shutdown complete
2026-09-27 12:46:20 | INFO     | exam.app                     | Starting AI-Based Intelligent Examination Platform (development)
2026-09-27 12:46:20 | INFO     | exam.app                     | Object storage ready: bucket exam-media
2026-09-27 12:46:20 | INFO     | exam.app                     | Session sweeper started (every 60s)
2026-09-27 12:46:21 | INFO     | exam.auth                    | Login: examiner-a9740096@test.edu (examiner/approved)
2026-09-27 12:46:21 | INFO     | exam.app                     | Shutdown complete
2026-09-27 12:46:21 | INFO     | exam.app                     | Starting AI-Based Intelligent Examination Platform (development)
2026-09-27 12:46:21 | INFO     | exam.app                     | Object storage ready: bucket exam-media
2026-09-27 12:46:21 | INFO     | exam.app                     | Session sweeper started (every 60s)
2026-09-27 12:46:21 | INFO     | exam.auth                    | Login: examiner-93aed460@test.edu (examiner/approved)
2026-09-27 12:46:21 | INFO     | exam.ai_questions            | examiner-93aed460@test.edu generated 1 AI question draft(s) (category=technical topic=-)
2026-09-27 12:46:21 | INFO     | exam.app                     | Shutdown complete
2026-09-27 12:46:21 | INFO     | exam.app                     | Starting AI-Based Intelligent Examination Platform (development)
2026-09-27 12:46:21 | INFO     | exam.app                     | Object storage ready: bucket exam-media
2026-09-27 12:46:21 | INFO     | exam.app                     | Session sweeper started (every 60s)
2026-09-27 12:46:21 | INFO     | exam.auth                    | Login: examiner-800b011e@test.edu (examiner/approved)
2026-09-27 12:46:21 | INFO     | exam.app                     | Shutdown complete
2026-09-27 12:46:21 | INFO     | exam.app                     | Starting AI-Based Intelligent Examination Platform (development)
2026-09-27 12:46:21 | INFO     | exam.app                     | Object storage ready: bucket exam-media
2026-09-27 12:46:21 | INFO     | exam.app                     | Session sweeper started (every 60s)
2026-09-27 12:46:21 | INFO     | exam.auth                    | Login: examiner-f31d3cd7@test.edu (examiner/approved)
2026-09-27 12:46:21 | INFO     | exam.ai_questions            | examiner-f31d3cd7@test.edu generated 1 AI question draft(s) (category=technical topic=-)
2026-09-27 12:46:21 | INFO     | exam.ai_questions            | examiner-f31d3cd7@test.edu approved AI draft 1c50a2ff-e0bb-4231-9742-0f423a7fedfc → question 88157cb5-ee68-406f-bcda-6a1f9abe7fcb
2026-09-27 12:46:21 | INFO     | exam.app                     | Shutdown complete
2026-09-27 12:46:21 | INFO     | exam.app                     | Starting AI-Based Intelligent Examination Platform (development)
2026-09-27 12:46:21 | INFO     | exam.app                     | Object storage ready: bucket exam-media
2026-09-27 12:46:21 | INFO     | exam.app                     | Session sweeper started (every 60s)
2026-09-27 12:46:21 | INFO     | exam.auth                    | Login: examiner-1a1d22ec@test.edu (examiner/approved)
2026-09-27 12:46:21 | INFO     | exam.ai_questions            | examiner-1a1d22ec@test.edu generated 1 AI question draft(s) (category=technical topic=-)
2026-09-27 12:46:21 | INFO     | exam.app                     | Shutdown complete
2026-09-27 12:46:21 | INFO     | exam.app                     | Starting AI-Based Intelligent Examination Platform (development)
2026-09-27 12:46:21 | INFO     | exam.app                     | Object storage ready: bucket exam-media
2026-09-27 12:46:21 | INFO     | exam.app                     | Session sweeper started (every 60s)
2026-09-27 12:46:21 | INFO     | exam.auth                    | Login: candidate-e825af2b@test.edu (candidate/approved, login=approved)
2026-09-27 12:46:21 | INFO     | exam.exam                    | Session ccda45d0-3511-45ab-9e5d-dc7e84245af7 started: exam='Exam f729a4' candidate=f08a0f49-05f0-44e7-a541-6d98a23edf9a questions=1 expires=2026-09-27T07:46:21.993850+00:00
2026-09-27 12:46:22 | INFO     | exam.exam                    | Session ccda45d0-3511-45ab-9e5d-dc7e84245af7 uploaded an answer image for question e462e6cf-ec67-47d6-ac5c-e346f4c942c5
2026-09-27 12:46:22 | INFO     | exam.app                     | Shutdown complete
2026-09-27 12:46:22 | INFO     | exam.app                     | Starting AI-Based Intelligent Examination Platform (development)
2026-09-27 12:46:22 | INFO     | exam.app                     | Object storage ready: bucket exam-media
2026-09-27 12:46:22 | INFO     | exam.app                     | Session sweeper started (every 60s)
2026-09-27 12:46:22 | INFO     | exam.auth                    | Login: candidate-2ad378a3@test.edu (candidate/approved, login=approved)
2026-09-27 12:46:22 | INFO     | exam.exam                    | Session 503732a9-2a2b-412b-90f4-5ca315b53773 started: exam='Exam 54d574' candidate=472089d6-7ce8-4842-a8d8-dffed2fec75e questions=1 expires=2026-09-27T07:46:22.294191+00:00
2026-09-27 12:46:22 | INFO     | exam.exam                    | Session 503732a9-2a2b-412b-90f4-5ca315b53773 uploaded an answer image for question 2610c3d3-e225-4ae2-8fa5-fc7c931d574a
2026-09-27 12:46:22 | INFO     | exam.app                     | Shutdown complete
2026-09-27 12:46:22 | INFO     | exam.app                     | Starting AI-Based Intelligent Examination Platform (development)
2026-09-27 12:46:22 | INFO     | exam.app                     | Object storage ready: bucket exam-media
2026-09-27 12:46:22 | INFO     | exam.app                     | Session sweeper started (every 60s)
2026-09-27 12:46:22 | INFO     | exam.auth                    | Login: candidate-1426558d@test.edu (candidate/approved, login=approved)
2026-09-27 12:46:22 | INFO     | exam.exam                    | Session b793751a-9dac-4d5e-983a-bff7b3792039 started: exam='Exam 17ad5f' candidate=f9a4fa78-80cd-42d0-907f-ddfc10dd83da questions=1 expires=2026-09-27T07:46:22.538789+00:00
2026-09-27 12:46:22 | INFO     | exam.exam                    | Session b793751a-9dac-4d5e-983a-bff7b3792039 uploaded an answer image for question 05c06e9e-bb1e-4858-991e-2bcbc61c5edb
2026-09-27 12:46:22 | INFO     | exam.app                     | Shutdown complete
2026-09-27 12:46:22 | INFO     | exam.app                     | Starting AI-Based Intelligent Examination Platform (development)
2026-09-27 12:46:22 | INFO     | exam.app                     | Object storage ready: bucket exam-media
2026-09-27 12:46:22 | INFO     | exam.app                     | Session sweeper started (every 60s)
2026-09-27 12:46:22 | INFO     | exam.auth                    | Login: candidate-a910714d@test.edu (candidate/approved, login=approved)
2026-09-27 12:46:22 | INFO     | exam.exam                    | Session bd61c533-b81f-4e6e-8693-66e6a1f065a9 started: exam='Exam 35087a' candidate=9269cb53-b49a-4f46-9c6b-b43547c7b6ba questions=1 expires=2026-09-27T07:46:22.787370+00:00
2026-09-27 12:46:22 | WARNING  | exam.answer_media            | Could not thumbnail an answer image: That file is not a readable image
2026-09-27 12:46:22 | INFO     | exam.exam                    | Session bd61c533-b81f-4e6e-8693-66e6a1f065a9 uploaded an answer image for question 6558b62a-d961-4ffb-b683-848145b20f3f
2026-09-27 12:46:22 | INFO     | exam.app                     | Shutdown complete
2026-09-27 12:46:22 | INFO     | exam.app                     | Starting AI-Based Intelligent Examination Platform (development)
2026-09-27 12:46:22 | INFO     | exam.app                     | Object storage ready: bucket exam-media
2026-09-27 12:46:22 | INFO     | exam.app                     | Session sweeper started (every 60s)
2026-09-27 12:46:23 | INFO     | exam.auth                    | Login: candidate-ff0e6c4d@test.edu (candidate/approved, login=approved)
2026-09-27 12:46:23 | INFO     | exam.exam                    | Session 4eb72a0e-772b-4093-ad3c-d6f35b663f9a started: exam='Exam fe14e1' candidate=16ad049c-ad2f-4289-bc24-6ad152474134 questions=1 expires=2026-09-27T07:46:23.089519+00:00
2026-09-27 12:46:23 | INFO     | exam.app                     | Shutdown complete
2026-09-27 12:46:23 | INFO     | exam.app                     | Starting AI-Based Intelligent Examination Platform (development)
2026-09-27 12:46:23 | INFO     | exam.app                     | Object storage ready: bucket exam-media
2026-09-27 12:46:23 | INFO     | exam.app                     | Session sweeper started (every 60s)
2026-09-27 12:46:23 | INFO     | exam.auth                    | Login: candidate-1e5e1fac@test.edu (candidate/approved, login=approved)
2026-09-27 12:46:23 | INFO     | exam.exam                    | Session 8afffe81-c1ce-4d0f-abe5-46a0e46d4f7f started: exam='Exam 54c86b' candidate=4ab77a0e-ecbf-4f37-b3ec-3e036fc22472 questions=1 expires=2026-09-27T07:46:23.321454+00:00
2026-09-27 12:46:23 | INFO     | exam.exam                    | Session 8afffe81-c1ce-4d0f-abe5-46a0e46d4f7f uploaded an answer image for question a53ebf06-e360-4e56-932e-97cbc17ab27f
2026-09-27 12:46:23 | INFO     | exam.exam                    | Session 8afffe81-c1ce-4d0f-abe5-46a0e46d4f7f finalised as submitted: 0 auto-scored, 1 queued for review
2026-09-27 12:46:23 | INFO     | exam.auth                    | Login: examiner-3f8a08e1@test.edu (examiner/approved)
2026-09-27 12:46:23 | INFO     | exam.app                     | Shutdown complete
2026-09-27 12:46:23 | INFO     | exam.app                     | Starting AI-Based Intelligent Examination Platform (development)
2026-09-27 12:46:23 | INFO     | exam.app                     | Object storage ready: bucket exam-media
2026-09-27 12:46:23 | INFO     | exam.app                     | Session sweeper started (every 60s)
2026-09-27 12:46:23 | INFO     | exam.auth                    | Registered new.candidate@test.edu as candidate (account approved)
2026-09-27 12:46:23 | INFO     | exam.app                     | Shutdown complete
2026-09-27 12:46:23 | INFO     | exam.app                     | Starting AI-Based Intelligent Examination Platform (development)
2026-09-27 12:46:23 | INFO     | exam.app                     | Object storage ready: bucket exam-media
2026-09-27 12:46:23 | INFO     | exam.app                     | Session sweeper started (every 60s)
2026-09-27 12:46:23 | INFO     | exam.auth                    | Registered first.login@test.edu as candidate (account approved)
2026-09-27 12:46:23 | INFO     | exam.login-access            | Login approval requested for first.login@test.edu (24285685-cfec-4ac0-ba3b-0572182ef839) - awaiting review
2026-09-27 12:46:23 | INFO     | exam.auth                    | Login: first.login@test.edu (candidate/approved, login=pending)
2026-09-27 12:46:23 | INFO     | exam.app                     | Shutdown complete
2026-09-27 12:46:23 | INFO     | exam.app                     | Starting AI-Based Intelligent Examination Platform (development)
2026-09-27 12:46:23 | INFO     | exam.app                     | Object storage ready: bucket exam-media
2026-09-27 12:46:23 | INFO     | exam.app                     | Session sweeper started (every 60s)
2026-09-27 12:46:23 | INFO     | exam.auth                    | Registered new.examiner@test.edu as examiner (account pending)
2026-09-27 12:46:23 | INFO     | exam.app                     | Shutdown complete
2026-09-27 12:46:23 | INFO     | exam.app                     | Starting AI-Based Intelligent Examination Platform (development)
2026-09-27 12:46:23 | INFO     | exam.app                     | Object storage ready: bucket exam-media
2026-09-27 12:46:23 | INFO     | exam.app                     | Session sweeper started (every 60s)
2026-09-27 12:46:23 | INFO     | exam.app                     | Shutdown complete
2026-09-27 12:46:23 | INFO     | exam.app                     | Starting AI-Based Intelligent Examination Platform (development)
2026-09-27 12:46:23 | INFO     | exam.app                     | Object storage ready: bucket exam-media
2026-09-27 12:46:23 | INFO     | exam.app                     | Session sweeper started (every 60s)
2026-09-27 12:46:23 | INFO     | exam.app                     | Shutdown complete
2026-09-27 12:46:23 | INFO     | exam.app                     | Starting AI-Based Intelligent Examination Platform (development)
2026-09-27 12:46:23 | INFO     | exam.app                     | Object storage ready: bucket exam-media
2026-09-27 12:46:23 | INFO     | exam.app                     | Session sweeper started (every 60s)
2026-09-27 12:46:23 | INFO     | exam.app                     | Shutdown complete
2026-09-27 12:46:23 | INFO     | exam.app                     | Starting AI-Based Intelligent Examination Platform (development)
2026-09-27 12:46:23 | INFO     | exam.app                     | Object storage ready: bucket exam-media
2026-09-27 12:46:23 | INFO     | exam.app                     | Session sweeper started (every 60s)
2026-09-27 12:46:24 | WARNING  | exam.auth                    | Failed login for candidate-e31f1ac6@test.edu
2026-09-27 12:46:24 | INFO     | exam.app                     | Shutdown complete
2026-09-27 12:46:24 | INFO     | exam.app                     | Starting AI-Based Intelligent Examination Platform (development)
2026-09-27 12:46:24 | INFO     | exam.app                     | Object storage ready: bucket exam-media
2026-09-27 12:46:24 | INFO     | exam.app                     | Session sweeper started (every 60s)
2026-09-27 12:46:24 | INFO     | exam.auth                    | Login: candidate-a44ab43b@test.edu (candidate/approved, login=approved)
2026-09-27 12:46:24 | INFO     | exam.app                     | Shutdown complete
2026-09-27 12:46:24 | INFO     | exam.app                     | Starting AI-Based Intelligent Examination Platform (development)
2026-09-27 12:46:24 | INFO     | exam.app                     | Object storage ready: bucket exam-media
2026-09-27 12:46:24 | INFO     | exam.app                     | Session sweeper started (every 60s)
2026-09-27 12:46:24 | INFO     | exam.auth                    | Login: examiner-f65178e1@test.edu (examiner/approved)
2026-09-27 12:46:24 | INFO     | exam.app                     | Shutdown complete
2026-09-27 12:46:24 | INFO     | exam.app                     | Starting AI-Based Intelligent Examination Platform (development)
2026-09-27 12:46:24 | INFO     | exam.app                     | Object storage ready: bucket exam-media
2026-09-27 12:46:24 | INFO     | exam.app                     | Session sweeper started (every 60s)
2026-09-27 12:46:24 | INFO     | exam.app                     | Shutdown complete
2026-09-27 12:46:24 | INFO     | exam.app                     | Starting AI-Based Intelligent Examination Platform (development)
2026-09-27 12:46:24 | INFO     | exam.app                     | Object storage ready: bucket exam-media
2026-09-27 12:46:24 | INFO     | exam.app                     | Session sweeper started (every 60s)
2026-09-27 12:46:24 | INFO     | exam.app                     | Shutdown complete
2026-09-27 12:46:24 | INFO     | exam.app                     | Starting AI-Based Intelligent Examination Platform (development)
2026-09-27 12:46:24 | INFO     | exam.app                     | Object storage ready: bucket exam-media
2026-09-27 12:46:24 | INFO     | exam.app                     | Session sweeper started (every 60s)
2026-09-27 12:46:24 | INFO     | exam.auth                    | Login: editor@test.edu (candidate/approved, login=approved)
2026-09-27 12:46:24 | INFO     | exam.auth                    | Profile updated for editor@test.edu
2026-09-27 12:46:24 | INFO     | exam.app                     | Shutdown complete
2026-09-27 12:46:24 | INFO     | exam.app                     | Starting AI-Based Intelligent Examination Platform (development)
2026-09-27 12:46:24 | INFO     | exam.app                     | Object storage ready: bucket exam-media
2026-09-27 12:46:24 | INFO     | exam.app                     | Session sweeper started (every 60s)
2026-09-27 12:46:24 | INFO     | exam.auth                    | Login: oneword@test.edu (candidate/approved, login=approved)
2026-09-27 12:46:24 | INFO     | exam.auth                    | Profile updated for oneword@test.edu
2026-09-27 12:46:24 | INFO     | exam.app                     | Shutdown complete
2026-09-27 12:46:24 | INFO     | exam.app                     | Starting AI-Based Intelligent Examination Platform (development)
2026-09-27 12:46:24 | INFO     | exam.app                     | Object storage ready: bucket exam-media
2026-09-27 12:46:24 | INFO     | exam.app                     | Session sweeper started (every 60s)
2026-09-27 12:46:24 | INFO     | exam.auth                    | Login: blank@test.edu (candidate/approved, login=approved)
2026-09-27 12:46:24 | INFO     | exam.app                     | Shutdown complete
2026-09-27 12:46:24 | INFO     | exam.app                     | Starting AI-Based Intelligent Examination Platform (development)
2026-09-27 12:46:24 | INFO     | exam.app                     | Object storage ready: bucket exam-media
2026-09-27 12:46:24 | INFO     | exam.app                     | Session sweeper started (every 60s)
2026-09-27 12:46:24 | INFO     | exam.app                     | Shutdown complete
2026-09-27 12:46:24 | INFO     | exam.app                     | Starting AI-Based Intelligent Examination Platform (development)
2026-09-27 12:46:24 | INFO     | exam.app                     | Object storage ready: bucket exam-media
2026-09-27 12:46:24 | INFO     | exam.app                     | Session sweeper started (every 60s)
2026-09-27 12:46:24 | INFO     | exam.auth                    | Login: keeps@test.edu (candidate/approved, login=approved)
2026-09-27 12:46:24 | INFO     | exam.auth                    | Profile updated for keeps@test.edu
2026-09-27 12:46:24 | INFO     | exam.app                     | Shutdown complete
2026-09-27 12:46:24 | INFO     | exam.app                     | Starting AI-Based Intelligent Examination Platform (development)
2026-09-27 12:46:24 | INFO     | exam.app                     | Object storage ready: bucket exam-media
2026-09-27 12:46:24 | INFO     | exam.app                     | Session sweeper started (every 60s)
2026-09-27 12:46:24 | INFO     | exam.auth                    | Password reset requested for unknown/inactive email nobody@test.edu
2026-09-27 12:46:24 | INFO     | exam.app                     | Shutdown complete
2026-09-27 12:46:24 | INFO     | exam.app                     | Starting AI-Based Intelligent Examination Platform (development)
2026-09-27 12:46:24 | INFO     | exam.app                     | Object storage ready: bucket exam-media
2026-09-27 12:46:24 | INFO     | exam.app                     | Session sweeper started (every 60s)
2026-09-27 12:46:24 | INFO     | exam.auth                    | Password reset token issued for candidate-72b43c2b@test.edu: eyJhbGciOiJIUzI1NiIsInR5cCI6IkpXVCJ9.eyJzdWIiOiIwNzI0OWE5MS1lZWVmLTQwNjAtYWZiZi05MDI1OTVjNDI3YjIiLCJ0eXAiOiJwYXNzd29yZF9yZXNldCIsImlhdCI6MTc5MDQ5MzM4NCwiZXhwIjoxNzkwNDk1MTg0LCJqdGkiOiJjYWVhN2IwYjNlZTE0YWQ0OGFmZjNiZDk1NGJhODM2YyJ9.8RvDVuGAzAV9Uz5QZyu7Qpe_bRtV0hWm16MDi2ilZnk
2026-09-27 12:46:24 | INFO     | exam.auth                    | Password reset completed for candidate-72b43c2b@test.edu
2026-09-27 12:46:25 | INFO     | exam.auth                    | Login: candidate-72b43c2b@test.edu (candidate/approved, login=approved)
2026-09-27 12:46:25 | WARNING  | exam.auth                    | Failed login for candidate-72b43c2b@test.edu
2026-09-27 12:46:25 | INFO     | exam.app                     | Shutdown complete
2026-09-27 12:46:25 | INFO     | exam.app                     | Starting AI-Based Intelligent Examination Platform (development)
2026-09-27 12:46:25 | INFO     | exam.app                     | Object storage ready: bucket exam-media
2026-09-27 12:46:25 | INFO     | exam.app                     | Session sweeper started (every 60s)
2026-09-27 12:46:25 | INFO     | exam.app                     | Shutdown complete
2026-09-27 12:46:25 | INFO     | exam.app                     | Starting AI-Based Intelligent Examination Platform (development)
2026-09-27 12:46:25 | INFO     | exam.app                     | Object storage ready: bucket exam-media
2026-09-27 12:46:25 | INFO     | exam.app                     | Session sweeper started (every 60s)
2026-09-27 12:46:25 | INFO     | exam.auth                    | Login: examiner-704149b7@test.edu (examiner/pending)
2026-09-27 12:46:25 | WARNING  | exam.auth                    | Access gate blocked examiner-704149b7@test.edu (examiner, status=pending)
2026-09-27 12:46:25 | INFO     | exam.app                     | Shutdown complete
2026-09-27 12:46:25 | INFO     | exam.app                     | Starting AI-Based Intelligent Examination Platform (development)
2026-09-27 12:46:25 | INFO     | exam.app                     | Object storage ready: bucket exam-media
2026-09-27 12:46:25 | INFO     | exam.app                     | Session sweeper started (every 60s)
2026-09-27 12:46:25 | INFO     | exam.auth                    | Login: examiner-97097a06@test.edu (examiner/pending)
2026-09-27 12:46:25 | WARNING  | exam.auth                    | Access gate blocked examiner-97097a06@test.edu (examiner, status=pending)
2026-09-27 12:46:25 | INFO     | exam.app                     | Shutdown complete
2026-09-27 12:46:25 | INFO     | exam.app                     | Starting AI-Based Intelligent Examination Platform (development)
2026-09-27 12:46:25 | INFO     | exam.app                     | Object storage ready: bucket exam-media
2026-09-27 12:46:25 | INFO     | exam.app                     | Session sweeper started (every 60s)
2026-09-27 12:46:25 | INFO     | exam.auth                    | Login: examiner-3a6efd9f@test.edu (examiner/revoked)
2026-09-27 12:46:25 | WARNING  | exam.auth                    | Access gate blocked examiner-3a6efd9f@test.edu (examiner, status=revoked)
2026-09-27 12:46:25 | INFO     | exam.app                     | Shutdown complete
2026-09-27 12:46:25 | INFO     | exam.app                     | Starting AI-Based Intelligent Examination Platform (development)
2026-09-27 12:46:25 | INFO     | exam.app                     | Object storage ready: bucket exam-media
2026-09-27 12:46:25 | INFO     | exam.app                     | Session sweeper started (every 60s)
2026-09-27 12:46:25 | INFO     | exam.auth                    | Login: examiner-9a6b5401@test.edu (examiner/approved)
2026-09-27 12:46:25 | INFO     | exam.app                     | Shutdown complete
2026-09-27 12:46:25 | INFO     | exam.app                     | Starting AI-Based Intelligent Examination Platform (development)
2026-09-27 12:46:25 | INFO     | exam.app                     | Object storage ready: bucket exam-media
2026-09-27 12:46:25 | INFO     | exam.app                     | Session sweeper started (every 60s)
2026-09-27 12:46:25 | INFO     | exam.auth                    | Login: examiner-168eab55@test.edu (examiner/pending)
2026-09-27 12:46:25 | WARNING  | exam.auth                    | Access gate blocked examiner-168eab55@test.edu (examiner, status=pending)
2026-09-27 12:46:25 | INFO     | exam.auth                    | Login: admin-6c95b72a@test.edu (admin/approved)
2026-09-27 12:46:25 | INFO     | exam.admin                   | Admin admin-6c95b72a@test.edu changed access for examiner-168eab55@test.edu: pending -> approved (Verified faculty ID)
2026-09-27 12:46:25 | INFO     | exam.auth                    | Login: examiner-168eab55@test.edu (examiner/approved)
2026-09-27 12:46:25 | INFO     | exam.app                     | Shutdown complete
2026-09-27 12:46:25 | INFO     | exam.app                     | Starting AI-Based Intelligent Examination Platform (development)
2026-09-27 12:46:25 | INFO     | exam.app                     | Object storage ready: bucket exam-media
2026-09-27 12:46:25 | INFO     | exam.app                     | Session sweeper started (every 60s)
2026-09-27 12:46:26 | INFO     | exam.auth                    | Login: admin-0ddb6821@test.edu (admin/approved)
2026-09-27 12:46:26 | INFO     | exam.admin                   | Admin admin-0ddb6821@test.edu changed access for examiner-923b1799@test.edu: approved -> revoked (Contract ended)
2026-09-27 12:46:26 | INFO     | exam.auth                    | Login: examiner-923b1799@test.edu (examiner/revoked)
2026-09-27 12:46:26 | WARNING  | exam.auth                    | Access gate blocked examiner-923b1799@test.edu (examiner, status=revoked)
2026-09-27 12:46:26 | INFO     | exam.app                     | Shutdown complete
2026-09-27 12:46:26 | INFO     | exam.app                     | Starting AI-Based Intelligent Examination Platform (development)
2026-09-27 12:46:26 | INFO     | exam.app                     | Object storage ready: bucket exam-media
2026-09-27 12:46:26 | INFO     | exam.app                     | Session sweeper started (every 60s)
2026-09-27 12:46:26 | INFO     | exam.auth                    | Login: candidate-cc6abdc5@test.edu (candidate/pending, login=approved)
2026-09-27 12:46:26 | WARNING  | exam.auth                    | Access gate blocked candidate-cc6abdc5@test.edu (candidate, status=pending)
2026-09-27 12:46:26 | INFO     | exam.app                     | Shutdown complete
2026-09-27 12:46:26 | INFO     | exam.app                     | Starting AI-Based Intelligent Examination Platform (development)
2026-09-27 12:46:26 | INFO     | exam.app                     | Object storage ready: bucket exam-media
2026-09-27 12:46:26 | INFO     | exam.app                     | Session sweeper started (every 60s)
2026-09-27 12:46:26 | INFO     | exam.auth                    | Login: candidate-00162e19@test.edu (candidate/pending, login=approved)
2026-09-27 12:46:26 | WARNING  | exam.auth                    | Access gate blocked candidate-00162e19@test.edu (candidate, status=pending)
2026-09-27 12:46:26 | INFO     | exam.app                     | Shutdown complete
2026-09-27 12:46:26 | INFO     | exam.app                     | Starting AI-Based Intelligent Examination Platform (development)
2026-09-27 12:46:26 | INFO     | exam.app                     | Object storage ready: bucket exam-media
2026-09-27 12:46:26 | INFO     | exam.app                     | Session sweeper started (every 60s)
2026-09-27 12:46:26 | INFO     | exam.auth                    | Login: candidate-607d5966@test.edu (candidate/pending, login=approved)
2026-09-27 12:46:26 | WARNING  | exam.auth                    | Access gate blocked candidate-607d5966@test.edu (candidate, status=pending)
2026-09-27 12:46:26 | INFO     | exam.auth                    | Login: admin-575a6829@test.edu (admin/approved)
2026-09-27 12:46:26 | INFO     | exam.admin                   | Admin admin-575a6829@test.edu changed access for candidate-607d5966@test.edu: pending -> approved (Enrolment verified)
2026-09-27 12:46:26 | INFO     | exam.auth                    | Login: candidate-607d5966@test.edu (candidate/approved, login=approved)
2026-09-27 12:46:26 | INFO     | exam.app                     | Shutdown complete
2026-09-27 12:46:26 | INFO     | exam.app                     | Starting AI-Based Intelligent Examination Platform (development)
2026-09-27 12:46:26 | INFO     | exam.app                     | Object storage ready: bucket exam-media
2026-09-27 12:46:26 | INFO     | exam.app                     | Session sweeper started (every 60s)
2026-09-27 12:46:26 | INFO     | exam.auth                    | Login: examiner-fdd18cc7@test.edu (examiner/approved)
2026-09-27 12:46:26 | WARNING  | exam.auth                    | Role denied: examiner-fdd18cc7@test.edu (examiner) tried a admin-only route
2026-09-27 12:46:26 | WARNING  | exam.auth                    | Role denied: examiner-fdd18cc7@test.edu (examiner) tried a admin-only route
2026-09-27 12:46:26 | WARNING  | exam.auth                    | Role denied: examiner-fdd18cc7@test.edu (examiner) tried a admin-only route
2026-09-27 12:46:26 | INFO     | exam.app                     | Shutdown complete
2026-09-27 12:46:26 | INFO     | exam.app                     | Starting AI-Based Intelligent Examination Platform (development)
2026-09-27 12:46:26 | INFO     | exam.app                     | Object storage ready: bucket exam-media
2026-09-27 12:46:26 | INFO     | exam.app                     | Session sweeper started (every 60s)
2026-09-27 12:46:27 | INFO     | exam.auth                    | Login: admin-08558a3a@test.edu (admin/approved)
2026-09-27 12:46:27 | INFO     | exam.app                     | Shutdown complete
2026-09-27 12:46:27 | INFO     | exam.app                     | Starting AI-Based Intelligent Examination Platform (development)
2026-09-27 12:46:27 | INFO     | exam.app                     | Object storage ready: bucket exam-media
2026-09-27 12:46:27 | INFO     | exam.app                     | Session sweeper started (every 60s)
2026-09-27 12:46:27 | INFO     | exam.auth                    | Login: candidate-51d50302@test.edu (candidate/approved, login=approved)
2026-09-27 12:46:27 | WARNING  | exam.auth                    | Role denied: candidate-51d50302@test.edu (candidate) tried a examiner/admin-only route
2026-09-27 12:46:27 | INFO     | exam.app                     | Shutdown complete
2026-09-27 12:46:27 | INFO     | exam.app                     | Starting AI-Based Intelligent Examination Platform (development)
2026-09-27 12:46:27 | INFO     | exam.app                     | Object storage ready: bucket exam-media
2026-09-27 12:46:27 | INFO     | exam.app                     | Session sweeper started (every 60s)
2026-09-27 12:46:27 | INFO     | exam.auth                    | Login: examiner-7640cf84@test.edu (examiner/approved)
2026-09-27 12:46:27 | WARNING  | exam.auth                    | Role denied: examiner-7640cf84@test.edu (examiner) tried a admin-only route
2026-09-27 12:46:27 | INFO     | exam.app                     | Shutdown complete
2026-09-27 12:46:27 | INFO     | exam.app                     | Starting AI-Based Intelligent Examination Platform (development)
2026-09-27 12:46:27 | INFO     | exam.app                     | Object storage ready: bucket exam-media
2026-09-27 12:46:27 | INFO     | exam.app                     | Session sweeper started (every 60s)
2026-09-27 12:46:27 | INFO     | exam.auth                    | Login: examiner-bb93a347@test.edu (examiner/approved)
2026-09-27 12:46:27 | INFO     | exam.app                     | Shutdown complete
2026-09-27 12:46:27 | INFO     | exam.app                     | Starting AI-Based Intelligent Examination Platform (development)
2026-09-27 12:46:27 | INFO     | exam.app                     | Object storage ready: bucket exam-media
2026-09-27 12:46:27 | INFO     | exam.app                     | Session sweeper started (every 60s)
2026-09-27 12:46:27 | INFO     | exam.auth                    | Login: admin-fbcd5088@test.edu (admin/approved)
2026-09-27 12:46:27 | INFO     | exam.app                     | Shutdown complete
2026-09-27 12:46:27 | INFO     | exam.app                     | Starting AI-Based Intelligent Examination Platform (development)
2026-09-27 12:46:27 | INFO     | exam.app                     | Object storage ready: bucket exam-media
2026-09-27 12:46:27 | INFO     | exam.app                     | Session sweeper started (every 60s)
2026-09-27 12:46:27 | INFO     | exam.auth                    | Login: admin-0edfd787@test.edu (admin/approved)
2026-09-27 12:46:27 | INFO     | exam.app                     | Shutdown complete
2026-09-27 12:46:27 | INFO     | exam.app                     | Starting AI-Based Intelligent Examination Platform (development)
2026-09-27 12:46:27 | INFO     | exam.app                     | Object storage ready: bucket exam-media
2026-09-27 12:46:27 | INFO     | exam.app                     | Session sweeper started (every 60s)
2026-09-27 12:46:28 | INFO     | exam.auth                    | Login: admin-bbb2a458@test.edu (admin/approved)
2026-09-27 12:46:28 | WARNING  | exam.admin                   | Admin admin-bbb2a458@test.edu reset the password for examiner-bf4b1857@test.edu
2026-09-27 12:46:28 | WARNING  | exam.auth                    | Failed login for examiner-bf4b1857@test.edu
2026-09-27 12:46:28 | INFO     | exam.auth                    | Login: examiner-bf4b1857@test.edu (examiner/approved)
2026-09-27 12:46:28 | INFO     | exam.app                     | Shutdown complete
2026-09-27 12:46:28 | INFO     | exam.app                     | Starting AI-Based Intelligent Examination Platform (development)
2026-09-27 12:46:28 | INFO     | exam.app                     | Object storage ready: bucket exam-media
2026-09-27 12:46:28 | INFO     | exam.app                     | Session sweeper started (every 60s)
2026-09-27 12:46:28 | INFO     | exam.auth                    | Login: admin-f9e0563a@test.edu (admin/approved)
2026-09-27 12:46:28 | INFO     | exam.app                     | Shutdown complete
2026-09-27 12:46:28 | INFO     | exam.app                     | Starting AI-Based Intelligent Examination Platform (development)
2026-09-27 12:46:28 | INFO     | exam.app                     | Object storage ready: bucket exam-media
2026-09-27 12:46:28 | INFO     | exam.app                     | Session sweeper started (every 60s)
2026-09-27 12:46:28 | INFO     | exam.auth                    | Login: admin-b60fd0dd@test.edu (admin/approved)
2026-09-27 12:46:28 | INFO     | exam.app                     | Shutdown complete
2026-09-27 12:46:28 | INFO     | exam.app                     | Starting AI-Based Intelligent Examination Platform (development)
2026-09-27 12:46:28 | INFO     | exam.app                     | Object storage ready: bucket exam-media
2026-09-27 12:46:28 | INFO     | exam.app                     | Session sweeper started (every 60s)
2026-09-27 12:46:28 | INFO     | exam.auth                    | Login: examiner-609318d3@test.edu (examiner/approved)
2026-09-27 12:46:28 | WARNING  | exam.auth                    | Role denied: examiner-609318d3@test.edu (examiner) tried a admin-only route
2026-09-27 12:46:28 | INFO     | exam.app                     | Shutdown complete
2026-09-27 12:46:28 | INFO     | exam.app                     | Starting AI-Based Intelligent Examination Platform (development)
2026-09-27 12:46:28 | INFO     | exam.app                     | Object storage ready: bucket exam-media
2026-09-27 12:46:28 | INFO     | exam.app                     | Session sweeper started (every 60s)
2026-09-27 12:46:28 | INFO     | exam.auth                    | Login: admin-59f176cc@test.edu (admin/approved)
2026-09-27 12:46:28 | INFO     | exam.app                     | Shutdown complete
2026-09-27 12:46:28 | INFO     | exam.app                     | Starting AI-Based Intelligent Examination Platform (development)
2026-09-27 12:46:28 | INFO     | exam.app                     | Object storage ready: bucket exam-media
2026-09-27 12:46:28 | INFO     | exam.app                     | Session sweeper started (every 60s)
2026-09-27 12:46:28 | INFO     | exam.app                     | Shutdown complete
2026-09-27 12:46:28 | INFO     | exam.app                     | Starting AI-Based Intelligent Examination Platform (development)
2026-09-27 12:46:28 | INFO     | exam.app                     | Object storage ready: bucket exam-media
2026-09-27 12:46:28 | INFO     | exam.app                     | Session sweeper started (every 60s)
2026-09-27 12:46:29 | INFO     | exam.app                     | Shutdown complete
2026-09-27 12:46:29 | INFO     | exam.app                     | Starting AI-Based Intelligent Examination Platform (development)
2026-09-27 12:46:29 | INFO     | exam.app                     | Object storage ready: bucket exam-media
2026-09-27 12:46:29 | INFO     | exam.app                     | Session sweeper started (every 60s)
2026-09-27 12:46:29 | INFO     | exam.app                     | Shutdown complete
2026-09-27 12:46:29 | INFO     | exam.app                     | Starting AI-Based Intelligent Examination Platform (development)
2026-09-27 12:46:29 | INFO     | exam.app                     | Object storage ready: bucket exam-media
2026-09-27 12:46:29 | INFO     | exam.app                     | Session sweeper started (every 60s)
2026-09-27 12:46:29 | INFO     | exam.app                     | Shutdown complete
2026-09-27 12:46:29 | INFO     | exam.app                     | Starting AI-Based Intelligent Examination Platform (development)
2026-09-27 12:46:29 | INFO     | exam.app                     | Object storage ready: bucket exam-media
2026-09-27 12:46:29 | INFO     | exam.app                     | Session sweeper started (every 60s)
2026-09-27 12:46:29 | INFO     | exam.app                     | Shutdown complete
2026-09-27 12:46:29 | INFO     | exam.app                     | Starting AI-Based Intelligent Examination Platform (development)
2026-09-27 12:46:29 | INFO     | exam.app                     | Object storage ready: bucket exam-media
2026-09-27 12:46:29 | INFO     | exam.app                     | Session sweeper started (every 60s)
2026-09-27 12:46:29 | INFO     | exam.app                     | Shutdown complete
2026-09-27 12:46:29 | INFO     | exam.app                     | Starting AI-Based Intelligent Examination Platform (development)
2026-09-27 12:46:29 | INFO     | exam.app                     | Object storage ready: bucket exam-media
2026-09-27 12:46:29 | INFO     | exam.app                     | Session sweeper started (every 60s)
2026-09-27 12:46:29 | INFO     | exam.app                     | Shutdown complete
2026-09-27 12:46:29 | INFO     | exam.app                     | Starting AI-Based Intelligent Examination Platform (development)
2026-09-27 12:46:29 | INFO     | exam.app                     | Object storage ready: bucket exam-media
2026-09-27 12:46:29 | INFO     | exam.app                     | Session sweeper started (every 60s)
2026-09-27 12:46:30 | INFO     | exam.app                     | Shutdown complete
2026-09-27 12:46:30 | INFO     | exam.app                     | Starting AI-Based Intelligent Examination Platform (development)
2026-09-27 12:46:30 | INFO     | exam.app                     | Object storage ready: bucket exam-media
2026-09-27 12:46:30 | INFO     | exam.app                     | Session sweeper started (every 60s)
2026-09-27 12:46:30 | INFO     | exam.app                     | Shutdown complete
2026-09-27 12:46:30 | INFO     | exam.app                     | Starting AI-Based Intelligent Examination Platform (development)
2026-09-27 12:46:30 | INFO     | exam.app                     | Object storage ready: bucket exam-media
2026-09-27 12:46:30 | INFO     | exam.app                     | Session sweeper started (every 60s)
2026-09-27 12:46:30 | INFO     | exam.auth                    | Login: candidate-2115d317@test.edu (candidate/approved, login=approved)
2026-09-27 12:46:30 | WARNING  | exam.auth                    | Role denied: candidate-2115d317@test.edu (candidate) tried a examiner/admin-only route
2026-09-27 12:46:30 | INFO     | exam.app                     | Shutdown complete
2026-09-27 12:46:30 | INFO     | exam.app                     | Starting AI-Based Intelligent Examination Platform (development)
2026-09-27 12:46:30 | INFO     | exam.app                     | Object storage ready: bucket exam-media
2026-09-27 12:46:30 | INFO     | exam.app                     | Session sweeper started (every 60s)
2026-09-27 12:46:30 | INFO     | exam.auth                    | Login: examiner-2c2ff946@test.edu (examiner/approved)
2026-09-27 12:46:30 | INFO     | exam.app                     | Shutdown complete
2026-09-27 12:46:30 | INFO     | exam.app                     | Starting AI-Based Intelligent Examination Platform (development)
2026-09-27 12:46:30 | INFO     | exam.app                     | Object storage ready: bucket exam-media
2026-09-27 12:46:30 | INFO     | exam.app                     | Session sweeper started (every 60s)
2026-09-27 12:46:30 | INFO     | exam.app                     | Shutdown complete
2026-09-27 12:46:30 | INFO     | exam.app                     | Starting AI-Based Intelligent Examination Platform (development)
2026-09-27 12:46:30 | INFO     | exam.app                     | Object storage ready: bucket exam-media
2026-09-27 12:46:30 | INFO     | exam.app                     | Session sweeper started (every 60s)
2026-09-27 12:46:30 | INFO     | exam.app                     | Shutdown complete
2026-09-27 12:46:30 | INFO     | exam.app                     | Starting AI-Based Intelligent Examination Platform (development)
2026-09-27 12:46:30 | INFO     | exam.app                     | Object storage ready: bucket exam-media
2026-09-27 12:46:30 | INFO     | exam.app                     | Session sweeper started (every 60s)
2026-09-27 12:46:30 | INFO     | exam.app                     | Shutdown complete
2026-09-27 12:46:30 | INFO     | exam.app                     | Starting AI-Based Intelligent Examination Platform (development)
2026-09-27 12:46:30 | INFO     | exam.app                     | Object storage ready: bucket exam-media
2026-09-27 12:46:30 | INFO     | exam.app                     | Session sweeper started (every 60s)
2026-09-27 12:46:31 | INFO     | exam.app                     | Shutdown complete
2026-09-27 12:46:31 | INFO     | exam.app                     | Starting AI-Based Intelligent Examination Platform (development)
2026-09-27 12:46:31 | INFO     | exam.app                     | Object storage ready: bucket exam-media
2026-09-27 12:46:31 | INFO     | exam.app                     | Session sweeper started (every 60s)
2026-09-27 12:46:31 | INFO     | exam.auth                    | Login: candidate-f5a48e34@test.edu (candidate/approved, login=approved)
2026-09-27 12:46:31 | INFO     | exam.app                     | Shutdown complete
2026-09-27 12:46:31 | INFO     | exam.app                     | Starting AI-Based Intelligent Examination Platform (development)
2026-09-27 12:46:31 | INFO     | exam.app                     | Object storage ready: bucket exam-media
2026-09-27 12:46:31 | INFO     | exam.app                     | Session sweeper started (every 60s)
2026-09-27 12:46:31 | INFO     | exam.auth                    | Login: candidate-f310d086@test.edu (candidate/approved, login=approved)
2026-09-27 12:46:31 | WARNING  | exam.auth                    | Role denied: candidate-f310d086@test.edu (candidate) tried a examiner/admin-only route
2026-09-27 12:46:31 | INFO     | exam.app                     | Shutdown complete
2026-09-27 12:46:31 | INFO     | exam.app                     | Starting AI-Based Intelligent Examination Platform (development)
2026-09-27 12:46:31 | INFO     | exam.app                     | Object storage ready: bucket exam-media
2026-09-27 12:46:31 | INFO     | exam.app                     | Session sweeper started (every 60s)
2026-09-27 12:46:31 | INFO     | exam.auth                    | Login: candidate-4d36580c@test.edu (candidate/approved, login=approved)
2026-09-27 12:46:31 | INFO     | exam.app                     | Shutdown complete
2026-09-27 12:46:31 | INFO     | exam.app                     | Starting AI-Based Intelligent Examination Platform (development)
2026-09-27 12:46:31 | INFO     | exam.app                     | Object storage ready: bucket exam-media
2026-09-27 12:46:31 | INFO     | exam.app                     | Session sweeper started (every 60s)
2026-09-27 12:46:31 | INFO     | exam.app                     | Shutdown complete
2026-09-27 12:46:32 | INFO     | exam.app                     | Starting AI-Based Intelligent Examination Platform (development)
2026-09-27 12:46:32 | INFO     | exam.app                     | Object storage ready: bucket exam-media
2026-09-27 12:46:32 | INFO     | exam.app                     | Session sweeper started (every 60s)
2026-09-27 12:46:32 | INFO     | exam.auth                    | Login: candidate-e38929e4@test.edu (candidate/approved, login=approved)
2026-09-27 12:46:32 | WARNING  | exam.auth                    | Role denied: candidate-e38929e4@test.edu (candidate) tried a examiner/admin-only route
2026-09-27 12:46:32 | INFO     | exam.app                     | Shutdown complete
2026-09-27 12:46:32 | INFO     | exam.app                     | Starting AI-Based Intelligent Examination Platform (development)
2026-09-27 12:46:32 | INFO     | exam.app                     | Object storage ready: bucket exam-media
2026-09-27 12:46:32 | INFO     | exam.app                     | Session sweeper started (every 60s)
2026-09-27 12:46:32 | INFO     | exam.auth                    | Login: admin-1093bafb@test.edu (admin/approved)
2026-09-27 12:46:32 | INFO     | exam.app                     | Shutdown complete
2026-09-27 12:46:32 | INFO     | exam.app                     | Starting AI-Based Intelligent Examination Platform (development)
2026-09-27 12:46:32 | INFO     | exam.app                     | Object storage ready: bucket exam-media
2026-09-27 12:46:32 | INFO     | exam.app                     | Session sweeper started (every 60s)
2026-09-27 12:46:32 | INFO     | exam.auth                    | Login: examiner-9c9405d1@test.edu (examiner/approved)
2026-09-27 12:46:32 | WARNING  | exam.auth                    | Role denied: examiner-9c9405d1@test.edu (examiner) tried a admin-only route
2026-09-27 12:46:32 | INFO     | exam.auth                    | Login: admin-30a7d71a@test.edu (admin/approved)
2026-09-27 12:46:32 | INFO     | exam.app                     | Shutdown complete
2026-09-27 12:46:32 | INFO     | exam.app                     | Starting AI-Based Intelligent Examination Platform (development)
2026-09-27 12:46:32 | INFO     | exam.app                     | Object storage ready: bucket exam-media
2026-09-27 12:46:32 | INFO     | exam.app                     | Session sweeper started (every 60s)
2026-09-27 12:46:33 | INFO     | exam.auth                    | Login: examiner-fac62051@test.edu (examiner/approved)
2026-09-27 12:46:33 | INFO     | exam.app                     | Shutdown complete
2026-09-27 12:46:33 | INFO     | exam.app                     | Starting AI-Based Intelligent Examination Platform (development)
2026-09-27 12:46:33 | INFO     | exam.app                     | Object storage ready: bucket exam-media
2026-09-27 12:46:33 | INFO     | exam.app                     | Session sweeper started (every 60s)
2026-09-27 12:46:33 | INFO     | exam.auth                    | Login: examiner-00dccd1e@test.edu (examiner/approved)
2026-09-27 12:46:33 | INFO     | exam.app                     | Shutdown complete
2026-09-27 12:46:33 | INFO     | exam.app                     | Starting AI-Based Intelligent Examination Platform (development)
2026-09-27 12:46:33 | INFO     | exam.app                     | Object storage ready: bucket exam-media
2026-09-27 12:46:33 | INFO     | exam.app                     | Session sweeper started (every 60s)
2026-09-27 12:46:33 | INFO     | exam.auth                    | Login: examiner-fc124862@test.edu (examiner/approved)
2026-09-27 12:46:33 | INFO     | exam.app                     | Shutdown complete
2026-09-27 12:46:33 | INFO     | exam.app                     | Starting AI-Based Intelligent Examination Platform (development)
2026-09-27 12:46:33 | INFO     | exam.app                     | Object storage ready: bucket exam-media
2026-09-27 12:46:33 | INFO     | exam.app                     | Session sweeper started (every 60s)
2026-09-27 12:46:33 | INFO     | exam.auth                    | Login: examiner-7b8e367f@test.edu (examiner/approved)
2026-09-27 12:46:33 | INFO     | exam.app                     | Shutdown complete
2026-09-27 12:46:33 | INFO     | exam.app                     | Starting AI-Based Intelligent Examination Platform (development)
2026-09-27 12:46:33 | INFO     | exam.app                     | Object storage ready: bucket exam-media
2026-09-27 12:46:33 | INFO     | exam.app                     | Session sweeper started (every 60s)
2026-09-27 12:46:33 | INFO     | exam.auth                    | Login: examiner-7b84db48@test.edu (examiner/approved)
2026-09-27 12:46:33 | INFO     | exam.app                     | Shutdown complete
2026-09-27 12:46:33 | INFO     | exam.app                     | Starting AI-Based Intelligent Examination Platform (development)
2026-09-27 12:46:33 | INFO     | exam.app                     | Object storage ready: bucket exam-media
2026-09-27 12:46:33 | INFO     | exam.app                     | Session sweeper started (every 60s)
2026-09-27 12:46:33 | INFO     | exam.auth                    | Login: examiner-f276f8c1@test.edu (examiner/approved)
2026-09-27 12:46:33 | INFO     | exam.exams                   | examiner-f276f8c1@test.edu applied a 1-row blueprint to exam b64d69ae-d0a4-4085-bf76-a6e006535527
2026-09-27 12:46:33 | INFO     | exam.app                     | Shutdown complete
2026-09-27 12:46:33 | INFO     | exam.app                     | Starting AI-Based Intelligent Examination Platform (development)
2026-09-27 12:46:33 | INFO     | exam.app                     | Object storage ready: bucket exam-media
2026-09-27 12:46:33 | INFO     | exam.app                     | Session sweeper started (every 60s)
2026-09-27 12:46:34 | INFO     | exam.auth                    | Login: examiner-b1ccd1f4@test.edu (examiner/approved)
2026-09-27 12:46:34 | INFO     | exam.exams                   | examiner-b1ccd1f4@test.edu applied a 1-row blueprint to exam 522219fe-f84a-476f-bd6d-4da7141d6993
2026-09-27 12:46:34 | INFO     | exam.app                     | Shutdown complete
2026-09-27 12:46:34 | INFO     | exam.app                     | Starting AI-Based Intelligent Examination Platform (development)
2026-09-27 12:46:34 | INFO     | exam.app                     | Object storage ready: bucket exam-media
2026-09-27 12:46:34 | INFO     | exam.app                     | Session sweeper started (every 60s)
2026-09-27 12:46:34 | INFO     | exam.auth                    | Login: examiner-c70c0421@test.edu (examiner/approved)
2026-09-27 12:46:34 | INFO     | exam.exams                   | examiner-c70c0421@test.edu applied a 2-row blueprint to exam e6e14239-5746-48fd-b0e6-0d9618e7819d
2026-09-27 12:46:34 | INFO     | exam.app                     | Shutdown complete
2026-09-27 12:46:34 | INFO     | exam.app                     | Starting AI-Based Intelligent Examination Platform (development)
2026-09-27 12:46:34 | INFO     | exam.app                     | Object storage ready: bucket exam-media
2026-09-27 12:46:34 | INFO     | exam.app                     | Session sweeper started (every 60s)
2026-09-27 12:46:34 | INFO     | exam.auth                    | Login: examiner-2672d87f@test.edu (examiner/approved)
2026-09-27 12:46:34 | INFO     | exam.exams                   | examiner-2672d87f@test.edu applied a 1-row blueprint to exam 02dfc9ab-ea6c-4a8b-88a6-b96245232f1d
2026-09-27 12:46:34 | INFO     | exam.app                     | Shutdown complete
2026-09-27 12:46:34 | INFO     | exam.app                     | Starting AI-Based Intelligent Examination Platform (development)
2026-09-27 12:46:34 | INFO     | exam.app                     | Object storage ready: bucket exam-media
2026-09-27 12:46:34 | INFO     | exam.app                     | Session sweeper started (every 60s)
2026-09-27 12:46:34 | INFO     | exam.auth                    | Login: examiner-5e14477d@test.edu (examiner/approved)
2026-09-27 12:46:34 | INFO     | exam.exams                   | examiner-5e14477d@test.edu applied a 1-row blueprint to exam cfa6d73e-f191-4c60-b03c-21607ecc7eac
2026-09-27 12:46:34 | INFO     | exam.exams                   | examiner-5e14477d@test.edu applied a 1-row blueprint to exam cfa6d73e-f191-4c60-b03c-21607ecc7eac
2026-09-27 12:46:34 | INFO     | exam.app                     | Shutdown complete
2026-09-27 12:46:34 | INFO     | exam.app                     | Starting AI-Based Intelligent Examination Platform (development)
2026-09-27 12:46:34 | INFO     | exam.app                     | Object storage ready: bucket exam-media
2026-09-27 12:46:34 | INFO     | exam.app                     | Session sweeper started (every 60s)
2026-09-27 12:46:34 | INFO     | exam.auth                    | Login: examiner-d8879ee0@test.edu (examiner/approved)
2026-09-27 12:46:34 | INFO     | exam.auth                    | Login: candidate-d8124ed5@test.edu (candidate/approved, login=approved)
2026-09-27 12:46:34 | INFO     | exam.exam                    | Session 4d00ad4b-0c9e-414d-92cb-7c0af6a4c9b2 started: exam='Exam a5cf10' candidate=e9686907-a552-49b8-a344-b450d952d426 questions=1 expires=2026-09-27T07:46:34.849281+00:00
2026-09-27 12:46:34 | INFO     | exam.app                     | Shutdown complete
2026-09-27 12:46:34 | INFO     | exam.app                     | Starting AI-Based Intelligent Examination Platform (development)
2026-09-27 12:46:34 | INFO     | exam.app                     | Object storage ready: bucket exam-media
2026-09-27 12:46:34 | INFO     | exam.app                     | Session sweeper started (every 60s)
2026-09-27 12:46:35 | INFO     | exam.auth                    | Login: candidate-98151df1@test.edu (candidate/approved, login=approved)
2026-09-27 12:46:35 | INFO     | exam.exam                    | Session 8a8f5ab1-6624-4797-ae2f-fec8a1350535 started: exam='Exam 8560d6' candidate=9c3bbb6d-35f4-466b-b80c-ab559398967f questions=4 expires=2026-09-27T07:46:35.081801+00:00
2026-09-27 12:46:35 | INFO     | exam.app                     | Shutdown complete
2026-09-27 12:46:35 | INFO     | exam.app                     | Starting AI-Based Intelligent Examination Platform (development)
2026-09-27 12:46:35 | INFO     | exam.app                     | Object storage ready: bucket exam-media
2026-09-27 12:46:35 | INFO     | exam.app                     | Session sweeper started (every 60s)
2026-09-27 12:46:35 | INFO     | exam.auth                    | Login: candidate-906e7e50@test.edu (candidate/approved, login=approved)
2026-09-27 12:46:35 | INFO     | exam.exam                    | Session fc984203-c433-401d-8054-82a112924d71 started: exam='Exam 1566f1' candidate=1261f5fd-1750-45ff-bb33-e093a32b38c5 questions=4 expires=2026-09-27T07:46:35.305251+00:00
2026-09-27 12:46:35 | INFO     | exam.app                     | Shutdown complete
2026-09-27 12:46:35 | INFO     | exam.app                     | Starting AI-Based Intelligent Examination Platform (development)
2026-09-27 12:46:35 | INFO     | exam.app                     | Object storage ready: bucket exam-media
2026-09-27 12:46:35 | INFO     | exam.app                     | Session sweeper started (every 60s)
2026-09-27 12:46:35 | INFO     | exam.auth                    | Login: candidate-a664eecd@test.edu (candidate/approved, login=approved)
2026-09-27 12:46:35 | INFO     | exam.exam                    | Session 86fdb829-f55a-4cc2-a272-6b01616dc056 started: exam='Exam 13d8b7' candidate=c6cb3814-890d-4ed9-8f37-86a729b52646 questions=4 expires=2026-09-27T07:46:35.529185+00:00
2026-09-27 12:46:35 | INFO     | exam.app                     | Shutdown complete
2026-09-27 12:46:35 | INFO     | exam.app                     | Starting AI-Based Intelligent Examination Platform (development)
2026-09-27 12:46:35 | INFO     | exam.app                     | Object storage ready: bucket exam-media
2026-09-27 12:46:35 | INFO     | exam.app                     | Session sweeper started (every 60s)
2026-09-27 12:46:35 | INFO     | exam.auth                    | Login: candidate-88684399@test.edu (candidate/approved, login=approved)
2026-09-27 12:46:35 | INFO     | exam.exam                    | Session 70d826d7-651e-4b89-81f6-d85cd9a2f84d started: exam='Exam 84ffd7' candidate=58823204-f481-4d08-b72d-d7cdfd143064 questions=4 expires=2026-09-27T07:46:35.821099+00:00
2026-09-27 12:46:35 | INFO     | exam.auth                    | Login: candidate-a43080cb@test.edu (candidate/approved, login=approved)
2026-09-27 12:46:35 | INFO     | exam.exam                    | Session 0c48158d-a317-451c-a67d-1be477322422 started: exam='Exam 84ffd7' candidate=1a95aeea-4a5b-416e-9463-72ce8d812a5f questions=4 expires=2026-09-27T07:46:35.901546+00:00
2026-09-27 12:46:35 | INFO     | exam.app                     | Shutdown complete
2026-09-27 12:46:35 | INFO     | exam.app                     | Starting AI-Based Intelligent Examination Platform (development)
2026-09-27 12:46:35 | INFO     | exam.app                     | Object storage ready: bucket exam-media
2026-09-27 12:46:35 | INFO     | exam.app                     | Session sweeper started (every 60s)
2026-09-27 12:46:36 | INFO     | exam.auth                    | Login: examiner-d46605d9@test.edu (examiner/approved)
2026-09-27 12:46:36 | WARNING  | exam.auth                    | Role denied: examiner-d46605d9@test.edu (examiner) tried a candidate-only route
2026-09-27 12:46:36 | INFO     | exam.app                     | Shutdown complete
2026-09-27 12:46:36 | INFO     | exam.app                     | Starting AI-Based Intelligent Examination Platform (development)
2026-09-27 12:46:36 | INFO     | exam.app                     | Object storage ready: bucket exam-media
2026-09-27 12:46:36 | INFO     | exam.app                     | Session sweeper started (every 60s)
2026-09-27 12:46:36 | INFO     | exam.auth                    | Login: candidate-525fbda9@test.edu (candidate/approved, login=approved)
2026-09-27 12:46:36 | INFO     | exam.exam                    | Session 4c4e8e05-e7b7-481b-8c08-0a3f501065f9 started: exam='Exam eeb086' candidate=1d360bd2-240d-4355-8053-9f6dee6526e7 questions=4 expires=2026-09-27T07:46:36.304577+00:00
2026-09-27 12:46:36 | INFO     | exam.app                     | Shutdown complete
2026-09-27 12:46:36 | INFO     | exam.app                     | Starting AI-Based Intelligent Examination Platform (development)
2026-09-27 12:46:36 | INFO     | exam.app                     | Object storage ready: bucket exam-media
2026-09-27 12:46:36 | INFO     | exam.app                     | Session sweeper started (every 60s)
2026-09-27 12:46:36 | INFO     | exam.auth                    | Login: candidate-b4e13fe1@test.edu (candidate/approved, login=approved)
2026-09-27 12:46:36 | INFO     | exam.exam                    | Session b819f2e9-900e-4154-89b7-48f0035cdbb1 started: exam='Exam 4f0dec' candidate=b89da2a1-d151-44de-a69c-7834b9d906e0 questions=4 expires=2026-09-27T07:46:36.527888+00:00
2026-09-27 12:46:36 | INFO     | exam.exam                    | Session b819f2e9-900e-4154-89b7-48f0035cdbb1 finalised as submitted: 0 auto-scored, 0 queued for review
2026-09-27 12:46:36 | INFO     | exam.exam                    | Session ad626da6-561c-40f6-b4cf-605fc440c0ef started: exam='Exam dbdbc2' candidate=b89da2a1-d151-44de-a69c-7834b9d906e0 questions=4 expires=2026-09-27T07:46:36.622840+00:00
2026-09-27 12:46:36 | INFO     | exam.app                     | Shutdown complete
2026-09-27 12:46:36 | INFO     | exam.app                     | Starting AI-Based Intelligent Examination Platform (development)
2026-09-27 12:46:36 | INFO     | exam.app                     | Object storage ready: bucket exam-media
2026-09-27 12:46:36 | INFO     | exam.app                     | Session sweeper started (every 60s)
2026-09-27 12:46:36 | INFO     | exam.auth                    | Login: candidate-42f40d81@test.edu (candidate/approved, login=approved)
2026-09-27 12:46:36 | INFO     | exam.exam                    | Session de84ddbc-4caa-4bfb-aedd-f43375655278 started: exam='Exam 3b6473' candidate=a8fc180b-1285-41c2-8cc7-0a2f0f27e055 questions=4 expires=2026-09-27T07:46:36.840290+00:00
2026-09-27 12:46:36 | INFO     | exam.app                     | Shutdown complete
2026-09-27 12:46:36 | INFO     | exam.app                     | Starting AI-Based Intelligent Examination Platform (development)
2026-09-27 12:46:36 | INFO     | exam.app                     | Object storage ready: bucket exam-media
2026-09-27 12:46:36 | INFO     | exam.app                     | Session sweeper started (every 60s)
2026-09-27 12:46:37 | INFO     | exam.auth                    | Login: candidate-32470da2@test.edu (candidate/approved, login=approved)
2026-09-27 12:46:37 | INFO     | exam.exam                    | Session d40d5814-e3cc-43fe-bbb1-8420d42ec199 started: exam='Exam adc5f0' candidate=666412e2-a587-4b12-aff6-ea8ea17e900e questions=4 expires=2026-09-27T07:46:37.082537+00:00
2026-09-27 12:46:37 | INFO     | exam.app                     | Shutdown complete
2026-09-27 12:46:37 | INFO     | exam.app                     | Starting AI-Based Intelligent Examination Platform (development)
2026-09-27 12:46:37 | INFO     | exam.app                     | Object storage ready: bucket exam-media
2026-09-27 12:46:37 | INFO     | exam.app                     | Session sweeper started (every 60s)
2026-09-27 12:46:37 | INFO     | exam.auth                    | Login: candidate-18905bd0@test.edu (candidate/approved, login=approved)
2026-09-27 12:46:37 | INFO     | exam.exam                    | Session 9c92cd2b-de2f-4eb8-8eda-f45cb24b6925 started: exam='Exam 13eb19' candidate=f754439a-cf85-45ff-8788-064ee04d2365 questions=4 expires=2026-09-27T07:46:37.305145+00:00
2026-09-27 12:46:37 | INFO     | exam.auth                    | Login: candidate-abf31566@test.edu (candidate/approved, login=approved)
2026-09-27 12:46:37 | WARNING  | exam.auth                    | Exam token misuse: token for f754439a-cf85-45ff-8788-064ee04d2365 presented by 11180067-a4f2-463a-8d81-4c616adfe09c
2026-09-27 12:46:37 | INFO     | exam.app                     | Shutdown complete
2026-09-27 12:46:37 | INFO     | exam.app                     | Starting AI-Based Intelligent Examination Platform (development)
2026-09-27 12:46:37 | INFO     | exam.app                     | Object storage ready: bucket exam-media
2026-09-27 12:46:37 | INFO     | exam.app                     | Session sweeper started (every 60s)
2026-09-27 12:46:37 | INFO     | exam.auth                    | Login: candidate-b2333b2c@test.edu (candidate/approved, login=approved)
2026-09-27 12:46:37 | INFO     | exam.exam                    | Session 4fb942a9-1b8d-4a47-8cb4-174bb64e497c started: exam='Exam 6c97b4' candidate=5d5d028a-b2be-43e8-9a09-9d882074501f questions=4 expires=2026-09-27T07:46:37.640326+00:00
2026-09-27 12:46:37 | INFO     | exam.app                     | Shutdown complete
2026-09-27 12:46:37 | INFO     | exam.app                     | Starting AI-Based Intelligent Examination Platform (development)
2026-09-27 12:46:37 | INFO     | exam.app                     | Object storage ready: bucket exam-media
2026-09-27 12:46:37 | INFO     | exam.app                     | Session sweeper started (every 60s)
2026-09-27 12:46:37 | INFO     | exam.auth                    | Login: candidate-f428f1d4@test.edu (candidate/approved, login=approved)
2026-09-27 12:46:37 | INFO     | exam.exam                    | Session 2ec11de6-fd43-45df-8b62-c9c823790e9a started: exam='Exam e2f6ed' candidate=3be918dc-6929-4a38-9c7b-7e7767e8fdcd questions=4 expires=2026-09-27T07:46:37.861292+00:00
2026-09-27 12:46:37 | INFO     | exam.app                     | Shutdown complete
2026-09-27 12:46:37 | INFO     | exam.app                     | Starting AI-Based Intelligent Examination Platform (development)
2026-09-27 12:46:37 | INFO     | exam.app                     | Object storage ready: bucket exam-media
2026-09-27 12:46:37 | INFO     | exam.app                     | Session sweeper started (every 60s)
2026-09-27 12:46:38 | INFO     | exam.auth                    | Login: candidate-51adedb6@test.edu (candidate/approved, login=approved)
2026-09-27 12:46:38 | INFO     | exam.exam                    | Session 6b5aa1d7-a53d-4854-8a09-124ae5552c54 started: exam='Exam 57e535' candidate=e2a6ddd0-d19f-4f0f-9a8a-cb210b2e1359 questions=4 expires=2026-09-27T07:46:38.098332+00:00
2026-09-27 12:46:38 | INFO     | exam.app                     | Shutdown complete
2026-09-27 12:46:38 | INFO     | exam.app                     | Starting AI-Based Intelligent Examination Platform (development)
2026-09-27 12:46:38 | INFO     | exam.app                     | Object storage ready: bucket exam-media
2026-09-27 12:46:38 | INFO     | exam.app                     | Session sweeper started (every 60s)
2026-09-27 12:46:38 | INFO     | exam.auth                    | Login: candidate-1c64b119@test.edu (candidate/approved, login=approved)
2026-09-27 12:46:38 | INFO     | exam.exam                    | Session 14dc7f5b-a746-44d8-975b-7353ea29b220 started: exam='Exam c462cc' candidate=9b94c350-80f1-4a63-b6be-d7bced8849a3 questions=4 expires=2026-09-27T07:46:38.320363+00:00
2026-09-27 12:46:38 | WARNING  | exam.proctor                 | Session 14dc7f5b-a746-44d8-975b-7353ea29b220 flagged: score=106.9 tab_switches=0 left_exam=0
2026-09-27 12:46:38 | INFO     | exam.exam                    | Session 14dc7f5b-a746-44d8-975b-7353ea29b220 finalised as terminated: 0 auto-scored, 0 queued for review
2026-09-27 12:46:38 | WARNING  | exam.proctor                 | Session 14dc7f5b-a746-44d8-975b-7353ea29b220 TERMINATED at score 106.9
2026-09-27 12:46:38 | INFO     | exam.app                     | Shutdown complete
2026-09-27 12:46:38 | INFO     | exam.app                     | Starting AI-Based Intelligent Examination Platform (development)
2026-09-27 12:46:38 | INFO     | exam.app                     | Object storage ready: bucket exam-media
2026-09-27 12:46:38 | INFO     | exam.app                     | Session sweeper started (every 60s)
2026-09-27 12:46:38 | INFO     | exam.auth                    | Login: candidate-8769cba9@test.edu (candidate/approved, login=approved)
2026-09-27 12:46:38 | INFO     | exam.exam                    | Session ae2e39f3-6df8-432a-adff-6a319fba0521 started: exam='Exam 87b899' candidate=361d6bdb-4935-4f33-b8b7-ae79a6f9fb7d questions=4 expires=2026-09-27T07:46:38.609350+00:00
2026-09-27 12:46:38 | INFO     | exam.auth                    | Login: examiner-8b534e66@test.edu (examiner/approved)
2026-09-27 12:46:38 | INFO     | exam.app                     | Shutdown complete
2026-09-27 12:46:38 | INFO     | exam.app                     | Starting AI-Based Intelligent Examination Platform (development)
2026-09-27 12:46:38 | INFO     | exam.app                     | Object storage ready: bucket exam-media
2026-09-27 12:46:38 | INFO     | exam.app                     | Session sweeper started (every 60s)
2026-09-27 12:46:38 | INFO     | exam.auth                    | Login: candidate-ced7c055@test.edu (candidate/approved, login=approved)
2026-09-27 12:46:38 | INFO     | exam.exam                    | Session 9eea040c-3da7-44e0-90c3-0e329010aec0 started: exam='Exam a94748' candidate=b21577e1-9ea1-4bdf-9908-70af3b23b1f6 questions=4 expires=2026-09-27T07:46:38.935322+00:00
2026-09-27 12:46:38 | WARNING  | exam.auth                    | Role denied: candidate-ced7c055@test.edu (candidate) tried a examiner/admin-only route
2026-09-27 12:46:38 | INFO     | exam.app                     | Shutdown complete
2026-09-27 12:46:38 | INFO     | exam.app                     | Starting AI-Based Intelligent Examination Platform (development)
2026-09-27 12:46:38 | INFO     | exam.app                     | Object storage ready: bucket exam-media
2026-09-27 12:46:38 | INFO     | exam.app                     | Session sweeper started (every 60s)
2026-09-27 12:46:39 | INFO     | exam.auth                    | Login: candidate-14aa177b@test.edu (candidate/approved, login=approved)
2026-09-27 12:46:39 | INFO     | exam.exam                    | Session ca72cf05-fefc-4698-815d-9c4ad161da03 started: exam='Exam b3a9da' candidate=042d1ade-4161-4c13-b468-3d35ad72170b questions=4 expires=2026-09-27T07:46:39.146021+00:00
2026-09-27 12:46:39 | INFO     | exam.exam                    | Session ca72cf05-fefc-4698-815d-9c4ad161da03 finalised as submitted: 3 auto-scored, 1 queued for review
2026-09-27 12:46:39 | INFO     | exam.app                     | Shutdown complete
2026-09-27 12:46:39 | INFO     | exam.app                     | Starting AI-Based Intelligent Examination Platform (development)
2026-09-27 12:46:39 | INFO     | exam.app                     | Object storage ready: bucket exam-media
2026-09-27 12:46:39 | INFO     | exam.app                     | Session sweeper started (every 60s)
2026-09-27 12:46:39 | INFO     | exam.auth                    | Login: candidate-4c0cd7a9@test.edu (candidate/approved, login=approved)
2026-09-27 12:46:39 | INFO     | exam.exam                    | Session 8f5cd554-36f7-4b0a-9681-3fc2cdf216fa started: exam='Exam c3e11e' candidate=d48210f6-c37c-4657-b69d-a24a03239c29 questions=4 expires=2026-09-27T07:46:39.485391+00:00
2026-09-27 12:46:39 | INFO     | exam.exam                    | Session 8f5cd554-36f7-4b0a-9681-3fc2cdf216fa finalised as submitted: 0 auto-scored, 1 queued for review
2026-09-27 12:46:39 | INFO     | exam.exam                    | Graded 1 subjective answer(s) in session 8f5cd554-36f7-4b0a-9681-3fc2cdf216fa
2026-09-27 12:46:39 | INFO     | exam.auth                    | Login: examiner-de342a06@test.edu (examiner/approved)
2026-09-27 12:46:39 | INFO     | exam.app                     | Shutdown complete
2026-09-27 12:46:39 | INFO     | exam.app                     | Starting AI-Based Intelligent Examination Platform (development)
2026-09-27 12:46:39 | INFO     | exam.app                     | Object storage ready: bucket exam-media
2026-09-27 12:46:39 | INFO     | exam.app                     | Session sweeper started (every 60s)
2026-09-27 12:46:39 | INFO     | exam.auth                    | Login: candidate-c45fbd80@test.edu (candidate/approved, login=approved)
2026-09-27 12:46:39 | INFO     | exam.exam                    | Session 2e7e985a-f2ae-402b-8072-f25f9a740602 started: exam='Exam a26d5b' candidate=36010175-7952-460b-9229-418dc8ef6e51 questions=4 expires=2026-09-27T07:46:39.868075+00:00
2026-09-27 12:46:39 | INFO     | exam.exam                    | Session 2e7e985a-f2ae-402b-8072-f25f9a740602 finalised as submitted: 0 auto-scored, 1 queued for review
2026-09-27 12:46:39 | INFO     | exam.exam                    | Graded 1 subjective answer(s) in session 2e7e985a-f2ae-402b-8072-f25f9a740602
2026-09-27 12:46:40 | INFO     | exam.auth                    | Login: examiner-e906870b@test.edu (examiner/approved)
2026-09-27 12:46:40 | INFO     | exam.grading                 | examiner-e906870b@test.edu graded answer 822de1fb-3925-4801-9033-1fd93cd7d4a3: 0.60 -> 4.50/5.00
2026-09-27 12:46:40 | INFO     | exam.app                     | Shutdown complete
2026-09-27 12:46:40 | INFO     | exam.app                     | Starting AI-Based Intelligent Examination Platform (development)
2026-09-27 12:46:40 | INFO     | exam.app                     | Object storage ready: bucket exam-media
2026-09-27 12:46:40 | INFO     | exam.app                     | Session sweeper started (every 60s)
2026-09-27 12:46:40 | INFO     | exam.auth                    | Login: candidate-f9a08193@test.edu (candidate/approved, login=approved)
2026-09-27 12:46:40 | INFO     | exam.exam                    | Session 9a659758-45e5-4c7c-b484-e7591ec8757a started: exam='Exam e2fb8c' candidate=e579b535-8765-40f6-ac18-6c69de29661c questions=4 expires=2026-09-27T07:46:40.253719+00:00
2026-09-27 12:46:40 | INFO     | exam.exam                    | Session 9a659758-45e5-4c7c-b484-e7591ec8757a finalised as submitted: 0 auto-scored, 1 queued for review
2026-09-27 12:46:40 | INFO     | exam.exam                    | Graded 1 subjective answer(s) in session 9a659758-45e5-4c7c-b484-e7591ec8757a
2026-09-27 12:46:40 | INFO     | exam.auth                    | Login: examiner-ccbe821d@test.edu (examiner/approved)
2026-09-27 12:46:40 | INFO     | exam.app                     | Shutdown complete
2026-09-27 12:46:40 | INFO     | exam.app                     | Starting AI-Based Intelligent Examination Platform (development)
2026-09-27 12:46:40 | INFO     | exam.app                     | Object storage ready: bucket exam-media
2026-09-27 12:46:40 | INFO     | exam.app                     | Session sweeper started (every 60s)
2026-09-27 12:46:40 | INFO     | exam.auth                    | Login: candidate-0f6f0957@test.edu (candidate/approved, login=approved)
2026-09-27 12:46:40 | INFO     | exam.exam                    | Session c2de0005-5c2e-4294-a2c3-cf0854902812 started: exam='Exam 63b224' candidate=649adc97-54d4-4a04-9933-c5f0aefeb6d2 questions=4 expires=2026-09-27T07:46:40.641880+00:00
2026-09-27 12:46:40 | INFO     | exam.exam                    | Session c2de0005-5c2e-4294-a2c3-cf0854902812 finalised as submitted: 0 auto-scored, 1 queued for review
2026-09-27 12:46:40 | INFO     | exam.auth                    | Login: examiner-96c947db@test.edu (examiner/approved)
2026-09-27 12:46:40 | INFO     | exam.app                     | Shutdown complete
2026-09-27 12:46:40 | INFO     | exam.app                     | Starting AI-Based Intelligent Examination Platform (development)
2026-09-27 12:46:40 | INFO     | exam.app                     | Object storage ready: bucket exam-media
2026-09-27 12:46:40 | INFO     | exam.app                     | Session sweeper started (every 60s)
2026-09-27 12:46:40 | INFO     | exam.auth                    | Login: candidate-066c583a@test.edu (candidate/approved, login=approved)
2026-09-27 12:46:41 | INFO     | exam.exam                    | Session fd84c44a-7761-4bc2-a7a1-7c51211197c1 started: exam='Exam d637c3' candidate=c77367a2-830a-46d4-989d-6ff7dec5d178 questions=4 expires=2026-09-27T07:46:40.997873+00:00
2026-09-27 12:46:41 | INFO     | exam.exam                    | Session fd84c44a-7761-4bc2-a7a1-7c51211197c1 finalised as submitted: 3 auto-scored, 1 queued for review
2026-09-27 12:46:41 | INFO     | exam.exam                    | Graded 1 subjective answer(s) in session fd84c44a-7761-4bc2-a7a1-7c51211197c1
2026-09-27 12:46:41 | INFO     | exam.auth                    | Login: examiner-0a662f13@test.edu (examiner/approved)
2026-09-27 12:46:41 | INFO     | exam.grading                 | examiner-0a662f13@test.edu graded answer de847a2c-f17b-4c63-89ce-9ed3333ef628: 0.75 -> 3.00/5.00
2026-09-27 12:46:41 | INFO     | exam.grading                 | examiner-0a662f13@test.edu published 1 result(s) for exam 'Exam d637c3' (0 withheld for malpractice)
2026-09-27 12:46:41 | INFO     | exam.app                     | Shutdown complete
2026-09-27 12:46:41 | INFO     | exam.app                     | Starting AI-Based Intelligent Examination Platform (development)
2026-09-27 12:46:41 | INFO     | exam.app                     | Object storage ready: bucket exam-media
2026-09-27 12:46:41 | INFO     | exam.app                     | Session sweeper started (every 60s)
2026-09-27 12:46:41 | INFO     | exam.auth                    | Login: candidate-0f642cad@test.edu (candidate/approved, login=approved)
2026-09-27 12:46:41 | INFO     | exam.exam                    | Session 6387ef3c-b7a8-4c93-86eb-8afa8c61318e started: exam='Exam 476e02' candidate=b87c51b1-2c0d-47ac-9254-10358b713f8e questions=4 expires=2026-09-27T07:46:41.503416+00:00
2026-09-27 12:46:41 | INFO     | exam.exam                    | Session 6387ef3c-b7a8-4c93-86eb-8afa8c61318e finalised as submitted: 0 auto-scored, 0 queued for review
2026-09-27 12:46:41 | INFO     | exam.exam                    | Graded 0 subjective answer(s) in session 6387ef3c-b7a8-4c93-86eb-8afa8c61318e
2026-09-27 12:46:41 | INFO     | exam.auth                    | Login: examiner-40ebb7b9@test.edu (examiner/approved)
2026-09-27 12:46:41 | INFO     | exam.grading                 | examiner-40ebb7b9@test.edu published 1 result(s) for exam 'Exam 476e02' (0 withheld for malpractice)
2026-09-27 12:46:41 | INFO     | exam.auth                    | Login: candidate-9872b760@test.edu (candidate/approved, login=approved)
2026-09-27 12:46:41 | INFO     | exam.app                     | Shutdown complete
2026-09-27 12:46:41 | INFO     | exam.app                     | Starting AI-Based Intelligent Examination Platform (development)
2026-09-27 12:46:41 | INFO     | exam.app                     | Object storage ready: bucket exam-media
2026-09-27 12:46:41 | INFO     | exam.app                     | Session sweeper started (every 60s)
2026-09-27 12:46:42 | INFO     | exam.auth                    | Login: candidate-3ab88142@test.edu (candidate/approved, login=approved)
2026-09-27 12:46:42 | INFO     | exam.exam                    | Session e601384a-44b2-4df5-a642-ede26aeea4c4 started: exam='Exam c57576' candidate=2e40fe04-04a7-4cdb-badf-ab9a8c4b482e questions=4 expires=2026-09-27T07:46:42.058800+00:00
2026-09-27 12:46:42 | INFO     | exam.exam                    | Session e601384a-44b2-4df5-a642-ede26aeea4c4 finalised as submitted: 0 auto-scored, 0 queued for review
2026-09-27 12:46:42 | INFO     | exam.app                     | Shutdown complete
2026-09-27 12:46:42 | INFO     | exam.app                     | Starting AI-Based Intelligent Examination Platform (development)
2026-09-27 12:46:42 | INFO     | exam.app                     | Object storage ready: bucket exam-media
2026-09-27 12:46:42 | INFO     | exam.app                     | Session sweeper started (every 60s)
2026-09-27 12:46:42 | INFO     | exam.auth                    | Login: examiner-e36c0b6c@test.edu (examiner/approved)
2026-09-27 12:46:42 | INFO     | exam.exams                   | examiner-e36c0b6c@test.edu created academic exam 'Tamil exam'
2026-09-27 12:46:42 | INFO     | exam.app                     | Shutdown complete
2026-09-27 12:46:42 | INFO     | exam.app                     | Starting AI-Based Intelligent Examination Platform (development)
2026-09-27 12:46:42 | INFO     | exam.app                     | Object storage ready: bucket exam-media
2026-09-27 12:46:42 | INFO     | exam.app                     | Session sweeper started (every 60s)
2026-09-27 12:46:42 | INFO     | exam.auth                    | Login: examiner-79515e77@test.edu (examiner/approved)
2026-09-27 12:46:42 | INFO     | exam.app                     | Shutdown complete
2026-09-27 12:46:42 | INFO     | exam.app                     | Starting AI-Based Intelligent Examination Platform (development)
2026-09-27 12:46:42 | INFO     | exam.app                     | Object storage ready: bucket exam-media
2026-09-27 12:46:42 | INFO     | exam.app                     | Session sweeper started (every 60s)
2026-09-27 12:46:42 | INFO     | exam.auth                    | Login: examiner-3b01096d@test.edu (examiner/approved)
2026-09-27 12:46:42 | INFO     | exam.app                     | Shutdown complete
2026-09-27 12:46:42 | INFO     | exam.app                     | Starting AI-Based Intelligent Examination Platform (development)
2026-09-27 12:46:42 | INFO     | exam.app                     | Object storage ready: bucket exam-media
2026-09-27 12:46:42 | INFO     | exam.app                     | Session sweeper started (every 60s)
2026-09-27 12:46:42 | INFO     | exam.auth                    | Login: examiner-8e8f4c89@test.edu (examiner/approved)
2026-09-27 12:46:42 | INFO     | exam.exams                   | examiner-8e8f4c89@test.edu updated exam c84105db-da17-4595-8e6e-26cf7a224d9a
2026-09-27 12:46:42 | INFO     | exam.app                     | Shutdown complete
2026-09-27 12:46:42 | INFO     | exam.app                     | Starting AI-Based Intelligent Examination Platform (development)
2026-09-27 12:46:42 | INFO     | exam.app                     | Object storage ready: bucket exam-media
2026-09-27 12:46:42 | INFO     | exam.app                     | Session sweeper started (every 60s)
2026-09-27 12:46:43 | INFO     | exam.auth                    | Login: candidate-caf7066d@test.edu (candidate/approved, login=approved)
2026-09-27 12:46:43 | INFO     | exam.exam                    | Session c9c2a3ba-bdb2-4308-9c76-a027a9d33127 started: exam='Exam 26c332' candidate=1c3b64b1-b186-4f70-a31a-5fd6850ca7d8 questions=1 expires=2026-09-27T07:46:43.146784+00:00
2026-09-27 12:46:43 | INFO     | exam.app                     | Shutdown complete
2026-09-27 12:46:43 | INFO     | exam.app                     | Starting AI-Based Intelligent Examination Platform (development)
2026-09-27 12:46:43 | INFO     | exam.app                     | Object storage ready: bucket exam-media
2026-09-27 12:46:43 | INFO     | exam.app                     | Session sweeper started (every 60s)
2026-09-27 12:46:43 | INFO     | exam.auth                    | Login: candidate-c7b88601@test.edu (candidate/approved, login=approved)
2026-09-27 12:46:43 | INFO     | exam.exam                    | Session af4ce993-e316-428b-8ece-cfa3e998c857 started: exam='Exam 8e2ee9' candidate=853ccc14-e364-43d6-a26a-4282dcc4ebb7 questions=1 expires=2026-09-27T07:46:43.343827+00:00
2026-09-27 12:46:43 | INFO     | exam.app                     | Shutdown complete
2026-09-27 12:46:43 | INFO     | exam.app                     | Starting AI-Based Intelligent Examination Platform (development)
2026-09-27 12:46:43 | INFO     | exam.app                     | Object storage ready: bucket exam-media
2026-09-27 12:46:43 | INFO     | exam.app                     | Session sweeper started (every 60s)
2026-09-27 12:46:43 | INFO     | exam.auth                    | Login: candidate-ae12885e@test.edu (candidate/approved, login=approved)
2026-09-27 12:46:43 | INFO     | exam.exam                    | Session 6c00cd7a-16e2-4d5d-ac9c-6e1b8f886b99 started: exam='Exam 9cb704' candidate=2ab394c3-dccd-4c1d-b310-06defe45ac58 questions=1 expires=2026-09-27T07:46:43.556824+00:00
2026-09-27 12:46:43 | INFO     | exam.app                     | Shutdown complete
2026-09-27 12:46:43 | INFO     | exam.app                     | Starting AI-Based Intelligent Examination Platform (development)
2026-09-27 12:46:43 | INFO     | exam.app                     | Object storage ready: bucket exam-media
2026-09-27 12:46:43 | INFO     | exam.app                     | Session sweeper started (every 60s)
2026-09-27 12:46:43 | INFO     | exam.auth                    | Login: candidate-b4051007@test.edu (candidate/approved, login=approved)
2026-09-27 12:46:43 | INFO     | exam.app                     | Shutdown complete
2026-09-27 12:46:43 | INFO     | exam.app                     | Starting AI-Based Intelligent Examination Platform (development)
2026-09-27 12:46:43 | INFO     | exam.app                     | Object storage ready: bucket exam-media
2026-09-27 12:46:43 | INFO     | exam.app                     | Session sweeper started (every 60s)
2026-09-27 12:46:43 | INFO     | exam.auth                    | Login: examiner-21c87a88@test.edu (examiner/approved)
2026-09-27 12:46:43 | INFO     | exam.app                     | Shutdown complete
2026-09-27 12:46:43 | INFO     | exam.app                     | Starting AI-Based Intelligent Examination Platform (development)
2026-09-27 12:46:43 | INFO     | exam.app                     | Object storage ready: bucket exam-media
2026-09-27 12:46:43 | INFO     | exam.app                     | Session sweeper started (every 60s)
2026-09-27 12:46:44 | INFO     | exam.auth                    | Login: examiner-b41f91fc@test.edu (examiner/approved)
2026-09-27 12:46:44 | INFO     | exam.app                     | Shutdown complete
2026-09-27 12:46:44 | INFO     | exam.app                     | Starting AI-Based Intelligent Examination Platform (development)
2026-09-27 12:46:44 | INFO     | exam.app                     | Object storage ready: bucket exam-media
2026-09-27 12:46:44 | INFO     | exam.app                     | Session sweeper started (every 60s)
2026-09-27 12:46:44 | INFO     | exam.auth                    | Login: examiner-1cabbaf3@test.edu (examiner/approved)
2026-09-27 12:46:44 | INFO     | exam.app                     | Shutdown complete
2026-09-27 12:46:44 | INFO     | exam.app                     | Starting AI-Based Intelligent Examination Platform (development)
2026-09-27 12:46:44 | INFO     | exam.app                     | Object storage ready: bucket exam-media
2026-09-27 12:46:44 | INFO     | exam.app                     | Session sweeper started (every 60s)
2026-09-27 12:46:44 | INFO     | exam.auth                    | Login: examiner-75407fe3@test.edu (examiner/approved)
2026-09-27 12:46:44 | INFO     | exam.app                     | Shutdown complete
2026-09-27 12:46:44 | INFO     | exam.app                     | Starting AI-Based Intelligent Examination Platform (development)
2026-09-27 12:46:44 | INFO     | exam.app                     | Object storage ready: bucket exam-media
2026-09-27 12:46:44 | INFO     | exam.app                     | Session sweeper started (every 60s)
2026-09-27 12:46:44 | INFO     | exam.auth                    | Login: examiner-33699f41@test.edu (examiner/approved)
2026-09-27 12:46:44 | INFO     | exam.exams                   | examiner-33699f41@test.edu created academic exam 'Language/subject validation exam'
2026-09-27 12:46:44 | INFO     | exam.app                     | Shutdown complete
2026-09-27 12:46:44 | INFO     | exam.app                     | Starting AI-Based Intelligent Examination Platform (development)
2026-09-27 12:46:44 | INFO     | exam.app                     | Object storage ready: bucket exam-media
2026-09-27 12:46:44 | INFO     | exam.app                     | Session sweeper started (every 60s)
2026-09-27 12:46:44 | INFO     | exam.auth                    | Login: examiner-d78baafb@test.edu (examiner/approved)
2026-09-27 12:46:44 | INFO     | exam.exams                   | examiner-d78baafb@test.edu created academic exam 'Language/subject validation exam'
2026-09-27 12:46:44 | INFO     | exam.app                     | Shutdown complete
2026-09-27 12:46:44 | INFO     | exam.app                     | Starting AI-Based Intelligent Examination Platform (development)
2026-09-27 12:46:44 | INFO     | exam.app                     | Object storage ready: bucket exam-media
2026-09-27 12:46:44 | INFO     | exam.app                     | Session sweeper started (every 60s)
2026-09-27 12:46:44 | INFO     | exam.auth                    | Login: examiner-8d7c851e@test.edu (examiner/approved)
2026-09-27 12:46:44 | INFO     | exam.exams                   | examiner-8d7c851e@test.edu created academic exam 'Language/subject validation exam'
2026-09-27 12:46:44 | INFO     | exam.app                     | Shutdown complete
2026-09-27 12:46:44 | INFO     | exam.app                     | Starting AI-Based Intelligent Examination Platform (development)
2026-09-27 12:46:44 | INFO     | exam.app                     | Object storage ready: bucket exam-media
2026-09-27 12:46:44 | INFO     | exam.app                     | Session sweeper started (every 60s)
2026-09-27 12:46:44 | INFO     | exam.auth                    | Login: examiner-5da30e6b@test.edu (examiner/approved)
2026-09-27 12:46:44 | INFO     | exam.exams                   | examiner-5da30e6b@test.edu updated exam 28849177-6052-4498-838a-fd25e379773f
2026-09-27 12:46:44 | INFO     | exam.app                     | Shutdown complete
2026-09-27 12:46:44 | INFO     | exam.app                     | Starting AI-Based Intelligent Examination Platform (development)
2026-09-27 12:46:44 | INFO     | exam.app                     | Object storage ready: bucket exam-media
2026-09-27 12:46:44 | INFO     | exam.app                     | Session sweeper started (every 60s)
2026-09-27 12:46:45 | INFO     | exam.auth                    | Login: examiner-b32de9ef@test.edu (examiner/approved)
2026-09-27 12:46:45 | INFO     | exam.exams                   | examiner-b32de9ef@test.edu reordered the pool of exam 7d265662-85a0-4472-abcf-8a2f28862d85
2026-09-27 12:46:45 | INFO     | exam.app                     | Shutdown complete
2026-09-27 12:46:45 | INFO     | exam.app                     | Starting AI-Based Intelligent Examination Platform (development)
2026-09-27 12:46:45 | INFO     | exam.app                     | Object storage ready: bucket exam-media
2026-09-27 12:46:45 | INFO     | exam.app                     | Session sweeper started (every 60s)
2026-09-27 12:46:45 | INFO     | exam.auth                    | Login: examiner-968a613d@test.edu (examiner/approved)
2026-09-27 12:46:45 | INFO     | exam.app                     | Shutdown complete
2026-09-27 12:46:45 | INFO     | exam.app                     | Starting AI-Based Intelligent Examination Platform (development)
2026-09-27 12:46:45 | INFO     | exam.app                     | Object storage ready: bucket exam-media
2026-09-27 12:46:45 | INFO     | exam.app                     | Session sweeper started (every 60s)
2026-09-27 12:46:45 | INFO     | exam.auth                    | Login: examiner-40a9a8ae@test.edu (examiner/approved)
2026-09-27 12:46:45 | INFO     | exam.app                     | Shutdown complete
2026-09-27 12:46:45 | INFO     | exam.app                     | Starting AI-Based Intelligent Examination Platform (development)
2026-09-27 12:46:45 | INFO     | exam.app                     | Object storage ready: bucket exam-media
2026-09-27 12:46:45 | INFO     | exam.app                     | Session sweeper started (every 60s)
2026-09-27 12:46:45 | INFO     | exam.auth                    | Login: examiner-8debf21c@test.edu (examiner/approved)
2026-09-27 12:46:45 | INFO     | exam.exams                   | examiner-8debf21c@test.edu updated exam b8b7c53f-7c3a-4185-b554-14bd1d0ee871
2026-09-27 12:46:45 | INFO     | exam.exams                   | examiner-8debf21c@test.edu added 1 question(s) to exam b8b7c53f-7c3a-4185-b554-14bd1d0ee871
2026-09-27 12:46:45 | INFO     | exam.app                     | Shutdown complete
2026-09-27 12:46:45 | INFO     | exam.app                     | Starting AI-Based Intelligent Examination Platform (development)
2026-09-27 12:46:45 | INFO     | exam.app                     | Object storage ready: bucket exam-media
2026-09-27 12:46:45 | INFO     | exam.app                     | Session sweeper started (every 60s)
2026-09-27 12:46:45 | INFO     | exam.auth                    | Login: examiner-c1c0d088@test.edu (examiner/approved)
2026-09-27 12:46:45 | INFO     | exam.app                     | Shutdown complete
2026-09-27 12:46:45 | INFO     | exam.app                     | Starting AI-Based Intelligent Examination Platform (development)
2026-09-27 12:46:45 | INFO     | exam.app                     | Object storage ready: bucket exam-media
2026-09-27 12:46:45 | INFO     | exam.app                     | Session sweeper started (every 60s)
2026-09-27 12:46:45 | INFO     | exam.auth                    | Login: examiner-ac4006df@test.edu (examiner/approved)
2026-09-27 12:46:45 | INFO     | exam.exams                   | examiner-ac4006df@test.edu added 3 question(s) to exam 27889536-9615-4be0-9f36-e8a6df628962
2026-09-27 12:46:46 | INFO     | exam.app                     | Shutdown complete
2026-09-27 12:46:46 | INFO     | exam.app                     | Starting AI-Based Intelligent Examination Platform (development)
2026-09-27 12:46:46 | INFO     | exam.app                     | Object storage ready: bucket exam-media
2026-09-27 12:46:46 | INFO     | exam.app                     | Session sweeper started (every 60s)
2026-09-27 12:46:46 | INFO     | exam.auth                    | Login: examiner-5335d21e@test.edu (examiner/approved)
2026-09-27 12:46:46 | INFO     | exam.exams                   | examiner-5335d21e@test.edu added 0 question(s) to exam 701baa99-946d-4717-9c3c-576c3155e8e0
2026-09-27 12:46:46 | INFO     | exam.app                     | Shutdown complete
2026-09-27 12:46:46 | INFO     | exam.app                     | Starting AI-Based Intelligent Examination Platform (development)
2026-09-27 12:46:46 | INFO     | exam.app                     | Object storage ready: bucket exam-media
2026-09-27 12:46:46 | INFO     | exam.app                     | Session sweeper started (every 60s)
2026-09-27 12:46:46 | INFO     | exam.auth                    | Login: examiner-6358944c@test.edu (examiner/approved)
2026-09-27 12:46:46 | INFO     | exam.auth                    | Login: candidate-b7fd5db6@test.edu (candidate/approved, login=approved)
2026-09-27 12:46:46 | INFO     | exam.exam                    | Session aa83747b-b025-4b19-aec6-4825ff652d39 started: exam='Exam 531779' candidate=b5ac8494-e571-4098-8226-5b20f0c835d0 questions=2 expires=2026-09-27T07:46:46.404086+00:00
2026-09-27 12:46:46 | INFO     | exam.app                     | Shutdown complete
2026-09-27 12:46:46 | INFO     | exam.app                     | Starting AI-Based Intelligent Examination Platform (development)
2026-09-27 12:46:46 | INFO     | exam.app                     | Object storage ready: bucket exam-media
2026-09-27 12:46:46 | INFO     | exam.app                     | Session sweeper started (every 60s)
2026-09-27 12:46:46 | INFO     | exam.auth                    | Login: examiner-f0cf765d@test.edu (examiner/approved)
2026-09-27 12:46:46 | INFO     | exam.app                     | Shutdown complete
2026-09-27 12:46:46 | INFO     | exam.app                     | Starting AI-Based Intelligent Examination Platform (development)
2026-09-27 12:46:46 | INFO     | exam.app                     | Object storage ready: bucket exam-media
2026-09-27 12:46:46 | INFO     | exam.app                     | Session sweeper started (every 60s)
2026-09-27 12:46:46 | INFO     | exam.auth                    | Login: examiner-7f825c3b@test.edu (examiner/approved)
2026-09-27 12:46:46 | INFO     | exam.app                     | Shutdown complete
2026-09-27 12:46:46 | INFO     | exam.app                     | Starting AI-Based Intelligent Examination Platform (development)
2026-09-27 12:46:46 | INFO     | exam.app                     | Object storage ready: bucket exam-media
2026-09-27 12:46:46 | INFO     | exam.app                     | Session sweeper started (every 60s)
2026-09-27 12:46:46 | INFO     | exam.auth                    | Login: examiner-465796bd@test.edu (examiner/approved)
2026-09-27 12:46:46 | INFO     | exam.questions               | examiner-465796bd@test.edu added a mcq question (bank)
2026-09-27 12:46:46 | INFO     | exam.app                     | Shutdown complete
2026-09-27 12:46:46 | INFO     | exam.app                     | Starting AI-Based Intelligent Examination Platform (development)
2026-09-27 12:46:46 | INFO     | exam.app                     | Object storage ready: bucket exam-media
2026-09-27 12:46:46 | INFO     | exam.app                     | Session sweeper started (every 60s)
2026-09-27 12:46:47 | INFO     | exam.auth                    | Login: examiner-afac790d@test.edu (examiner/approved)
2026-09-27 12:46:47 | INFO     | exam.questions               | examiner-afac790d@test.edu added a mcq question (exam-only)
2026-09-27 12:46:47 | INFO     | exam.app                     | Shutdown complete
2026-09-27 12:46:47 | INFO     | exam.app                     | Starting AI-Based Intelligent Examination Platform (development)
2026-09-27 12:46:47 | INFO     | exam.app                     | Object storage ready: bucket exam-media
2026-09-27 12:46:47 | INFO     | exam.app                     | Session sweeper started (every 60s)
2026-09-27 12:46:47 | INFO     | exam.auth                    | Login: examiner-35becc6f@test.edu (examiner/approved)
2026-09-27 12:46:47 | INFO     | exam.questions               | examiner-35becc6f@test.edu added a mcq question (exam-only)
2026-09-27 12:46:47 | INFO     | exam.app                     | Shutdown complete
2026-09-27 12:46:47 | INFO     | exam.app                     | Starting AI-Based Intelligent Examination Platform (development)
2026-09-27 12:46:47 | INFO     | exam.app                     | Object storage ready: bucket exam-media
2026-09-27 12:46:47 | INFO     | exam.app                     | Session sweeper started (every 60s)
2026-09-27 12:46:47 | INFO     | exam.auth                    | Login: examiner-e6b33004@test.edu (examiner/approved)
2026-09-27 12:46:47 | INFO     | exam.app                     | Shutdown complete
2026-09-27 12:46:47 | INFO     | exam.app                     | Starting AI-Based Intelligent Examination Platform (development)
2026-09-27 12:46:47 | INFO     | exam.app                     | Object storage ready: bucket exam-media
2026-09-27 12:46:47 | INFO     | exam.app                     | Session sweeper started (every 60s)
2026-09-27 12:46:47 | INFO     | exam.auth                    | Login: examiner-0d7f08de@test.edu (examiner/approved)
2026-09-27 12:46:47 | INFO     | exam.app                     | Shutdown complete
2026-09-27 12:46:47 | INFO     | exam.app                     | Starting AI-Based Intelligent Examination Platform (development)
2026-09-27 12:46:47 | INFO     | exam.app                     | Object storage ready: bucket exam-media
2026-09-27 12:46:47 | INFO     | exam.app                     | Session sweeper started (every 60s)
2026-09-27 12:46:47 | INFO     | exam.auth                    | Login: examiner-992ef965@test.edu (examiner/approved)
2026-09-27 12:46:47 | INFO     | exam.questions               | examiner-992ef965@test.edu added a mcq question (bank)
2026-09-27 12:46:47 | INFO     | exam.exams                   | examiner-992ef965@test.edu added 1 question(s) to exam b4f2d91c-a38e-42b9-9ddb-c65822b57f89
2026-09-27 12:46:47 | INFO     | exam.app                     | Shutdown complete
2026-09-27 12:46:47 | INFO     | exam.app                     | Starting AI-Based Intelligent Examination Platform (development)
2026-09-27 12:46:47 | INFO     | exam.app                     | Object storage ready: bucket exam-media
2026-09-27 12:46:47 | INFO     | exam.app                     | Session sweeper started (every 60s)
2026-09-27 12:46:47 | INFO     | exam.auth                    | Login: examiner-22cb2837@test.edu (examiner/approved)
2026-09-27 12:46:47 | INFO     | exam.app                     | Shutdown complete
2026-09-27 12:46:47 | INFO     | exam.app                     | Starting AI-Based Intelligent Examination Platform (development)
2026-09-27 12:46:47 | INFO     | exam.app                     | Object storage ready: bucket exam-media
2026-09-27 12:46:47 | INFO     | exam.app                     | Session sweeper started (every 60s)
2026-09-27 12:46:48 | INFO     | exam.auth                    | Login: examiner-de049c80@test.edu (examiner/approved)
2026-09-27 12:46:48 | INFO     | exam.app                     | Shutdown complete
2026-09-27 12:46:48 | INFO     | exam.app                     | Starting AI-Based Intelligent Examination Platform (development)
2026-09-27 12:46:48 | INFO     | exam.app                     | Object storage ready: bucket exam-media
2026-09-27 12:46:48 | INFO     | exam.app                     | Session sweeper started (every 60s)
2026-09-27 12:46:48 | INFO     | exam.auth                    | Login: examiner-23851909@test.edu (examiner/approved)
2026-09-27 12:46:48 | INFO     | exam.app                     | Shutdown complete
2026-09-27 12:46:48 | INFO     | exam.app                     | Starting AI-Based Intelligent Examination Platform (development)
2026-09-27 12:46:48 | INFO     | exam.app                     | Object storage ready: bucket exam-media
2026-09-27 12:46:48 | INFO     | exam.app                     | Session sweeper started (every 60s)
2026-09-27 12:46:48 | INFO     | exam.auth                    | Login: admin-c228f1b9@test.edu (admin/approved)
2026-09-27 12:46:48 | INFO     | exam.questions               | admin-c228f1b9@test.edu updated question 96f6d421-504e-41fb-8b6a-ac01b1ee7b64
2026-09-27 12:46:48 | INFO     | exam.app                     | Shutdown complete
2026-09-27 12:46:48 | INFO     | exam.app                     | Starting AI-Based Intelligent Examination Platform (development)
2026-09-27 12:46:48 | INFO     | exam.app                     | Object storage ready: bucket exam-media
2026-09-27 12:46:48 | INFO     | exam.app                     | Session sweeper started (every 60s)
2026-09-27 12:46:48 | INFO     | exam.auth                    | Login: examiner-45b496c0@test.edu (examiner/approved)
2026-09-27 12:46:48 | INFO     | exam.questions               | examiner-45b496c0@test.edu duplicated question 5c0f9d33-29a5-407a-b84d-07585d709815
2026-09-27 12:46:48 | INFO     | exam.app                     | Shutdown complete
2026-09-27 12:46:48 | INFO     | exam.app                     | Starting AI-Based Intelligent Examination Platform (development)
2026-09-27 12:46:48 | INFO     | exam.app                     | Object storage ready: bucket exam-media
2026-09-27 12:46:48 | INFO     | exam.app                     | Session sweeper started (every 60s)
2026-09-27 12:46:48 | INFO     | exam.auth                    | Login: examiner-90a4d73b@test.edu (examiner/approved)
2026-09-27 12:46:48 | INFO     | exam.questions               | examiner-90a4d73b@test.edu duplicated question 0814c31f-b4d5-49b0-a75b-bd1ea12cc0a2
2026-09-27 12:46:48 | INFO     | exam.app                     | Shutdown complete
2026-09-27 12:46:48 | INFO     | exam.app                     | Starting AI-Based Intelligent Examination Platform (development)
2026-09-27 12:46:48 | INFO     | exam.app                     | Object storage ready: bucket exam-media
2026-09-27 12:46:48 | INFO     | exam.app                     | Session sweeper started (every 60s)
2026-09-27 12:46:48 | INFO     | exam.auth                    | Login: examiner-9a95330e@test.edu (examiner/approved)
2026-09-27 12:46:49 | INFO     | exam.app                     | Shutdown complete
2026-09-27 12:46:49 | INFO     | exam.app                     | Starting AI-Based Intelligent Examination Platform (development)
2026-09-27 12:46:49 | INFO     | exam.app                     | Object storage ready: bucket exam-media
2026-09-27 12:46:49 | INFO     | exam.app                     | Session sweeper started (every 60s)
2026-09-27 12:46:49 | INFO     | exam.auth                    | Login: examiner-eb73fb6b@test.edu (examiner/approved)
2026-09-27 12:46:49 | INFO     | exam.app                     | Shutdown complete
2026-09-27 12:46:49 | INFO     | exam.app                     | Starting AI-Based Intelligent Examination Platform (development)
2026-09-27 12:46:49 | INFO     | exam.app                     | Object storage ready: bucket exam-media
2026-09-27 12:46:49 | INFO     | exam.app                     | Session sweeper started (every 60s)
2026-09-27 12:46:49 | INFO     | exam.auth                    | Login: examiner-bc592250@test.edu (examiner/approved)
2026-09-27 12:46:49 | INFO     | exam.app                     | Shutdown complete
2026-09-27 12:46:49 | INFO     | exam.app                     | Starting AI-Based Intelligent Examination Platform (development)
2026-09-27 12:46:49 | INFO     | exam.app                     | Object storage ready: bucket exam-media
2026-09-27 12:46:49 | INFO     | exam.app                     | Session sweeper started (every 60s)
2026-09-27 12:46:49 | INFO     | exam.auth                    | Login: examiner-59e08734@test.edu (examiner/approved)
2026-09-27 12:46:49 | INFO     | exam.questions               | examiner-59e08734@test.edu added a true_false question (exam-only)
2026-09-27 12:46:49 | WARNING  | exam.exams                   | examiner-59e08734@test.edu deleted exam 'Exam 441510'
2026-09-27 12:46:49 | INFO     | exam.app                     | Shutdown complete
2026-09-27 12:46:49 | INFO     | exam.app                     | Starting AI-Based Intelligent Examination Platform (development)
2026-09-27 12:46:49 | INFO     | exam.app                     | Object storage ready: bucket exam-media
2026-09-27 12:46:49 | INFO     | exam.app                     | Session sweeper started (every 60s)
2026-09-27 12:46:49 | INFO     | exam.auth                    | Login: examiner-4b79fd45@test.edu (examiner/approved)
2026-09-27 12:46:49 | INFO     | exam.app                     | Shutdown complete
2026-09-27 12:46:49 | INFO     | exam.app                     | Starting AI-Based Intelligent Examination Platform (development)
2026-09-27 12:46:49 | INFO     | exam.app                     | Object storage ready: bucket exam-media
2026-09-27 12:46:49 | INFO     | exam.app                     | Session sweeper started (every 60s)
2026-09-27 12:46:50 | INFO     | exam.auth                    | Login: examiner-539799f4@test.edu (examiner/approved)
2026-09-27 12:46:50 | INFO     | exam.app                     | Shutdown complete
2026-09-27 12:46:50 | INFO     | exam.app                     | Starting AI-Based Intelligent Examination Platform (development)
2026-09-27 12:46:50 | INFO     | exam.app                     | Object storage ready: bucket exam-media
2026-09-27 12:46:50 | INFO     | exam.app                     | Session sweeper started (every 60s)
2026-09-27 12:46:50 | INFO     | exam.auth                    | Login: examiner-155eba8c@test.edu (examiner/approved)
2026-09-27 12:46:50 | INFO     | exam.app                     | Shutdown complete
2026-09-27 12:46:50 | INFO     | exam.app                     | Starting AI-Based Intelligent Examination Platform (development)
2026-09-27 12:46:50 | INFO     | exam.app                     | Object storage ready: bucket exam-media
2026-09-27 12:46:50 | INFO     | exam.app                     | Session sweeper started (every 60s)
2026-09-27 12:46:50 | INFO     | exam.auth                    | Login: examiner-c7b1b70c@test.edu (examiner/approved)
2026-09-27 12:46:50 | INFO     | exam.app                     | Shutdown complete
2026-09-27 12:46:50 | INFO     | exam.app                     | Starting AI-Based Intelligent Examination Platform (development)
2026-09-27 12:46:50 | INFO     | exam.app                     | Object storage ready: bucket exam-media
2026-09-27 12:46:50 | INFO     | exam.app                     | Session sweeper started (every 60s)
2026-09-27 12:46:50 | INFO     | exam.auth                    | Login: examiner-26d904a2@test.edu (examiner/approved)
2026-09-27 12:46:50 | INFO     | exam.auth                    | Login: examiner-a036257a@test.edu (examiner/approved)
2026-09-27 12:46:50 | INFO     | exam.app                     | Shutdown complete
2026-09-27 12:46:50 | INFO     | exam.app                     | Starting AI-Based Intelligent Examination Platform (development)
2026-09-27 12:46:50 | INFO     | exam.app                     | Object storage ready: bucket exam-media
2026-09-27 12:46:50 | INFO     | exam.app                     | Session sweeper started (every 60s)
2026-09-27 12:46:51 | INFO     | exam.auth                    | Login: admin-e739e418@test.edu (admin/approved)
2026-09-27 12:46:51 | INFO     | exam.app                     | Shutdown complete
2026-09-27 12:46:51 | INFO     | exam.app                     | Starting AI-Based Intelligent Examination Platform (development)
2026-09-27 12:46:51 | INFO     | exam.app                     | Object storage ready: bucket exam-media
2026-09-27 12:46:51 | INFO     | exam.app                     | Session sweeper started (every 60s)
2026-09-27 12:46:51 | INFO     | exam.auth                    | Login: examiner-a338559b@test.edu (examiner/approved)
2026-09-27 12:46:51 | INFO     | exam.app                     | Shutdown complete
2026-09-27 12:46:51 | INFO     | exam.app                     | Starting AI-Based Intelligent Examination Platform (development)
2026-09-27 12:46:51 | INFO     | exam.app                     | Object storage ready: bucket exam-media
2026-09-27 12:46:51 | INFO     | exam.app                     | Session sweeper started (every 60s)
2026-09-27 12:46:51 | INFO     | exam.auth                    | Login: examiner-bbe50750@test.edu (examiner/approved)
2026-09-27 12:46:51 | INFO     | exam.app                     | Shutdown complete
2026-09-27 12:46:51 | INFO     | exam.app                     | Starting AI-Based Intelligent Examination Platform (development)
2026-09-27 12:46:51 | INFO     | exam.app                     | Object storage ready: bucket exam-media
2026-09-27 12:46:51 | INFO     | exam.app                     | Session sweeper started (every 60s)
2026-09-27 12:46:52 | INFO     | exam.auth                    | Login: examiner-a5539615@test.edu (examiner/approved)
2026-09-27 12:46:52 | INFO     | exam.app                     | Shutdown complete
2026-09-27 12:46:52 | INFO     | exam.app                     | Starting AI-Based Intelligent Examination Platform (development)
2026-09-27 12:46:52 | INFO     | exam.app                     | Object storage ready: bucket exam-media
2026-09-27 12:46:52 | INFO     | exam.app                     | Session sweeper started (every 60s)
2026-09-27 12:46:52 | INFO     | exam.auth                    | Login: examiner-6922366f@test.edu (examiner/approved)
2026-09-27 12:46:52 | INFO     | exam.app                     | Shutdown complete
2026-09-27 12:46:52 | INFO     | exam.app                     | Starting AI-Based Intelligent Examination Platform (development)
2026-09-27 12:46:52 | INFO     | exam.app                     | Object storage ready: bucket exam-media
2026-09-27 12:46:52 | INFO     | exam.app                     | Session sweeper started (every 60s)
2026-09-27 12:46:52 | INFO     | exam.auth                    | Login: examiner-f917bdbc@test.edu (examiner/approved)
2026-09-27 12:46:52 | INFO     | exam.app                     | Shutdown complete
2026-09-27 12:46:52 | INFO     | exam.app                     | Starting AI-Based Intelligent Examination Platform (development)
2026-09-27 12:46:52 | INFO     | exam.app                     | Object storage ready: bucket exam-media
2026-09-27 12:46:52 | INFO     | exam.app                     | Session sweeper started (every 60s)
2026-09-27 12:46:52 | INFO     | exam.auth                    | Login: examiner-89cc18ac@test.edu (examiner/approved)
2026-09-27 12:46:52 | INFO     | exam.app                     | Shutdown complete
2026-09-27 12:46:52 | INFO     | exam.app                     | Starting AI-Based Intelligent Examination Platform (development)
2026-09-27 12:46:52 | INFO     | exam.app                     | Object storage ready: bucket exam-media
2026-09-27 12:46:52 | INFO     | exam.app                     | Session sweeper started (every 60s)
2026-09-27 12:46:53 | INFO     | exam.auth                    | Login: examiner-ce76f23b@test.edu (examiner/approved)
2026-09-27 12:46:53 | INFO     | exam.app                     | Shutdown complete
2026-09-27 12:46:53 | INFO     | exam.app                     | Starting AI-Based Intelligent Examination Platform (development)
2026-09-27 12:46:53 | INFO     | exam.app                     | Object storage ready: bucket exam-media
2026-09-27 12:46:53 | INFO     | exam.app                     | Session sweeper started (every 60s)
2026-09-27 12:46:53 | INFO     | exam.auth                    | Login: examiner-5a680d83@test.edu (examiner/approved)
2026-09-27 12:46:53 | INFO     | exam.app                     | Shutdown complete
2026-09-27 12:46:53 | INFO     | exam.app                     | Starting AI-Based Intelligent Examination Platform (development)
2026-09-27 12:46:53 | INFO     | exam.app                     | Object storage ready: bucket exam-media
2026-09-27 12:46:53 | INFO     | exam.app                     | Session sweeper started (every 60s)
2026-09-27 12:46:53 | INFO     | exam.auth                    | Login: examiner-61b9049c@test.edu (examiner/approved)
2026-09-27 12:46:53 | INFO     | exam.app                     | Shutdown complete
2026-09-27 12:46:53 | INFO     | exam.app                     | Starting AI-Based Intelligent Examination Platform (development)
2026-09-27 12:46:53 | INFO     | exam.app                     | Object storage ready: bucket exam-media
2026-09-27 12:46:53 | INFO     | exam.app                     | Session sweeper started (every 60s)
2026-09-27 12:46:54 | INFO     | exam.auth                    | Login: examiner-72decd46@test.edu (examiner/approved)
2026-09-27 12:46:54 | INFO     | exam.app                     | Shutdown complete
2026-09-27 12:46:54 | INFO     | exam.app                     | Starting AI-Based Intelligent Examination Platform (development)
2026-09-27 12:46:54 | INFO     | exam.app                     | Object storage ready: bucket exam-media
2026-09-27 12:46:54 | INFO     | exam.app                     | Session sweeper started (every 60s)
2026-09-27 12:46:54 | INFO     | exam.auth                    | Login: examiner-f514b053@test.edu (examiner/approved)
2026-09-27 12:46:54 | INFO     | exam.app                     | Shutdown complete
2026-09-27 12:46:54 | INFO     | exam.app                     | Starting AI-Based Intelligent Examination Platform (development)
2026-09-27 12:46:54 | INFO     | exam.app                     | Object storage ready: bucket exam-media
2026-09-27 12:46:54 | INFO     | exam.app                     | Session sweeper started (every 60s)
2026-09-27 12:46:54 | INFO     | exam.auth                    | Login: admin-fcfb6bc3@test.edu (admin/approved)
2026-09-27 12:46:54 | INFO     | exam.app                     | Shutdown complete
2026-09-27 12:46:54 | INFO     | exam.app                     | Starting AI-Based Intelligent Examination Platform (development)
2026-09-27 12:46:54 | INFO     | exam.app                     | Object storage ready: bucket exam-media
2026-09-27 12:46:54 | INFO     | exam.app                     | Session sweeper started (every 60s)
2026-09-27 12:46:55 | INFO     | exam.auth                    | Login: examiner-d68cab96@test.edu (examiner/approved)
2026-09-27 12:46:55 | INFO     | exam.app                     | Shutdown complete
2026-09-27 12:46:55 | INFO     | exam.app                     | Starting AI-Based Intelligent Examination Platform (development)
2026-09-27 12:46:55 | INFO     | exam.app                     | Object storage ready: bucket exam-media
2026-09-27 12:46:55 | INFO     | exam.app                     | Session sweeper started (every 60s)
2026-09-27 12:46:55 | INFO     | exam.auth                    | Login: candidate-d7d5e90b@test.edu (candidate/approved, login=approved)
2026-09-27 12:46:55 | WARNING  | exam.auth                    | Role denied: candidate-d7d5e90b@test.edu (candidate) tried a examiner/admin-only route
2026-09-27 12:46:55 | INFO     | exam.app                     | Shutdown complete
2026-09-27 12:46:55 | INFO     | exam.app                     | Starting AI-Based Intelligent Examination Platform (development)
2026-09-27 12:46:55 | INFO     | exam.app                     | Object storage ready: bucket exam-media
2026-09-27 12:46:55 | INFO     | exam.app                     | Session sweeper started (every 60s)
2026-09-27 12:46:55 | INFO     | exam.auth                    | Login: candidate-b3a09e2c@test.edu (candidate/approved, login=approved)
2026-09-27 12:46:55 | INFO     | exam.exam                    | Session 504aea06-3c35-4eaa-b868-b3d2478987a2 started: exam='Exam a45d55' candidate=0e399b9b-99aa-4829-87cb-e1528d0b1eca questions=2 expires=2026-09-27T07:46:55.489184+00:00
2026-09-27 12:46:55 | INFO     | exam.auth                    | Login: candidate-b3a09e2c@test.edu (candidate/approved, login=approved)
2026-09-27 12:46:55 | INFO     | exam.app                     | Shutdown complete
2026-09-27 12:46:55 | INFO     | exam.app                     | Starting AI-Based Intelligent Examination Platform (development)
2026-09-27 12:46:55 | INFO     | exam.app                     | Object storage ready: bucket exam-media
2026-09-27 12:46:55 | INFO     | exam.app                     | Session sweeper started (every 60s)
2026-09-27 12:46:55 | INFO     | exam.auth                    | Login: candidate-0c532c55@test.edu (candidate/approved, login=approved)
2026-09-27 12:46:55 | INFO     | exam.exam                    | Session 893876aa-e18f-4c9d-8ee0-70bef828e029 started: exam='Exam 56acef' candidate=e313cc8e-7aea-454a-92a3-8155b23b0eaa questions=2 expires=2026-09-27T07:46:55.773219+00:00
2026-09-27 12:46:55 | INFO     | exam.auth                    | Login: candidate-0c532c55@test.edu (candidate/approved, login=approved)
2026-09-27 12:46:55 | INFO     | exam.app                     | Shutdown complete
2026-09-27 12:46:55 | INFO     | exam.app                     | Starting AI-Based Intelligent Examination Platform (development)
2026-09-27 12:46:55 | INFO     | exam.app                     | Object storage ready: bucket exam-media
2026-09-27 12:46:55 | INFO     | exam.app                     | Session sweeper started (every 60s)
2026-09-27 12:46:56 | INFO     | exam.auth                    | Login: candidate-31a3802f@test.edu (candidate/approved, login=approved)
2026-09-27 12:46:56 | INFO     | exam.exam                    | Session faa8ec4b-d084-4630-8053-581e4581fa5e started: exam='Exam 08ccb4' candidate=938dfa82-9129-468b-b51f-0cc151942825 questions=2 expires=2026-09-27T07:46:56.065903+00:00
2026-09-27 12:46:56 | INFO     | exam.auth                    | Login: candidate-31a3802f@test.edu (candidate/approved, login=approved)
2026-09-27 12:46:56 | WARNING  | exam.proctor                 | Session faa8ec4b-d084-4630-8053-581e4581fa5e flagged: score=23.1 tab_switches=3 left_exam=3
2026-09-27 12:46:56 | INFO     | exam.exam                    | Session faa8ec4b-d084-4630-8053-581e4581fa5e finalised as auto_submitted: 0 auto-scored, 0 queued for review
2026-09-27 12:46:56 | WARNING  | exam.proctor                 | Session faa8ec4b-d084-4630-8053-581e4581fa5e AUTO-SUBMITTED after 3 focus violation(s)
2026-09-27 12:46:56 | INFO     | exam.app                     | Shutdown complete
2026-09-27 12:46:56 | INFO     | exam.app                     | Starting AI-Based Intelligent Examination Platform (development)
2026-09-27 12:46:56 | INFO     | exam.app                     | Object storage ready: bucket exam-media
2026-09-27 12:46:56 | INFO     | exam.app                     | Session sweeper started (every 60s)
2026-09-27 12:46:56 | INFO     | exam.auth                    | Login: candidate-6c9323d2@test.edu (candidate/approved, login=approved)
2026-09-27 12:46:56 | INFO     | exam.exam                    | Session 63102f84-001a-4282-98ac-afb146f8e25a started: exam='Exam 1c2a45' candidate=9be074d5-4fdf-4080-9a69-1e6d46d58bdf questions=2 expires=2026-09-27T07:46:56.439539+00:00
2026-09-27 12:46:56 | INFO     | exam.auth                    | Login: candidate-6c9323d2@test.edu (candidate/approved, login=approved)
2026-09-27 12:46:56 | WARNING  | exam.proctor                 | Session 63102f84-001a-4282-98ac-afb146f8e25a flagged: score=24.0 tab_switches=1 left_exam=3
2026-09-27 12:46:56 | INFO     | exam.exam                    | Session 63102f84-001a-4282-98ac-afb146f8e25a finalised as auto_submitted: 0 auto-scored, 0 queued for review
2026-09-27 12:46:56 | WARNING  | exam.proctor                 | Session 63102f84-001a-4282-98ac-afb146f8e25a AUTO-SUBMITTED after 3 focus violation(s)
2026-09-27 12:46:56 | INFO     | exam.app                     | Shutdown complete
2026-09-27 12:46:56 | INFO     | exam.app                     | Starting AI-Based Intelligent Examination Platform (development)
2026-09-27 12:46:56 | INFO     | exam.app                     | Object storage ready: bucket exam-media
2026-09-27 12:46:56 | INFO     | exam.app                     | Session sweeper started (every 60s)
2026-09-27 12:46:56 | INFO     | exam.auth                    | Login: candidate-bb83fc07@test.edu (candidate/approved, login=approved)
2026-09-27 12:46:56 | INFO     | exam.exam                    | Session 7431fd94-0784-4193-bed8-53d82f5a852a started: exam='Exam 7cbd05' candidate=1afd4ac1-769d-46f8-be3a-ba985b80b9c6 questions=2 expires=2026-09-27T07:46:56.817476+00:00
2026-09-27 12:46:56 | INFO     | exam.auth                    | Login: candidate-bb83fc07@test.edu (candidate/approved, login=approved)
2026-09-27 12:46:56 | WARNING  | exam.proctor                 | Session 7431fd94-0784-4193-bed8-53d82f5a852a flagged: score=23.1 tab_switches=3 left_exam=3
2026-09-27 12:46:56 | INFO     | exam.exam                    | Session 7431fd94-0784-4193-bed8-53d82f5a852a finalised as auto_submitted: 0 auto-scored, 0 queued for review
2026-09-27 12:46:56 | WARNING  | exam.proctor                 | Session 7431fd94-0784-4193-bed8-53d82f5a852a AUTO-SUBMITTED after 3 focus violation(s)
2026-09-27 12:46:57 | INFO     | exam.app                     | Shutdown complete
2026-09-27 12:46:57 | INFO     | exam.app                     | Starting AI-Based Intelligent Examination Platform (development)
2026-09-27 12:46:57 | INFO     | exam.app                     | Object storage ready: bucket exam-media
2026-09-27 12:46:57 | INFO     | exam.app                     | Session sweeper started (every 60s)
2026-09-27 12:46:57 | INFO     | exam.auth                    | Login: candidate-2f9078a5@test.edu (candidate/approved, login=approved)
2026-09-27 12:46:57 | INFO     | exam.exam                    | Session ba0ab559-63c8-4388-931c-3144b11edb1f started: exam='Exam 626344' candidate=fbf1bb6e-3ca8-40b8-b9df-5874b0aada50 questions=2 expires=2026-09-27T07:46:57.211001+00:00
2026-09-27 12:46:57 | INFO     | exam.auth                    | Login: candidate-2f9078a5@test.edu (candidate/approved, login=approved)
2026-09-27 12:46:57 | WARNING  | exam.proctor                 | Session ba0ab559-63c8-4388-931c-3144b11edb1f flagged: score=23.1 tab_switches=3 left_exam=3
2026-09-27 12:46:57 | INFO     | exam.exam                    | Session ba0ab559-63c8-4388-931c-3144b11edb1f finalised as auto_submitted: 1 auto-scored, 1 queued for review
2026-09-27 12:46:57 | WARNING  | exam.proctor                 | Session ba0ab559-63c8-4388-931c-3144b11edb1f AUTO-SUBMITTED after 3 focus violation(s)
2026-09-27 12:46:57 | INFO     | exam.app                     | Shutdown complete
2026-09-27 12:46:57 | INFO     | exam.app                     | Starting AI-Based Intelligent Examination Platform (development)
2026-09-27 12:46:57 | INFO     | exam.app                     | Object storage ready: bucket exam-media
2026-09-27 12:46:57 | INFO     | exam.app                     | Session sweeper started (every 60s)
2026-09-27 12:46:57 | INFO     | exam.auth                    | Login: candidate-82945480@test.edu (candidate/approved, login=approved)
2026-09-27 12:46:57 | INFO     | exam.exam                    | Session acbdf04d-1640-41d5-be28-7cead8833bec started: exam='Exam 4c10c9' candidate=e5600113-e201-4f24-b3ab-e2dc9f9f3fad questions=2 expires=2026-09-27T07:46:57.566342+00:00
2026-09-27 12:46:57 | INFO     | exam.auth                    | Login: candidate-82945480@test.edu (candidate/approved, login=approved)
2026-09-27 12:46:57 | WARNING  | exam.proctor                 | Session acbdf04d-1640-41d5-be28-7cead8833bec flagged: score=23.1 tab_switches=3 left_exam=3
2026-09-27 12:46:57 | INFO     | exam.exam                    | Session acbdf04d-1640-41d5-be28-7cead8833bec finalised as auto_submitted: 1 auto-scored, 1 queued for review
2026-09-27 12:46:57 | WARNING  | exam.proctor                 | Session acbdf04d-1640-41d5-be28-7cead8833bec AUTO-SUBMITTED after 3 focus violation(s)
2026-09-27 12:46:57 | INFO     | exam.app                     | Shutdown complete
2026-09-27 12:46:57 | INFO     | exam.app                     | Starting AI-Based Intelligent Examination Platform (development)
2026-09-27 12:46:57 | INFO     | exam.app                     | Object storage ready: bucket exam-media
2026-09-27 12:46:57 | INFO     | exam.app                     | Session sweeper started (every 60s)
2026-09-27 12:46:57 | INFO     | exam.auth                    | Login: candidate-471fe337@test.edu (candidate/approved, login=approved)
2026-09-27 12:46:57 | INFO     | exam.exam                    | Session 4074471e-777d-4c49-a5b2-ad8205fc0b61 started: exam='Exam 9a40d9' candidate=4fbbcf43-5a63-474a-8655-89ee22a1d52b questions=2 expires=2026-09-27T07:46:57.942589+00:00
2026-09-27 12:46:58 | INFO     | exam.auth                    | Login: candidate-471fe337@test.edu (candidate/approved, login=approved)
2026-09-27 12:46:58 | WARNING  | exam.proctor                 | Session 4074471e-777d-4c49-a5b2-ad8205fc0b61 flagged: score=23.1 tab_switches=3 left_exam=3
2026-09-27 12:46:58 | INFO     | exam.exam                    | Session 4074471e-777d-4c49-a5b2-ad8205fc0b61 finalised as auto_submitted: 1 auto-scored, 1 queued for review
2026-09-27 12:46:58 | WARNING  | exam.proctor                 | Session 4074471e-777d-4c49-a5b2-ad8205fc0b61 AUTO-SUBMITTED after 3 focus violation(s)
2026-09-27 12:46:58 | INFO     | exam.app                     | Shutdown complete
2026-09-27 12:46:58 | INFO     | exam.app                     | Starting AI-Based Intelligent Examination Platform (development)
2026-09-27 12:46:58 | INFO     | exam.app                     | Object storage ready: bucket exam-media
2026-09-27 12:46:58 | INFO     | exam.app                     | Session sweeper started (every 60s)
2026-09-27 12:46:58 | INFO     | exam.auth                    | Login: candidate-b6f6210e@test.edu (candidate/approved, login=approved)
2026-09-27 12:46:58 | INFO     | exam.exam                    | Session a7792978-78d7-4b14-b6e7-6443c517673d started: exam='Exam 859dec' candidate=7ba0b3d5-58a2-4ebd-829f-47d6395601d1 questions=2 expires=2026-09-27T07:46:58.363127+00:00
2026-09-27 12:46:58 | INFO     | exam.auth                    | Login: candidate-b6f6210e@test.edu (candidate/approved, login=approved)
2026-09-27 12:46:58 | WARNING  | exam.proctor                 | Session a7792978-78d7-4b14-b6e7-6443c517673d flagged: score=23.1 tab_switches=3 left_exam=3
2026-09-27 12:46:58 | INFO     | exam.exam                    | Session a7792978-78d7-4b14-b6e7-6443c517673d finalised as auto_submitted: 1 auto-scored, 1 queued for review
2026-09-27 12:46:58 | WARNING  | exam.proctor                 | Session a7792978-78d7-4b14-b6e7-6443c517673d AUTO-SUBMITTED after 3 focus violation(s)
2026-09-27 12:46:58 | INFO     | exam.app                     | Shutdown complete
2026-09-27 12:46:58 | INFO     | exam.app                     | Starting AI-Based Intelligent Examination Platform (development)
2026-09-27 12:46:58 | INFO     | exam.app                     | Object storage ready: bucket exam-media
2026-09-27 12:46:58 | INFO     | exam.app                     | Session sweeper started (every 60s)
2026-09-27 12:46:58 | INFO     | exam.auth                    | Login: candidate-32600982@test.edu (candidate/approved, login=approved)
2026-09-27 12:46:58 | INFO     | exam.exam                    | Session 8cb8ec1e-e57e-4bf6-9a4a-9f9e107e9908 started: exam='Exam a373e7' candidate=93692b27-1b87-4476-83f3-9c2b97a1b6c4 questions=2 expires=2026-09-27T07:46:58.752921+00:00
2026-09-27 12:46:58 | INFO     | exam.auth                    | Login: candidate-32600982@test.edu (candidate/approved, login=approved)
2026-09-27 12:46:58 | WARNING  | exam.proctor                 | Session 8cb8ec1e-e57e-4bf6-9a4a-9f9e107e9908 flagged: score=23.1 tab_switches=3 left_exam=3
2026-09-27 12:46:58 | INFO     | exam.exam                    | Session 8cb8ec1e-e57e-4bf6-9a4a-9f9e107e9908 finalised as auto_submitted: 1 auto-scored, 1 queued for review
2026-09-27 12:46:58 | WARNING  | exam.proctor                 | Session 8cb8ec1e-e57e-4bf6-9a4a-9f9e107e9908 AUTO-SUBMITTED after 3 focus violation(s)
2026-09-27 12:46:58 | INFO     | exam.auth                    | Login: examiner-16ed6808@test.edu (examiner/approved)
2026-09-27 12:46:58 | INFO     | exam.grading                 | examiner-16ed6808@test.edu graded answer fdac830c-795f-464c-adb4-9ec08d67d23c: unscored -> 5.00/6.00
2026-09-27 12:46:58 | INFO     | exam.proctor                 | examiner-16ed6808@test.edu ruled session 8cb8ec1e-e57e-4bf6-9a4a-9f9e107e9908 as cleared
2026-09-27 12:46:58 | INFO     | exam.grading                 | examiner-16ed6808@test.edu published the result for candidate-32600982@test.edu on 'Exam a373e7'
2026-09-27 12:46:58 | INFO     | exam.app                     | Shutdown complete
2026-09-27 12:46:59 | INFO     | exam.app                     | Starting AI-Based Intelligent Examination Platform (development)
2026-09-27 12:46:59 | INFO     | exam.app                     | Object storage ready: bucket exam-media
2026-09-27 12:46:59 | INFO     | exam.app                     | Session sweeper started (every 60s)
2026-09-27 12:46:59 | INFO     | exam.auth                    | Login: candidate-59d90cc3@test.edu (candidate/approved, login=approved)
2026-09-27 12:46:59 | INFO     | exam.exam                    | Session 5987c856-cc86-4e44-b1be-8af9df708cda started: exam='Exam e81978' candidate=5acf36a9-2e52-480a-a731-b3786d2758a0 questions=2 expires=2026-09-27T07:46:59.217500+00:00
2026-09-27 12:46:59 | INFO     | exam.auth                    | Login: candidate-59d90cc3@test.edu (candidate/approved, login=approved)
2026-09-27 12:46:59 | INFO     | exam.auth                    | Login: examiner-c81bf8f2@test.edu (examiner/approved)
2026-09-27 12:46:59 | INFO     | exam.app                     | Shutdown complete
2026-09-27 12:46:59 | INFO     | exam.app                     | Starting AI-Based Intelligent Examination Platform (development)
2026-09-27 12:46:59 | INFO     | exam.app                     | Object storage ready: bucket exam-media
2026-09-27 12:46:59 | INFO     | exam.app                     | Session sweeper started (every 60s)
2026-09-27 12:46:59 | INFO     | exam.auth                    | Login: candidate-9fa7572c@test.edu (candidate/approved, login=approved)
2026-09-27 12:46:59 | INFO     | exam.exam                    | Session 0033519c-f495-4bcd-9fc1-68be0414bf6d started: exam='Exam 7b1bad' candidate=36a50aa7-08ae-4960-8ae9-44f1c514240c questions=2 expires=2026-09-27T07:46:59.625474+00:00
2026-09-27 12:46:59 | INFO     | exam.auth                    | Login: candidate-9fa7572c@test.edu (candidate/approved, login=approved)
2026-09-27 12:46:59 | INFO     | exam.app                     | Shutdown complete
2026-09-27 12:46:59 | INFO     | exam.app                     | Starting AI-Based Intelligent Examination Platform (development)
2026-09-27 12:46:59 | INFO     | exam.app                     | Object storage ready: bucket exam-media
2026-09-27 12:46:59 | INFO     | exam.app                     | Session sweeper started (every 60s)
2026-09-27 12:46:59 | INFO     | exam.auth                    | Login: candidate-9ce4501b@test.edu (candidate/approved, login=approved)
2026-09-27 12:47:00 | INFO     | exam.exam                    | Session b8281043-8de9-40b1-802a-864c71e865e6 started: exam='Exam fa2fff' candidate=95713ef0-53d8-47a7-8edc-403440beee58 questions=2 expires=2026-09-27T07:47:00.003096+00:00
2026-09-27 12:47:00 | INFO     | exam.auth                    | Login: candidate-9ce4501b@test.edu (candidate/approved, login=approved)
2026-09-27 12:47:00 | WARNING  | exam.proctor                 | Session b8281043-8de9-40b1-802a-864c71e865e6 flagged: score=27.3 tab_switches=4 left_exam=4
2026-09-27 12:47:00 | INFO     | exam.app                     | Shutdown complete
2026-09-27 12:47:00 | INFO     | exam.app                     | Starting AI-Based Intelligent Examination Platform (development)
2026-09-27 12:47:00 | INFO     | exam.app                     | Object storage ready: bucket exam-media
2026-09-27 12:47:00 | INFO     | exam.app                     | Session sweeper started (every 60s)
2026-09-27 12:47:00 | INFO     | exam.auth                    | Login: candidate-ac480185@test.edu (candidate/approved, login=approved)
2026-09-27 12:47:00 | INFO     | exam.exam                    | Session fe5e1bbb-be00-4bdb-9517-91bc25b1e191 started: exam='Exam cb555a' candidate=9b7d591f-4fe9-4303-8eb5-970d7ffccbb3 questions=2 expires=2026-09-27T07:47:00.366183+00:00
2026-09-27 12:47:00 | INFO     | exam.auth                    | Login: candidate-ac480185@test.edu (candidate/approved, login=approved)
2026-09-27 12:47:00 | WARNING  | exam.proctor                 | Session fe5e1bbb-be00-4bdb-9517-91bc25b1e191 flagged: score=10.0 tab_switches=1 left_exam=1
2026-09-27 12:47:00 | INFO     | exam.exam                    | Session fe5e1bbb-be00-4bdb-9517-91bc25b1e191 finalised as auto_submitted: 0 auto-scored, 0 queued for review
2026-09-27 12:47:00 | WARNING  | exam.proctor                 | Session fe5e1bbb-be00-4bdb-9517-91bc25b1e191 AUTO-SUBMITTED after 1 focus violation(s)
2026-09-27 12:47:00 | INFO     | exam.app                     | Shutdown complete
2026-09-27 12:47:00 | INFO     | exam.app                     | Starting AI-Based Intelligent Examination Platform (development)
2026-09-27 12:47:00 | INFO     | exam.app                     | Object storage ready: bucket exam-media
2026-09-27 12:47:00 | INFO     | exam.app                     | Session sweeper started (every 60s)
2026-09-27 12:47:00 | INFO     | exam.auth                    | Login: candidate-a4fbec2e@test.edu (candidate/approved, login=approved)
2026-09-27 12:47:00 | INFO     | exam.exam                    | Session 2ec98fe8-366d-47de-aaeb-01ddde818cc0 started: exam='Exam 21fb84' candidate=32c91ac1-fd54-46ae-8ca9-b3a0f220e64d questions=2 expires=2026-09-27T07:47:00.720237+00:00
2026-09-27 12:47:00 | INFO     | exam.auth                    | Login: candidate-a4fbec2e@test.edu (candidate/approved, login=approved)
2026-09-27 12:47:00 | INFO     | exam.app                     | Shutdown complete
2026-09-27 12:47:00 | INFO     | exam.app                     | Starting AI-Based Intelligent Examination Platform (development)
2026-09-27 12:47:00 | INFO     | exam.app                     | Object storage ready: bucket exam-media
2026-09-27 12:47:00 | INFO     | exam.app                     | Session sweeper started (every 60s)
2026-09-27 12:47:01 | INFO     | exam.auth                    | Login: candidate-b91f1b63@test.edu (candidate/approved, login=approved)
2026-09-27 12:47:01 | INFO     | exam.exam                    | Session 3018e97c-80b2-457a-b960-6545ab80eaf4 started: exam='Exam 97f54f' candidate=9562d148-04c0-44cf-a244-08126c306eaf questions=2 expires=2026-09-27T07:47:01.111319+00:00
2026-09-27 12:47:01 | INFO     | exam.auth                    | Login: candidate-b91f1b63@test.edu (candidate/approved, login=approved)
2026-09-27 12:47:01 | INFO     | exam.app                     | Shutdown complete
2026-09-27 12:47:01 | INFO     | exam.app                     | Starting AI-Based Intelligent Examination Platform (development)
2026-09-27 12:47:01 | INFO     | exam.app                     | Object storage ready: bucket exam-media
2026-09-27 12:47:01 | INFO     | exam.app                     | Session sweeper started (every 60s)
2026-09-27 12:47:01 | INFO     | exam.auth                    | Login: examiner-4b8cc90f@test.edu (examiner/approved)
2026-09-27 12:47:01 | INFO     | exam.app                     | Shutdown complete
2026-09-27 12:47:01 | INFO     | exam.app                     | Starting AI-Based Intelligent Examination Platform (development)
2026-09-27 12:47:01 | INFO     | exam.app                     | Object storage ready: bucket exam-media
2026-09-27 12:47:01 | INFO     | exam.app                     | Session sweeper started (every 60s)
2026-09-27 12:47:01 | INFO     | exam.auth                    | Login: examiner-c0d20375@test.edu (examiner/approved)
2026-09-27 12:47:01 | INFO     | exam.app                     | Shutdown complete
2026-09-27 12:47:01 | INFO     | exam.app                     | Starting AI-Based Intelligent Examination Platform (development)
2026-09-27 12:47:01 | INFO     | exam.app                     | Object storage ready: bucket exam-media
2026-09-27 12:47:01 | INFO     | exam.app                     | Session sweeper started (every 60s)
2026-09-27 12:47:01 | INFO     | exam.auth                    | Login: examiner-d626c74c@test.edu (examiner/approved)
2026-09-27 12:47:01 | INFO     | exam.questions               | examiner-d626c74c@test.edu updated subject PY101
2026-09-27 12:47:01 | INFO     | exam.app                     | Shutdown complete
2026-09-27 12:47:01 | INFO     | exam.app                     | Starting AI-Based Intelligent Examination Platform (development)
2026-09-27 12:47:01 | INFO     | exam.app                     | Object storage ready: bucket exam-media
2026-09-27 12:47:01 | INFO     | exam.app                     | Session sweeper started (every 60s)
2026-09-27 12:47:01 | INFO     | exam.auth                    | Login: examiner-6904f4b2@test.edu (examiner/approved)
2026-09-27 12:47:01 | INFO     | exam.app                     | Shutdown complete
2026-09-27 12:47:01 | INFO     | exam.app                     | Starting AI-Based Intelligent Examination Platform (development)
2026-09-27 12:47:01 | INFO     | exam.app                     | Object storage ready: bucket exam-media
2026-09-27 12:47:01 | INFO     | exam.app                     | Session sweeper started (every 60s)
2026-09-27 12:47:02 | INFO     | exam.auth                    | Login: examiner-eebd274a@test.edu (examiner/approved)
2026-09-27 12:47:02 | INFO     | exam.app                     | Shutdown complete
2026-09-27 12:47:02 | INFO     | exam.app                     | Starting AI-Based Intelligent Examination Platform (development)
2026-09-27 12:47:02 | INFO     | exam.app                     | Object storage ready: bucket exam-media
2026-09-27 12:47:02 | INFO     | exam.app                     | Session sweeper started (every 60s)
2026-09-27 12:47:02 | INFO     | exam.auth                    | Login: examiner-ed458527@test.edu (examiner/approved)
2026-09-27 12:47:02 | INFO     | exam.questions               | examiner-ed458527@test.edu added a mcq question (bank)
2026-09-27 12:47:02 | INFO     | exam.app                     | Shutdown complete
2026-09-27 12:47:02 | INFO     | exam.app                     | Starting AI-Based Intelligent Examination Platform (development)
2026-09-27 12:47:02 | INFO     | exam.app                     | Object storage ready: bucket exam-media
2026-09-27 12:47:02 | INFO     | exam.app                     | Session sweeper started (every 60s)
2026-09-27 12:47:02 | INFO     | exam.auth                    | Login: candidate-1aae392f@test.edu (candidate/approved, login=approved)
2026-09-27 12:47:02 | INFO     | exam.exam                    | Session d4a9220a-b956-42bc-aac8-7278a6e4eaf7 started: exam='Exam f56c43' candidate=b7f3461b-a4f1-46a7-9386-f0481b41d165 questions=2 expires=2026-09-27T07:47:02.475932+00:00
2026-09-27 12:47:02 | INFO     | exam.exam                    | Session d4a9220a-b956-42bc-aac8-7278a6e4eaf7 finalised as submitted: 2 auto-scored, 0 queued for review
2026-09-27 12:47:02 | INFO     | exam.auth                    | Login: examiner-4d8928bb@test.edu (examiner/approved)
2026-09-27 12:47:02 | INFO     | exam.grading                 | examiner-4d8928bb@test.edu published the result for candidate-1aae392f@test.edu on 'Exam f56c43'
2026-09-27 12:47:02 | INFO     | exam.app                     | Shutdown complete
2026-09-27 12:47:02 | INFO     | exam.app                     | Starting AI-Based Intelligent Examination Platform (development)
2026-09-27 12:47:02 | INFO     | exam.app                     | Object storage ready: bucket exam-media
2026-09-27 12:47:02 | INFO     | exam.app                     | Session sweeper started (every 60s)
2026-09-27 12:47:02 | INFO     | exam.auth                    | Login: candidate-e046d7a5@test.edu (candidate/approved, login=approved)
2026-09-27 12:47:02 | INFO     | exam.exam                    | Session 6cbebdd6-4f31-46b5-969d-46db08ae007f started: exam='Exam 706f41' candidate=47084a55-2abb-43d3-8084-51d720fc66fb questions=2 expires=2026-09-27T07:47:02.906095+00:00
2026-09-27 12:47:03 | INFO     | exam.exam                    | Session 6cbebdd6-4f31-46b5-969d-46db08ae007f finalised as submitted: 2 auto-scored, 0 queued for review
2026-09-27 12:47:03 | INFO     | exam.auth                    | Login: examiner-374471da@test.edu (examiner/approved)
2026-09-27 12:47:03 | INFO     | exam.app                     | Shutdown complete
2026-09-27 12:47:03 | INFO     | exam.app                     | Starting AI-Based Intelligent Examination Platform (development)
2026-09-27 12:47:03 | INFO     | exam.app                     | Object storage ready: bucket exam-media
2026-09-27 12:47:03 | INFO     | exam.app                     | Session sweeper started (every 60s)
2026-09-27 12:47:03 | INFO     | exam.auth                    | Login: candidate-2025ae6c@test.edu (candidate/approved, login=approved)
2026-09-27 12:47:03 | INFO     | exam.exam                    | Session 051dc9d9-d4df-435b-8dc9-56f0eefffabe started: exam='Exam 4aa5c3' candidate=0e2be4a3-3307-46a2-8fa3-1aab42a803f2 questions=2 expires=2026-09-27T07:47:03.296675+00:00
2026-09-27 12:47:03 | INFO     | exam.exam                    | Session 051dc9d9-d4df-435b-8dc9-56f0eefffabe finalised as submitted: 2 auto-scored, 0 queued for review
2026-09-27 12:47:03 | INFO     | exam.auth                    | Login: examiner-6db33029@test.edu (examiner/approved)
2026-09-27 12:47:03 | INFO     | exam.proctor                 | examiner-6db33029@test.edu ruled session 051dc9d9-d4df-435b-8dc9-56f0eefffabe as cleared
2026-09-27 12:47:03 | INFO     | exam.grading                 | examiner-6db33029@test.edu published the result for candidate-2025ae6c@test.edu on 'Exam 4aa5c3'
2026-09-27 12:47:03 | INFO     | exam.app                     | Shutdown complete
2026-09-27 12:47:03 | INFO     | exam.app                     | Starting AI-Based Intelligent Examination Platform (development)
2026-09-27 12:47:03 | INFO     | exam.app                     | Object storage ready: bucket exam-media
2026-09-27 12:47:03 | INFO     | exam.app                     | Session sweeper started (every 60s)
2026-09-27 12:47:03 | INFO     | exam.auth                    | Login: candidate-5024575d@test.edu (candidate/approved, login=approved)
2026-09-27 12:47:03 | INFO     | exam.exam                    | Session a073fc8b-4e0d-4ef2-b0f1-d0bd62c17abf started: exam='Exam 310c1d' candidate=28eb5808-263b-425f-9daa-e9375214a168 questions=2 expires=2026-09-27T07:47:03.702663+00:00
2026-09-27 12:47:03 | INFO     | exam.exam                    | Session a073fc8b-4e0d-4ef2-b0f1-d0bd62c17abf finalised as submitted: 2 auto-scored, 0 queued for review
2026-09-27 12:47:03 | INFO     | exam.auth                    | Login: examiner-a49fd536@test.edu (examiner/approved)
2026-09-27 12:47:03 | INFO     | exam.proctor                 | examiner-a49fd536@test.edu ruled session a073fc8b-4e0d-4ef2-b0f1-d0bd62c17abf as malpractice
2026-09-27 12:47:03 | INFO     | exam.app                     | Shutdown complete
2026-09-27 12:47:03 | INFO     | exam.app                     | Starting AI-Based Intelligent Examination Platform (development)
2026-09-27 12:47:03 | INFO     | exam.app                     | Object storage ready: bucket exam-media
2026-09-27 12:47:03 | INFO     | exam.app                     | Session sweeper started (every 60s)
2026-09-27 12:47:04 | INFO     | exam.auth                    | Login: candidate-2b4ce791@test.edu (candidate/approved, login=approved)
2026-09-27 12:47:04 | INFO     | exam.exam                    | Session 4175a582-be3d-4bc3-bdb4-0d3d039f12bf started: exam='Exam 07100c' candidate=70fb136f-8d3b-49c3-961d-4365f37da6f1 questions=2 expires=2026-09-27T07:47:04.214356+00:00
2026-09-27 12:47:04 | INFO     | exam.exam                    | Session 4175a582-be3d-4bc3-bdb4-0d3d039f12bf finalised as submitted: 2 auto-scored, 0 queued for review
2026-09-27 12:47:04 | INFO     | exam.auth                    | Login: examiner-7d57ac72@test.edu (examiner/approved)
2026-09-27 12:47:04 | INFO     | exam.app                     | Shutdown complete
2026-09-27 12:47:04 | INFO     | exam.app                     | Starting AI-Based Intelligent Examination Platform (development)
2026-09-27 12:47:04 | INFO     | exam.app                     | Object storage ready: bucket exam-media
2026-09-27 12:47:04 | INFO     | exam.app                     | Session sweeper started (every 60s)
2026-09-27 12:47:04 | INFO     | exam.auth                    | Login: candidate-44ebec9a@test.edu (candidate/approved, login=approved)
2026-09-27 12:47:04 | INFO     | exam.exam                    | Session 1454846f-4306-40ef-91de-de6634b8377f started: exam='Exam f03810' candidate=657cee99-3158-4d66-bddc-3ab5f4d9bf8d questions=2 expires=2026-09-27T07:47:04.588033+00:00
2026-09-27 12:47:04 | INFO     | exam.exam                    | Session 1454846f-4306-40ef-91de-de6634b8377f finalised as submitted: 2 auto-scored, 0 queued for review
2026-09-27 12:47:04 | INFO     | exam.auth                    | Login: examiner-761ea30b@test.edu (examiner/approved)
2026-09-27 12:47:04 | INFO     | exam.app                     | Shutdown complete
2026-09-27 12:47:04 | INFO     | exam.app                     | Starting AI-Based Intelligent Examination Platform (development)
2026-09-27 12:47:04 | INFO     | exam.app                     | Object storage ready: bucket exam-media
2026-09-27 12:47:04 | INFO     | exam.app                     | Session sweeper started (every 60s)
2026-09-27 12:47:04 | INFO     | exam.auth                    | Login: candidate-d2654d5b@test.edu (candidate/approved, login=approved)
2026-09-27 12:47:04 | INFO     | exam.exam                    | Session 4e07fc84-6a28-4280-a1fa-93e61fd87a66 started: exam='Exam 62b9d1' candidate=2e00e1c5-42e2-4774-9450-896d743a26ac questions=2 expires=2026-09-27T07:47:04.991203+00:00
2026-09-27 12:47:05 | INFO     | exam.exam                    | Session 4e07fc84-6a28-4280-a1fa-93e61fd87a66 finalised as submitted: 2 auto-scored, 0 queued for review
2026-09-27 12:47:05 | INFO     | exam.auth                    | Login: examiner-2412b823@test.edu (examiner/approved)
2026-09-27 12:47:05 | INFO     | exam.proctor                 | examiner-2412b823@test.edu ruled session 4e07fc84-6a28-4280-a1fa-93e61fd87a66 as cleared
2026-09-27 12:47:05 | INFO     | exam.app                     | Shutdown complete
2026-09-27 12:47:05 | INFO     | exam.app                     | Starting AI-Based Intelligent Examination Platform (development)
2026-09-27 12:47:05 | INFO     | exam.app                     | Object storage ready: bucket exam-media
2026-09-27 12:47:05 | INFO     | exam.app                     | Session sweeper started (every 60s)
2026-09-27 12:47:05 | INFO     | exam.auth                    | Login: candidate-a076a61c@test.edu (candidate/approved, login=approved)
2026-09-27 12:47:05 | INFO     | exam.exam                    | Session 83d727b1-bd86-42f8-b79e-9acbfc8f01a4 started: exam='Exam d85db0' candidate=021920f2-4285-4c2d-8082-63b905908043 questions=2 expires=2026-09-27T07:47:05.381316+00:00
2026-09-27 12:47:05 | INFO     | exam.exam                    | Session 83d727b1-bd86-42f8-b79e-9acbfc8f01a4 finalised as submitted: 2 auto-scored, 0 queued for review
2026-09-27 12:47:05 | INFO     | exam.auth                    | Login: examiner-e28da75a@test.edu (examiner/approved)
2026-09-27 12:47:05 | INFO     | exam.app                     | Shutdown complete
2026-09-27 12:47:05 | INFO     | exam.app                     | Starting AI-Based Intelligent Examination Platform (development)
2026-09-27 12:47:05 | INFO     | exam.app                     | Object storage ready: bucket exam-media
2026-09-27 12:47:05 | INFO     | exam.app                     | Session sweeper started (every 60s)
2026-09-27 12:47:05 | INFO     | exam.auth                    | Login: candidate-08ffa263@test.edu (candidate/approved, login=approved)
2026-09-27 12:47:05 | INFO     | exam.exam                    | Session 8035320b-6e48-4240-b70c-9cf5013206ad started: exam='Exam e34431' candidate=3497c988-4d91-4dbe-bb56-c8f0d4bd8335 questions=2 expires=2026-09-27T07:47:05.788684+00:00
2026-09-27 12:47:05 | INFO     | exam.exam                    | Session 8035320b-6e48-4240-b70c-9cf5013206ad finalised as submitted: 2 auto-scored, 0 queued for review
2026-09-27 12:47:05 | INFO     | exam.auth                    | Login: examiner-816e6f94@test.edu (examiner/approved)
2026-09-27 12:47:05 | INFO     | exam.proctor                 | examiner-816e6f94@test.edu ruled session 8035320b-6e48-4240-b70c-9cf5013206ad as malpractice
2026-09-27 12:47:06 | INFO     | exam.app                     | Shutdown complete
2026-09-27 12:47:06 | INFO     | exam.app                     | Starting AI-Based Intelligent Examination Platform (development)
2026-09-27 12:47:06 | INFO     | exam.app                     | Object storage ready: bucket exam-media
2026-09-27 12:47:06 | INFO     | exam.app                     | Session sweeper started (every 60s)
2026-09-27 12:47:06 | INFO     | exam.auth                    | Login: candidate-fec70459@test.edu (candidate/approved, login=approved)
2026-09-27 12:47:06 | INFO     | exam.exam                    | Session e68ff79c-dc15-4b50-b9e4-e83ab6042bcb started: exam='Exam f72983' candidate=e2166ad9-420c-4985-916d-2248b7672365 questions=2 expires=2026-09-27T07:47:06.210393+00:00
2026-09-27 12:47:06 | INFO     | exam.exam                    | Session e68ff79c-dc15-4b50-b9e4-e83ab6042bcb finalised as submitted: 2 auto-scored, 0 queued for review
2026-09-27 12:47:06 | INFO     | exam.auth                    | Login: examiner-202f3275@test.edu (examiner/approved)
2026-09-27 12:47:06 | INFO     | exam.app                     | Shutdown complete
2026-09-27 12:47:06 | INFO     | exam.app                     | Starting AI-Based Intelligent Examination Platform (development)
2026-09-27 12:47:06 | INFO     | exam.app                     | Object storage ready: bucket exam-media
2026-09-27 12:47:06 | INFO     | exam.app                     | Session sweeper started (every 60s)
2026-09-27 12:47:06 | INFO     | exam.auth                    | Login: candidate-7f6dbdf3@test.edu (candidate/approved, login=approved)
2026-09-27 12:47:06 | INFO     | exam.exam                    | Session bbc90a64-e059-40e4-9c42-d4a6d10bc642 started: exam='Exam 485e04' candidate=893078b2-984b-4725-89b4-d3dfbca51fff questions=2 expires=2026-09-27T07:47:06.585808+00:00
2026-09-27 12:47:06 | INFO     | exam.exam                    | Session bbc90a64-e059-40e4-9c42-d4a6d10bc642 finalised as submitted: 2 auto-scored, 0 queued for review
2026-09-27 12:47:06 | INFO     | exam.auth                    | Login: examiner-2cce12cc@test.edu (examiner/approved)
2026-09-27 12:47:06 | WARNING  | exam.auth                    | Role denied: candidate-7f6dbdf3@test.edu (candidate) tried a examiner/admin-only route
2026-09-27 12:47:06 | INFO     | exam.app                     | Shutdown complete
2026-09-27 12:47:06 | INFO     | exam.app                     | Starting AI-Based Intelligent Examination Platform (development)
2026-09-27 12:47:06 | INFO     | exam.app                     | Object storage ready: bucket exam-media
2026-09-27 12:47:06 | INFO     | exam.app                     | Session sweeper started (every 60s)
2026-09-27 12:47:06 | INFO     | exam.auth                    | Login: candidate-b2a93671@test.edu (candidate/approved, login=approved)
2026-09-27 12:47:06 | INFO     | exam.exam                    | Session 4b6c9670-cdc3-4a93-ac25-6ac859485e39 started: exam='Exam 92997c' candidate=5853dac2-bc92-4d79-a9cb-be953e415c87 questions=2 expires=2026-09-27T07:47:06.951038+00:00
2026-09-27 12:47:07 | INFO     | exam.exam                    | Session 4b6c9670-cdc3-4a93-ac25-6ac859485e39 finalised as submitted: 2 auto-scored, 0 queued for review
2026-09-27 12:47:07 | INFO     | exam.auth                    | Login: examiner-4f92fb87@test.edu (examiner/approved)
2026-09-27 12:47:07 | INFO     | exam.grading                 | examiner-4f92fb87@test.edu published the result for candidate-b2a93671@test.edu on 'Exam 92997c'
2026-09-27 12:47:07 | INFO     | exam.proctor                 | examiner-4f92fb87@test.edu ruled session 4b6c9670-cdc3-4a93-ac25-6ac859485e39 as malpractice
2026-09-27 12:47:07 | INFO     | exam.app                     | Shutdown complete
2026-09-27 12:47:07 | INFO     | exam.app                     | Starting AI-Based Intelligent Examination Platform (development)
2026-09-27 12:47:07 | INFO     | exam.app                     | Object storage ready: bucket exam-media
2026-09-27 12:47:07 | INFO     | exam.app                     | Session sweeper started (every 60s)
2026-09-27 12:47:07 | INFO     | exam.auth                    | Login: candidate-9a491c33@test.edu (candidate/approved, login=approved)
2026-09-27 12:47:07 | INFO     | exam.exam                    | Session 16e65912-81fd-4ec8-a911-b9d81f61fd48 started: exam='Exam a34002' candidate=30ef8f0f-fc79-4cc6-b2ce-5d655ff98e35 questions=2 expires=2026-09-27T07:47:07.362156+00:00
2026-09-27 12:47:07 | INFO     | exam.exam                    | Session 16e65912-81fd-4ec8-a911-b9d81f61fd48 finalised as submitted: 2 auto-scored, 0 queued for review
2026-09-27 12:47:07 | INFO     | exam.auth                    | Login: examiner-705f2cdf@test.edu (examiner/approved)
2026-09-27 12:47:07 | INFO     | exam.app                     | Shutdown complete
2026-09-27 12:47:07 | INFO     | exam.app                     | Starting AI-Based Intelligent Examination Platform (development)
2026-09-27 12:47:07 | INFO     | exam.app                     | Object storage ready: bucket exam-media
2026-09-27 12:47:07 | INFO     | exam.app                     | Session sweeper started (every 60s)
2026-09-27 12:47:07 | INFO     | exam.auth                    | Login: candidate-b8491abe@test.edu (candidate/approved, login=approved)
2026-09-27 12:47:07 | INFO     | exam.exam                    | Session fb9c538b-4cfe-412d-8e99-bf506afb54c5 started: exam='Exam c47d3a' candidate=5a62b483-3be8-49a0-a98f-684483f44aa8 questions=2 expires=2026-09-27T07:47:07.753006+00:00
2026-09-27 12:47:07 | INFO     | exam.exam                    | Session fb9c538b-4cfe-412d-8e99-bf506afb54c5 finalised as submitted: 2 auto-scored, 0 queued for review
2026-09-27 12:47:07 | INFO     | exam.auth                    | Login: examiner-b948243f@test.edu (examiner/approved)
2026-09-27 12:47:07 | INFO     | exam.proctor                 | examiner-b948243f@test.edu ruled session fb9c538b-4cfe-412d-8e99-bf506afb54c5 as malpractice
2026-09-27 12:47:08 | INFO     | exam.grading                 | examiner-b948243f@test.edu published 0 result(s) for exam 'Exam c47d3a' (1 withheld for malpractice)
2026-09-27 12:47:08 | INFO     | exam.app                     | Shutdown complete
2026-09-27 12:47:08 | INFO     | exam.app                     | Starting AI-Based Intelligent Examination Platform (development)
2026-09-27 12:47:08 | INFO     | exam.app                     | Object storage ready: bucket exam-media
2026-09-27 12:47:08 | INFO     | exam.app                     | Session sweeper started (every 60s)
2026-09-27 12:47:08 | INFO     | exam.auth                    | Login: candidate-8d58395c@test.edu (candidate/approved, login=approved)
2026-09-27 12:47:08 | INFO     | exam.exam                    | Session d0a2ac33-82f6-49ad-aaad-138c3811f071 started: exam='Exam d138e9' candidate=c00531c1-ca4e-438a-8ea4-676a29e13102 questions=2 expires=2026-09-27T07:47:08.227391+00:00
2026-09-27 12:47:08 | INFO     | exam.exam                    | Session d0a2ac33-82f6-49ad-aaad-138c3811f071 finalised as submitted: 2 auto-scored, 0 queued for review
2026-09-27 12:47:08 | INFO     | exam.auth                    | Login: examiner-5230d841@test.edu (examiner/approved)
2026-09-27 12:47:08 | INFO     | exam.proctor                 | examiner-5230d841@test.edu ruled session d0a2ac33-82f6-49ad-aaad-138c3811f071 as cleared
2026-09-27 12:47:08 | INFO     | exam.grading                 | examiner-5230d841@test.edu published 1 result(s) for exam 'Exam d138e9' (0 withheld for malpractice)
2026-09-27 12:47:08 | INFO     | exam.app                     | Shutdown complete
2026-09-27 12:47:08 | INFO     | exam.app                     | Starting AI-Based Intelligent Examination Platform (development)
2026-09-27 12:47:08 | INFO     | exam.app                     | Object storage ready: bucket exam-media
2026-09-27 12:47:08 | INFO     | exam.app                     | Session sweeper started (every 60s)
2026-09-27 12:47:08 | INFO     | exam.auth                    | Login: candidate-d474cd0b@test.edu (candidate/approved, login=approved)
2026-09-27 12:47:08 | INFO     | exam.exam                    | Session 611c0b04-97a4-44d6-ad67-a532959dd422 started: exam='Exam 2981fb' candidate=5f704652-580a-4f19-a068-ba750247a7c9 questions=2 expires=2026-09-27T07:47:08.692984+00:00
2026-09-27 12:47:08 | INFO     | exam.exam                    | Session 611c0b04-97a4-44d6-ad67-a532959dd422 finalised as submitted: 2 auto-scored, 0 queued for review
2026-09-27 12:47:08 | INFO     | exam.auth                    | Login: examiner-f30d93cb@test.edu (examiner/approved)
2026-09-27 12:47:08 | INFO     | exam.grading                 | examiner-f30d93cb@test.edu published the result for candidate-d474cd0b@test.edu on 'Exam 2981fb'
2026-09-27 12:47:08 | INFO     | exam.app                     | Shutdown complete
2026-09-27 12:47:08 | INFO     | exam.app                     | Starting AI-Based Intelligent Examination Platform (development)
2026-09-27 12:47:08 | INFO     | exam.app                     | Object storage ready: bucket exam-media
2026-09-27 12:47:08 | INFO     | exam.app                     | Session sweeper started (every 60s)
2026-09-27 12:47:09 | INFO     | exam.auth                    | Login: examiner-80ca1dad@test.edu (examiner/approved)
2026-09-27 12:47:09 | INFO     | exam.app                     | Shutdown complete
2026-09-27 12:47:09 | INFO     | exam.app                     | Starting AI-Based Intelligent Examination Platform (development)
2026-09-27 12:47:09 | INFO     | exam.app                     | Object storage ready: bucket exam-media
2026-09-27 12:47:09 | INFO     | exam.app                     | Session sweeper started (every 60s)
2026-09-27 12:47:09 | INFO     | exam.auth                    | Login: examiner-ac2db972@test.edu (examiner/approved)
2026-09-27 12:47:09 | INFO     | exam.app                     | Shutdown complete
2026-09-27 12:47:09 | INFO     | exam.app                     | Starting AI-Based Intelligent Examination Platform (development)
2026-09-27 12:47:09 | INFO     | exam.app                     | Object storage ready: bucket exam-media
2026-09-27 12:47:09 | INFO     | exam.app                     | Session sweeper started (every 60s)
2026-09-27 12:47:09 | INFO     | exam.auth                    | Login: examiner-cc104c80@test.edu (examiner/approved)
2026-09-27 12:47:09 | INFO     | exam.questions               | examiner-cc104c80@test.edu added a mcq question (bank)
2026-09-27 12:47:09 | INFO     | exam.app                     | Shutdown complete
2026-09-27 12:47:09 | INFO     | exam.app                     | Starting AI-Based Intelligent Examination Platform (development)
2026-09-27 12:47:09 | INFO     | exam.app                     | Object storage ready: bucket exam-media
2026-09-27 12:47:09 | INFO     | exam.app                     | Session sweeper started (every 60s)
2026-09-27 12:47:09 | INFO     | exam.auth                    | Login: candidate-a3685410@test.edu (candidate/approved, login=approved)
2026-09-27 12:47:09 | INFO     | exam.exam                    | Session b45969e0-fcea-4253-bb34-1e0f70a1642f started: exam='Exam 629d7a' candidate=5189057c-a376-4d68-ace0-d5ff2fe6dd1b questions=2 expires=2026-09-27T07:47:09.567433+00:00
2026-09-27 12:47:09 | INFO     | exam.live_signal             | Live broadcast socket open for session b45969e0-fcea-4253-bb34-1e0f70a1642f
2026-09-27 12:47:09 | INFO     | exam.live_signal             | Live broadcast socket closed for session b45969e0-fcea-4253-bb34-1e0f70a1642f
2026-09-27 12:47:09 | INFO     | exam.app                     | Shutdown complete
2026-09-27 12:47:09 | INFO     | exam.app                     | Starting AI-Based Intelligent Examination Platform (development)
2026-09-27 12:47:09 | INFO     | exam.app                     | Object storage ready: bucket exam-media
2026-09-27 12:47:09 | INFO     | exam.app                     | Session sweeper started (every 60s)
2026-09-27 12:47:09 | INFO     | exam.auth                    | Login: candidate-4095248e@test.edu (candidate/approved, login=approved)
2026-09-27 12:47:09 | INFO     | exam.exam                    | Session e2911aee-4e27-467d-aa1c-8ef3361a456e started: exam='Exam 1f8c7a' candidate=7db1893f-8b54-480b-afa4-12d6953668ad questions=2 expires=2026-09-27T07:47:09.823955+00:00
2026-09-27 12:47:09 | INFO     | exam.app                     | Shutdown complete
2026-09-27 12:47:09 | INFO     | exam.app                     | Starting AI-Based Intelligent Examination Platform (development)
2026-09-27 12:47:09 | INFO     | exam.app                     | Object storage ready: bucket exam-media
2026-09-27 12:47:09 | INFO     | exam.app                     | Session sweeper started (every 60s)
2026-09-27 12:47:10 | INFO     | exam.auth                    | Login: candidate-b466a294@test.edu (candidate/approved, login=approved)
2026-09-27 12:47:10 | INFO     | exam.exam                    | Session 30e574eb-73ac-45a7-a2ca-aa19e5285420 started: exam='Exam dfd7d2' candidate=a7dfa758-7729-4126-abcb-5a3f8f7e4c1d questions=2 expires=2026-09-27T07:47:10.079820+00:00
2026-09-27 12:47:10 | INFO     | exam.auth                    | Login: examiner-1c7bbd93@test.edu (examiner/approved)
2026-09-27 12:47:10 | INFO     | exam.app                     | Shutdown complete
2026-09-27 12:47:10 | INFO     | exam.app                     | Starting AI-Based Intelligent Examination Platform (development)
2026-09-27 12:47:10 | INFO     | exam.app                     | Object storage ready: bucket exam-media
2026-09-27 12:47:10 | INFO     | exam.app                     | Session sweeper started (every 60s)
2026-09-27 12:47:10 | INFO     | exam.auth                    | Login: candidate-9948425b@test.edu (candidate/approved, login=approved)
2026-09-27 12:47:10 | INFO     | exam.exam                    | Session c735b0b5-2869-4b2a-ad20-c54c240d3c1e started: exam='Exam abbf33' candidate=56ea40dc-d1e5-494f-8e70-da2fa09d1b06 questions=2 expires=2026-09-27T07:47:10.379773+00:00
2026-09-27 12:47:10 | INFO     | exam.auth                    | Login: examiner-a0a84b0e@test.edu (examiner/approved)
2026-09-27 12:47:10 | INFO     | exam.live_signal             | examiner-a0a84b0e@test.edu watching live session c735b0b5-2869-4b2a-ad20-c54c240d3c1e (viewer 285e99ff7deb4b0fbff9b9b8eb4a6f97)
2026-09-27 12:47:10 | INFO     | exam.live_signal             | Viewer 285e99ff7deb4b0fbff9b9b8eb4a6f97 stopped watching session c735b0b5-2869-4b2a-ad20-c54c240d3c1e
2026-09-27 12:47:10 | INFO     | exam.app                     | Shutdown complete
2026-09-27 12:47:10 | INFO     | exam.app                     | Starting AI-Based Intelligent Examination Platform (development)
2026-09-27 12:47:10 | INFO     | exam.app                     | Object storage ready: bucket exam-media
2026-09-27 12:47:10 | INFO     | exam.app                     | Session sweeper started (every 60s)
2026-09-27 12:47:10 | INFO     | exam.auth                    | Login: candidate-3e2d6635@test.edu (candidate/approved, login=approved)
2026-09-27 12:47:10 | INFO     | exam.exam                    | Session 5490ad51-5adb-4511-b4c7-5e618a64ca06 started: exam='Exam fcd53f' candidate=5c60d8f8-519a-4c37-afe7-b2c17a5522fb questions=2 expires=2026-09-27T07:47:10.676314+00:00
2026-09-27 12:47:10 | INFO     | exam.app                     | Shutdown complete
2026-09-27 12:47:10 | INFO     | exam.app                     | Starting AI-Based Intelligent Examination Platform (development)
2026-09-27 12:47:10 | INFO     | exam.app                     | Object storage ready: bucket exam-media
2026-09-27 12:47:10 | INFO     | exam.app                     | Session sweeper started (every 60s)
2026-09-27 12:47:10 | INFO     | exam.auth                    | Login: candidate-8cd47f39@test.edu (candidate/approved, login=approved)
2026-09-27 12:47:10 | INFO     | exam.exam                    | Session 7a229365-579f-45da-970e-10988dbce8f6 started: exam='Exam 49f64b' candidate=9f5e87cb-a93e-4aa7-a1c6-0d24aad8a588 questions=2 expires=2026-09-27T07:47:10.915829+00:00
2026-09-27 12:47:10 | INFO     | exam.app                     | Shutdown complete
2026-09-27 12:47:10 | INFO     | exam.app                     | Starting AI-Based Intelligent Examination Platform (development)
2026-09-27 12:47:10 | INFO     | exam.app                     | Object storage ready: bucket exam-media
2026-09-27 12:47:10 | INFO     | exam.app                     | Session sweeper started (every 60s)
2026-09-27 12:47:11 | INFO     | exam.auth                    | Login: candidate-3c399e39@test.edu (candidate/approved, login=approved)
2026-09-27 12:47:11 | INFO     | exam.exam                    | Session 3d20826d-c3f1-427a-be02-efdaca56ed52 started: exam='Exam d893bd' candidate=c2ecbf9b-b3a8-4709-8447-1ae377907bd8 questions=2 expires=2026-09-27T07:47:11.166439+00:00
2026-09-27 12:47:11 | INFO     | exam.auth                    | Login: examiner-7480a487@test.edu (examiner/approved)
2026-09-27 12:47:11 | INFO     | exam.live_signal             | examiner-7480a487@test.edu watching live session 3d20826d-c3f1-427a-be02-efdaca56ed52 (viewer 6f78f6bd88a14681bcf174bf14323bdb)
2026-09-27 12:47:11 | INFO     | exam.live_signal             | Live broadcast socket open for session 3d20826d-c3f1-427a-be02-efdaca56ed52
2026-09-27 12:47:11 | INFO     | exam.live_signal             | Live broadcast socket closed for session 3d20826d-c3f1-427a-be02-efdaca56ed52
2026-09-27 12:47:11 | INFO     | exam.live_signal             | Viewer 6f78f6bd88a14681bcf174bf14323bdb stopped watching session 3d20826d-c3f1-427a-be02-efdaca56ed52
2026-09-27 12:47:11 | INFO     | exam.app                     | Shutdown complete
2026-09-27 12:47:11 | INFO     | exam.app                     | Starting AI-Based Intelligent Examination Platform (development)
2026-09-27 12:47:11 | INFO     | exam.app                     | Object storage ready: bucket exam-media
2026-09-27 12:47:11 | INFO     | exam.app                     | Session sweeper started (every 60s)
2026-09-27 12:47:11 | INFO     | exam.auth                    | Login: candidate-359849c6@test.edu (candidate/approved, login=approved)
2026-09-27 12:47:11 | INFO     | exam.exam                    | Session 2ebc3593-5637-41f3-b622-0effd0598cac started: exam='Exam 213021' candidate=6248893b-2607-432f-81d2-cedcb92bdba6 questions=2 expires=2026-09-27T07:47:11.469788+00:00
2026-09-27 12:47:11 | INFO     | exam.auth                    | Login: examiner-102cc189@test.edu (examiner/approved)
2026-09-27 12:47:11 | INFO     | exam.live_signal             | Live broadcast socket open for session 2ebc3593-5637-41f3-b622-0effd0598cac
2026-09-27 12:47:11 | INFO     | exam.live_signal             | examiner-102cc189@test.edu watching live session 2ebc3593-5637-41f3-b622-0effd0598cac (viewer c5ea2495c0d140dba91a39fea55f78aa)
2026-09-27 12:47:11 | INFO     | exam.live_signal             | Viewer c5ea2495c0d140dba91a39fea55f78aa stopped watching session 2ebc3593-5637-41f3-b622-0effd0598cac
2026-09-27 12:47:11 | INFO     | exam.live_signal             | Live broadcast socket closed for session 2ebc3593-5637-41f3-b622-0effd0598cac
2026-09-27 12:47:11 | INFO     | exam.app                     | Shutdown complete
2026-09-27 12:47:11 | INFO     | exam.app                     | Starting AI-Based Intelligent Examination Platform (development)
2026-09-27 12:47:11 | INFO     | exam.app                     | Object storage ready: bucket exam-media
2026-09-27 12:47:11 | INFO     | exam.app                     | Session sweeper started (every 60s)
2026-09-27 12:47:11 | INFO     | exam.auth                    | Login: candidate-7e67a09c@test.edu (candidate/approved, login=approved)
2026-09-27 12:47:11 | INFO     | exam.exam                    | Session 09b7983e-6620-4a32-a6ec-22f17d9f1b44 started: exam='Exam 330a86' candidate=ced1be53-360e-427d-b723-5a4eebef5241 questions=2 expires=2026-09-27T07:47:11.815109+00:00
2026-09-27 12:47:11 | INFO     | exam.auth                    | Login: examiner-3983c054@test.edu (examiner/approved)
2026-09-27 12:47:11 | INFO     | exam.live_signal             | Live broadcast socket open for session 09b7983e-6620-4a32-a6ec-22f17d9f1b44
2026-09-27 12:47:11 | INFO     | exam.live_signal             | examiner-3983c054@test.edu watching live session 09b7983e-6620-4a32-a6ec-22f17d9f1b44 (viewer 1a505eae5eb748289f76608a69700885)
2026-09-27 12:47:11 | INFO     | exam.live_signal             | Viewer 1a505eae5eb748289f76608a69700885 stopped watching session 09b7983e-6620-4a32-a6ec-22f17d9f1b44
2026-09-27 12:47:11 | INFO     | exam.live_signal             | Live broadcast socket closed for session 09b7983e-6620-4a32-a6ec-22f17d9f1b44
2026-09-27 12:47:11 | INFO     | exam.app                     | Shutdown complete
2026-09-27 12:47:11 | INFO     | exam.app                     | Starting AI-Based Intelligent Examination Platform (development)
2026-09-27 12:47:11 | INFO     | exam.app                     | Object storage ready: bucket exam-media
2026-09-27 12:47:11 | INFO     | exam.app                     | Session sweeper started (every 60s)
2026-09-27 12:47:12 | INFO     | exam.auth                    | Login: candidate-c0f2a4fe@test.edu (candidate/approved, login=approved)
2026-09-27 12:47:12 | INFO     | exam.exam                    | Session a0f9d1e8-f81f-4b66-96bd-2422ff21d8eb started: exam='Exam 60d1c5' candidate=ca3a6d2d-243a-4f93-b045-dd16e1cacf19 questions=2 expires=2026-09-27T07:47:12.137081+00:00
2026-09-27 12:47:12 | INFO     | exam.auth                    | Login: examiner-2bc3448a@test.edu (examiner/approved)
2026-09-27 12:47:12 | INFO     | exam.live_signal             | Live broadcast socket open for session a0f9d1e8-f81f-4b66-96bd-2422ff21d8eb
2026-09-27 12:47:12 | INFO     | exam.live_signal             | examiner-2bc3448a@test.edu watching live session a0f9d1e8-f81f-4b66-96bd-2422ff21d8eb (viewer 7a0e2e4167de4056a07484f440f40df2)
2026-09-27 12:47:12 | INFO     | exam.live_signal             | Viewer 7a0e2e4167de4056a07484f440f40df2 stopped watching session a0f9d1e8-f81f-4b66-96bd-2422ff21d8eb
2026-09-27 12:47:12 | INFO     | exam.live_signal             | Live broadcast socket closed for session a0f9d1e8-f81f-4b66-96bd-2422ff21d8eb
2026-09-27 12:47:12 | INFO     | exam.app                     | Shutdown complete
2026-09-27 12:47:12 | INFO     | exam.app                     | Starting AI-Based Intelligent Examination Platform (development)
2026-09-27 12:47:12 | INFO     | exam.app                     | Object storage ready: bucket exam-media
2026-09-27 12:47:12 | INFO     | exam.app                     | Session sweeper started (every 60s)
2026-09-27 12:55:56 | INFO     | exam.auth                    | Login: candidate-fd2dd79e@test.edu (candidate/approved, login=approved)
2026-09-27 12:55:56 | INFO     | exam.exam                    | Session dac3f902-ec5b-4287-b700-15a3b4ee31e4 started: exam='Exam cb69c1' candidate=7cc3474b-9023-409c-bdf4-43b85416dc5b questions=2 expires=2026-09-27T07:55:56.082072+00:00
2026-09-27 12:55:56 | INFO     | exam.auth                    | Login: examiner-9b4a248c@test.edu (examiner/approved)
2026-09-27 12:55:56 | INFO     | exam.live_signal             | examiner-9b4a248c@test.edu watching live session dac3f902-ec5b-4287-b700-15a3b4ee31e4 (viewer 0d9d891b68f448af97287d6d960991f4)
2026-09-27 12:55:56 | INFO     | exam.live_signal             | Live broadcast socket open for session dac3f902-ec5b-4287-b700-15a3b4ee31e4
2026-09-27 12:55:56 | INFO     | exam.live_signal             | Live broadcast socket closed for session dac3f902-ec5b-4287-b700-15a3b4ee31e4
2026-09-27 12:55:56 | INFO     | exam.live_signal             | Viewer 0d9d891b68f448af97287d6d960991f4 stopped watching session dac3f902-ec5b-4287-b700-15a3b4ee31e4
2026-09-27 12:55:56 | INFO     | exam.app                     | Shutdown complete
2026-09-27 12:55:56 | INFO     | exam.app                     | Starting AI-Based Intelligent Examination Platform (development)
2026-09-27 12:55:56 | INFO     | exam.app                     | Object storage ready: bucket exam-media
2026-09-27 12:55:56 | INFO     | exam.app                     | Session sweeper started (every 60s)
2026-09-27 12:55:56 | INFO     | exam.auth                    | Login: candidate-be61eb09@test.edu (candidate/approved, login=pending)
2026-09-27 12:55:56 | INFO     | exam.app                     | Shutdown complete
2026-09-27 12:55:56 | INFO     | exam.app                     | Starting AI-Based Intelligent Examination Platform (development)
2026-09-27 12:55:56 | INFO     | exam.app                     | Object storage ready: bucket exam-media
2026-09-27 12:55:56 | INFO     | exam.app                     | Session sweeper started (every 60s)
2026-09-27 12:55:56 | INFO     | exam.auth                    | Login: candidate-47e949fd@test.edu (candidate/approved, login=pending)
2026-09-27 12:55:56 | INFO     | exam.app                     | Shutdown complete
2026-09-27 12:55:56 | INFO     | exam.app                     | Starting AI-Based Intelligent Examination Platform (development)
2026-09-27 12:55:56 | INFO     | exam.app                     | Object storage ready: bucket exam-media
2026-09-27 12:55:56 | INFO     | exam.app                     | Session sweeper started (every 60s)
2026-09-27 12:55:56 | INFO     | exam.auth                    | Login: candidate-e0c1c0d0@test.edu (candidate/approved, login=pending)
2026-09-27 12:55:56 | WARNING  | exam.auth                    | Login-approval gate blocked candidate-e0c1c0d0@test.edu (status=pending)
2026-09-27 12:55:56 | WARNING  | exam.auth                    | Login-approval gate blocked candidate-e0c1c0d0@test.edu (status=pending)
2026-09-27 12:55:56 | WARNING  | exam.auth                    | Login-approval gate blocked candidate-e0c1c0d0@test.edu (status=pending)
2026-09-27 12:55:56 | INFO     | exam.app                     | Shutdown complete
2026-09-27 12:55:57 | INFO     | exam.app                     | Starting AI-Based Intelligent Examination Platform (development)
2026-09-27 12:55:57 | INFO     | exam.app                     | Object storage ready: bucket exam-media
2026-09-27 12:55:57 | INFO     | exam.app                     | Session sweeper started (every 60s)
2026-09-27 12:55:57 | INFO     | exam.auth                    | Login: candidate-5ded2fb8@test.edu (candidate/approved, login=rejected)
2026-09-27 12:55:57 | WARNING  | exam.auth                    | Login-approval gate blocked candidate-5ded2fb8@test.edu (status=rejected)
2026-09-27 12:55:57 | INFO     | exam.app                     | Shutdown complete
2026-09-27 12:55:57 | INFO     | exam.app                     | Starting AI-Based Intelligent Examination Platform (development)
2026-09-27 12:55:57 | INFO     | exam.app                     | Object storage ready: bucket exam-media
2026-09-27 12:55:57 | INFO     | exam.app                     | Session sweeper started (every 60s)
2026-09-27 12:55:57 | INFO     | exam.app                     | Shutdown complete
2026-09-27 12:55:57 | INFO     | exam.app                     | Starting AI-Based Intelligent Examination Platform (development)
2026-09-27 12:55:57 | INFO     | exam.app                     | Object storage ready: bucket exam-media
2026-09-27 12:55:57 | INFO     | exam.app                     | Session sweeper started (every 60s)
2026-09-27 12:55:57 | INFO     | exam.auth                    | Login: admin-087427e6@test.edu (admin/approved)
2026-09-27 12:55:57 | INFO     | exam.app                     | Shutdown complete
2026-09-27 12:55:57 | INFO     | exam.app                     | Starting AI-Based Intelligent Examination Platform (development)
2026-09-27 12:55:57 | INFO     | exam.app                     | Object storage ready: bucket exam-media
2026-09-27 12:55:57 | INFO     | exam.app                     | Session sweeper started (every 60s)
2026-09-27 12:55:58 | INFO     | exam.app                     | Shutdown complete
2026-09-27 12:55:58 | INFO     | exam.auth                    | Login: candidate-29b7de9e@test.edu (candidate/approved, login=pending)
2026-09-27 12:55:58 | WARNING  | exam.auth                    | Login-approval gate blocked candidate-29b7de9e@test.edu (status=pending)
2026-09-27 12:55:58 | INFO     | exam.auth                    | Login: admin-9d327b35@test.edu (admin/approved)
2026-09-27 12:55:58 | INFO     | exam.auth                    | Login: admin-9d327b35@test.edu (admin/approved)
2026-09-27 12:55:58 | INFO     | exam.login-access            | admin-9d327b35@test.edu (admin) set login access for candidate-29b7de9e@test.edu: pending -> approved (Enrolment verified)
2026-09-27 12:55:58 | INFO     | exam.auth                    | Login: candidate-29b7de9e@test.edu (candidate/approved, login=approved)
2026-09-27 12:55:58 | INFO     | exam.app                     | Shutdown complete
2026-09-27 12:55:58 | INFO     | exam.app                     | Starting AI-Based Intelligent Examination Platform (development)
2026-09-27 12:55:58 | INFO     | exam.app                     | Object storage ready: bucket exam-media
2026-09-27 12:55:58 | INFO     | exam.app                     | Session sweeper started (every 60s)
2026-09-27 12:55:58 | INFO     | exam.auth                    | Login: candidate-2d52e0c2@test.edu (candidate/approved, login=approved)
2026-09-27 12:55:58 | INFO     | exam.auth                    | Login: candidate-2d52e0c2@test.edu (candidate/approved, login=approved)
2026-09-27 12:55:58 | INFO     | exam.app                     | Shutdown complete
2026-09-27 12:55:58 | INFO     | exam.app                     | Starting AI-Based Intelligent Examination Platform (development)
2026-09-27 12:55:58 | INFO     | exam.app                     | Object storage ready: bucket exam-media
2026-09-27 12:55:58 | INFO     | exam.app                     | Session sweeper started (every 60s)
2026-09-27 12:55:58 | INFO     | exam.auth                    | Login: candidate-b7eb0dfa@test.edu (candidate/approved, login=approved)
2026-09-27 12:55:59 | INFO     | exam.auth                    | Login: admin-84ef293f@test.edu (admin/approved)
2026-09-27 12:55:59 | INFO     | exam.auth                    | Login: admin-84ef293f@test.edu (admin/approved)
2026-09-27 12:55:59 | INFO     | exam.login-access            | admin-84ef293f@test.edu (admin) set login access for candidate-b7eb0dfa@test.edu: approved -> rejected (Access revoked pending investigation)
2026-09-27 12:55:59 | INFO     | exam.auth                    | Login: candidate-b7eb0dfa@test.edu (candidate/approved, login=rejected)
2026-09-27 12:55:59 | WARNING  | exam.auth                    | Login-approval gate blocked candidate-b7eb0dfa@test.edu (status=rejected)
2026-09-27 12:55:59 | INFO     | exam.app                     | Shutdown complete
2026-09-27 12:55:59 | INFO     | exam.app                     | Starting AI-Based Intelligent Examination Platform (development)
2026-09-27 12:55:59 | INFO     | exam.app                     | Object storage ready: bucket exam-media
2026-09-27 12:55:59 | INFO     | exam.app                     | Session sweeper started (every 60s)
2026-09-27 12:55:59 | INFO     | exam.auth                    | Login: examiner-fbfd6da2@test.edu (examiner/approved)
2026-09-27 12:55:59 | INFO     | exam.app                     | Shutdown complete
2026-09-27 12:55:59 | INFO     | exam.app                     | Starting AI-Based Intelligent Examination Platform (development)
2026-09-27 12:55:59 | INFO     | exam.app                     | Object storage ready: bucket exam-media
2026-09-27 12:55:59 | INFO     | exam.app                     | Session sweeper started (every 60s)
2026-09-27 12:55:59 | INFO     | exam.auth                    | Login: examiner-346385aa@test.edu (examiner/approved)
2026-09-27 12:55:59 | INFO     | exam.auth                    | Login: examiner-346385aa@test.edu (examiner/approved)
2026-09-27 12:55:59 | INFO     | exam.login-access            | examiner-346385aa@test.edu (examiner) set login access for candidate-644a0966@test.edu: pending -> approved (Enrolled in my paper)
2026-09-27 12:55:59 | INFO     | exam.auth                    | Login: candidate-644a0966@test.edu (candidate/approved, login=approved)
2026-09-27 12:55:59 | INFO     | exam.app                     | Shutdown complete
2026-09-27 12:55:59 | INFO     | exam.app                     | Starting AI-Based Intelligent Examination Platform (development)
2026-09-27 12:55:59 | INFO     | exam.app                     | Object storage ready: bucket exam-media
2026-09-27 12:55:59 | INFO     | exam.app                     | Session sweeper started (every 60s)
2026-09-27 12:56:00 | INFO     | exam.auth                    | Login: admin-b1908b12@test.edu (admin/approved)
2026-09-27 12:56:00 | INFO     | exam.auth                    | Login: examiner-f0c092db@test.edu (examiner/approved)
2026-09-27 12:56:00 | WARNING  | exam.login-access            | examiner-f0c092db@test.edu tried to review candidate-00aa2eb4@test.edu, who is outside their scope
2026-09-27 12:56:00 | INFO     | exam.auth                    | Login: candidate-00aa2eb4@test.edu (candidate/approved, login=pending)
2026-09-27 12:56:00 | WARNING  | exam.auth                    | Login-approval gate blocked candidate-00aa2eb4@test.edu (status=pending)
2026-09-27 12:56:00 | INFO     | exam.app                     | Shutdown complete
2026-09-27 12:56:00 | INFO     | exam.app                     | Starting AI-Based Intelligent Examination Platform (development)
2026-09-27 12:56:00 | INFO     | exam.app                     | Object storage ready: bucket exam-media
2026-09-27 12:56:00 | INFO     | exam.app                     | Session sweeper started (every 60s)
2026-09-27 12:56:00 | INFO     | exam.auth                    | Login: candidate-2d17b8cb@test.edu (candidate/approved, login=approved)
2026-09-27 12:56:00 | WARNING  | exam.auth                    | Role denied: candidate-2d17b8cb@test.edu (candidate) tried a examiner/admin-only route
2026-09-27 12:56:00 | INFO     | exam.app                     | Shutdown complete
2026-09-27 12:56:00 | INFO     | exam.app                     | Starting AI-Based Intelligent Examination Platform (development)
2026-09-27 12:56:00 | INFO     | exam.app                     | Object storage ready: bucket exam-media
2026-09-27 12:56:00 | INFO     | exam.app                     | Session sweeper started (every 60s)
2026-09-27 12:56:00 | INFO     | exam.auth                    | Login: admin-371066bb@test.edu (admin/approved)
2026-09-27 12:56:00 | INFO     | exam.auth                    | Login: candidate-479db61c@test.edu (candidate/approved, login=pending)
2026-09-27 12:56:00 | WARNING  | exam.auth                    | Role denied: candidate-479db61c@test.edu (candidate) tried a examiner/admin-only route
2026-09-27 12:56:00 | INFO     | exam.auth                    | Login: candidate-479db61c@test.edu (candidate/approved, login=pending)
2026-09-27 12:56:00 | WARNING  | exam.auth                    | Login-approval gate blocked candidate-479db61c@test.edu (status=pending)
2026-09-27 12:56:00 | INFO     | exam.app                     | Shutdown complete
2026-09-27 12:56:00 | INFO     | exam.app                     | Starting AI-Based Intelligent Examination Platform (development)
2026-09-27 12:56:00 | INFO     | exam.app                     | Object storage ready: bucket exam-media
2026-09-27 12:56:00 | INFO     | exam.app                     | Session sweeper started (every 60s)
2026-09-27 12:56:00 | INFO     | exam                         | Logging initialised -> D:\AI_Based_Examination_platform\logs
2026-09-27 12:56:00 | INFO     | exam.auth                    | Login: candidate-691d9ed9@test.edu (candidate/approved, login=pending)
2026-09-27 12:56:00 | WARNING  | exam.auth                    | Role denied: candidate-691d9ed9@test.edu (candidate) tried a admin-only route
2026-09-27 12:56:00 | INFO     | exam.app                     | Shutdown complete
2026-09-27 12:56:00 | INFO     | exam.app                     | Starting AI-Based Intelligent Examination Platform (development)
2026-09-27 12:56:00 | INFO     | exam.app                     | Object storage ready: bucket exam-media
2026-09-27 12:56:00 | INFO     | exam.app                     | Session sweeper started (every 60s)
2026-09-27 12:56:01 | INFO     | exam.auth                    | Login: candidate-7db7f396@test.edu (candidate/approved, login=approved)
2026-09-27 12:56:01 | WARNING  | exam.auth                    | Role denied: candidate-7db7f396@test.edu (candidate) tried a examiner/admin-only route
2026-09-27 12:56:01 | INFO     | exam.app                     | Shutdown complete
2026-09-27 12:56:01 | INFO     | exam.app                     | Starting AI-Based Intelligent Examination Platform (development)
2026-09-27 12:56:01 | INFO     | exam.app                     | Object storage ready: bucket exam-media
2026-09-27 12:56:01 | INFO     | exam.app                     | Session sweeper started (every 60s)
2026-09-27 12:56:01 | INFO     | exam.auth                    | Login: candidate-32ace6b1@test.edu (candidate/approved, login=approved)
2026-09-27 12:56:01 | INFO     | exam.app                     | Shutdown complete
2026-09-27 12:56:01 | INFO     | exam.app                     | Starting AI-Based Intelligent Examination Platform (development)
2026-09-27 12:56:01 | INFO     | exam.app                     | Object storage ready: bucket exam-media
2026-09-27 12:56:01 | INFO     | exam.app                     | Session sweeper started (every 60s)
2026-09-27 12:56:01 | INFO     | exam.auth                    | Login: candidate-9ab57f40@test.edu (candidate/approved, login=approved)
2026-09-27 12:56:01 | WARNING  | exam.exam                    | Candidate a4968873-7039-458b-a49b-7eacf3e22879 tried to start exam 22c9733a-3ded-4e86-a163-88fbedc474c7 without an enrolment
2026-09-27 12:56:01 | INFO     | exam.app                     | Shutdown complete
2026-09-27 12:56:01 | INFO     | exam.app                     | Starting AI-Based Intelligent Examination Platform (development)
2026-09-27 12:56:01 | INFO     | exam.app                     | Object storage ready: bucket exam-media
2026-09-27 12:56:01 | INFO     | exam.app                     | Session sweeper started (every 60s)
2026-09-27 12:56:01 | INFO     | exam.app                     | Starting AI-Based Intelligent Examination Platform (development)
2026-09-27 12:56:01 | INFO     | exam.auth                    | Login: candidate-9c04a53f@test.edu (candidate/approved, login=approved)
2026-09-27 12:56:01 | INFO     | exam.app                     | Object storage ready: bucket exam-media
2026-09-27 12:56:01 | INFO     | exam.app                     | Session sweeper started (every 60s)
2026-09-27 12:56:01 | INFO     | exam.auth                    | Login: examiner-b044ed5f@test.edu (examiner/approved)
2026-09-27 12:56:01 | INFO     | exam.login-access            | examiner-b044ed5f@test.edu enrolled 1 candidate(s) in 'Exam a6c94c'
2026-09-27 12:56:01 | INFO     | exam.exam                    | Session 717d89d9-46c9-4e21-9aec-8cafb130d22b started: exam='Exam a6c94c' candidate=b3f7a4fc-8e7e-493c-a9e9-83db6dd5011a questions=2 expires=2026-09-27T07:56:01.913783+00:00
2026-09-27 12:56:01 | INFO     | exam.app                     | Shutdown complete
2026-09-27 12:56:01 | INFO     | exam.app                     | Starting AI-Based Intelligent Examination Platform (development)
2026-09-27 12:56:01 | INFO     | exam.app                     | Object storage ready: bucket exam-media
2026-09-27 12:56:01 | INFO     | exam.app                     | Session sweeper started (every 60s)
2026-09-27 12:56:02 | INFO     | exam.auth                    | Login: examiner-509d8c06@test.edu (examiner/approved)
2026-09-27 12:56:02 | INFO     | exam.login-access            | examiner-509d8c06@test.edu enrolled 1 candidate(s) in 'Exam 02944e'
2026-09-27 12:56:02 | INFO     | exam.login-access            | examiner-509d8c06@test.edu enrolled 0 candidate(s) in 'Exam 02944e'
2026-09-27 12:56:02 | INFO     | exam.app                     | Shutdown complete
2026-09-27 12:56:02 | INFO     | exam.app                     | Starting AI-Based Intelligent Examination Platform (development)
2026-09-27 12:56:02 | INFO     | exam.app                     | Object storage ready: bucket exam-media
2026-09-27 12:56:02 | INFO     | exam.app                     | Session sweeper started (every 60s)
2026-09-27 12:56:02 | INFO     | exam.auth                    | Login: candidate-25e6cb3c@test.edu (candidate/approved, login=approved)
2026-09-27 12:56:02 | INFO     | exam.exam                    | Session 9b8aa7e2-acf1-40b6-965d-33387fe71686 started: exam='Exam 2e7de6' candidate=5b2f4f76-65a2-4a46-98cd-83f7c71fd253 questions=2 expires=2026-09-27T07:56:02.341196+00:00
2026-09-27 12:56:02 | INFO     | exam.auth                    | Login: examiner-f84de376@test.edu (examiner/approved)
2026-09-27 12:56:02 | INFO     | exam.app                     | Shutdown complete
2026-09-27 12:56:02 | INFO     | exam.app                     | Starting AI-Based Intelligent Examination Platform (development)
2026-09-27 12:56:02 | INFO     | exam.app                     | Object storage ready: bucket exam-media
2026-09-27 12:56:02 | INFO     | exam.app                     | Session sweeper started (every 60s)
2026-09-27 12:56:02 | INFO     | exam.auth                    | Login: examiner-0ef2dfb6@test.edu (examiner/approved)
2026-09-27 12:56:02 | INFO     | exam.app                     | Shutdown complete
2026-09-27 12:56:02 | INFO     | exam.app                     | Starting AI-Based Intelligent Examination Platform (development)
2026-09-27 12:56:02 | INFO     | exam.app                     | Object storage ready: bucket exam-media
2026-09-27 12:56:02 | INFO     | exam.app                     | Session sweeper started (every 60s)
2026-09-27 12:56:02 | INFO     | exam.auth                    | Login: admin-d21e313e@test.edu (admin/approved)
2026-09-27 12:56:02 | INFO     | exam.app                     | Shutdown complete
2026-09-27 12:56:04 | INFO     | exam.app                     | Starting AI-Based Intelligent Examination Platform (development)
2026-09-27 12:56:04 | INFO     | exam.app                     | Object storage ready: bucket exam-media
2026-09-27 12:56:04 | INFO     | exam.app                     | Session sweeper started (every 60s)
2026-09-27 12:56:04 | INFO     | exam.auth                    | Login: candidate-b49fd707@test.edu (candidate/approved, login=approved)
2026-09-27 12:56:04 | INFO     | exam.app                     | Shutdown complete
2026-09-27 12:56:04 | INFO     | exam.app                     | Starting AI-Based Intelligent Examination Platform (development)
2026-09-27 12:56:04 | INFO     | exam.app                     | Object storage ready: bucket exam-media
2026-09-27 12:56:04 | INFO     | exam.app                     | Session sweeper started (every 60s)
2026-09-27 12:56:04 | INFO     | exam.auth                    | Login: examiner-c5f40cb5@test.edu (examiner/approved)
2026-09-27 12:56:05 | INFO     | exam.exams                   | examiner-c5f40cb5@test.edu created academic exam 'Multilingual exam'
2026-09-27 12:56:05 | INFO     | exam.app                     | Shutdown complete
2026-09-27 12:56:05 | INFO     | exam.app                     | Starting AI-Based Intelligent Examination Platform (development)
2026-09-27 12:56:05 | INFO     | exam.app                     | Object storage ready: bucket exam-media
2026-09-27 12:56:05 | INFO     | exam.app                     | Session sweeper started (every 60s)
2026-09-27 12:56:05 | INFO     | exam.auth                    | Login: examiner-7952f8f5@test.edu (examiner/approved)
2026-09-27 12:56:05 | INFO     | exam.app                     | Shutdown complete
2026-09-27 12:56:05 | INFO     | exam.app                     | Starting AI-Based Intelligent Examination Platform (development)
2026-09-27 12:56:05 | INFO     | exam.app                     | Object storage ready: bucket exam-media
2026-09-27 12:56:05 | INFO     | exam.app                     | Session sweeper started (every 60s)
2026-09-27 12:56:05 | INFO     | exam.auth                    | Login: candidate-6929dc51@test.edu (candidate/approved, login=approved)
2026-09-27 12:56:05 | INFO     | exam.exam                    | Session 30e96db4-cd47-4531-a5a5-474eaf8e5ae5 started: exam='Exam 74cd44' candidate=6793fa55-b7b9-4e6c-baa0-36a86d8a23c3 questions=1 expires=2026-09-27T07:56:05.746930+00:00
2026-09-27 12:56:05 | INFO     | exam.app                     | Shutdown complete
2026-09-27 12:56:07 | INFO     | exam.app                     | Starting AI-Based Intelligent Examination Platform (development)
2026-09-27 12:56:07 | INFO     | exam.app                     | Object storage ready: bucket exam-media
2026-09-27 12:56:07 | INFO     | exam.app                     | Session sweeper started (every 60s)
2026-09-27 12:56:07 | INFO     | exam.auth                    | Login: candidate-511021fa@test.edu (candidate/approved, login=approved)
2026-09-27 12:56:07 | INFO     | exam.exam                    | Session 8b96717d-b3e1-4a44-b4da-9cfbe868abcd started: exam='Exam 761640' candidate=0cbe48cc-c0d4-4679-a448-a0ea7d57a71b questions=2 expires=2026-09-27T07:56:07.734755+00:00
2026-09-27 12:56:07 | INFO     | exam.exam                    | Session 8b96717d-b3e1-4a44-b4da-9cfbe868abcd finalised as submitted: 2 auto-scored, 0 queued for review
2026-09-27 12:56:07 | INFO     | exam.auth                    | Login: examiner-7589c024@test.edu (examiner/approved)
2026-09-27 12:56:07 | INFO     | exam.grading                 | examiner-7589c024@test.edu published the result for candidate-511021fa@test.edu on 'Exam 761640'
2026-09-27 12:56:07 | INFO     | exam.app                     | Shutdown complete
2026-09-27 12:56:07 | INFO     | exam.app                     | Starting AI-Based Intelligent Examination Platform (development)
2026-09-27 12:56:07 | INFO     | exam.app                     | Object storage ready: bucket exam-media
2026-09-27 12:56:07 | INFO     | exam.app                     | Session sweeper started (every 60s)
2026-09-27 12:56:08 | INFO     | exam.auth                    | Login: candidate-70774614@test.edu (candidate/approved, login=approved)
2026-09-27 12:56:08 | INFO     | exam.exam                    | Session 216532bd-3119-493f-9584-3d1b4bbba984 started: exam='Exam 8311e6' candidate=78287f57-f0d5-4c57-9f34-13aed32bbd22 questions=2 expires=2026-09-27T07:56:08.149899+00:00
2026-09-27 12:56:08 | INFO     | exam.exam                    | Session 216532bd-3119-493f-9584-3d1b4bbba984 finalised as submitted: 2 auto-scored, 0 queued for review
2026-09-27 12:56:08 | INFO     | exam.auth                    | Login: examiner-c0b2f721@test.edu (examiner/approved)
2026-09-27 12:56:08 | INFO     | exam.grading                 | examiner-c0b2f721@test.edu published the result for candidate-70774614@test.edu on 'Exam 8311e6'
2026-09-27 12:56:08 | INFO     | exam.app                     | Shutdown complete
2026-09-27 12:56:08 | INFO     | exam.app                     | Starting AI-Based Intelligent Examination Platform (development)
2026-09-27 12:56:08 | INFO     | exam.app                     | Object storage ready: bucket exam-media
2026-09-27 12:56:08 | INFO     | exam.app                     | Session sweeper started (every 60s)
2026-09-27 12:56:09 | INFO     | exam.auth                    | Login: examiner-cfaf71e0@test.edu (examiner/approved)
2026-09-27 12:56:09 | INFO     | exam.app                     | Shutdown complete
2026-09-27 12:56:09 | INFO     | exam.app                     | Starting AI-Based Intelligent Examination Platform (development)
2026-09-27 12:56:09 | INFO     | exam.app                     | Object storage ready: bucket exam-media
2026-09-27 12:56:09 | INFO     | exam.app                     | Session sweeper started (every 60s)
2026-09-27 12:56:09 | INFO     | exam.auth                    | Login: examiner-81d7f73c@test.edu (examiner/approved)
2026-09-27 12:56:09 | INFO     | exam.pdf_extract             | Extracted 3640 chars from 2 page(s) (0 empty, truncated=False)
2026-09-27 12:56:09 | INFO     | exam.ai_generator            | Using stub AI generator (3 questions)
2026-09-27 12:56:09 | INFO     | exam.ai_questions            | examiner-81d7f73c@test.edu imported notes.pdf (2 pages, 3640 chars) -> 3 draft(s), grounded=False
2026-09-27 12:56:09 | INFO     | exam.app                     | Shutdown complete
2026-09-27 12:56:09 | INFO     | exam.app                     | Starting AI-Based Intelligent Examination Platform (development)
2026-09-27 12:56:09 | INFO     | exam.app                     | Object storage ready: bucket exam-media
2026-09-27 12:56:09 | INFO     | exam.app                     | Session sweeper started (every 60s)
2026-09-27 12:56:09 | INFO     | exam.auth                    | Login: examiner-47d3c309@test.edu (examiner/approved)
2026-09-27 12:56:09 | INFO     | exam.pdf_extract             | Extracted 3640 chars from 2 page(s) (0 empty, truncated=False)
2026-09-27 12:56:09 | INFO     | exam.ai_generator            | Using stub AI generator (3 questions)
2026-09-27 12:56:09 | INFO     | exam.ai_questions            | examiner-47d3c309@test.edu imported syllabus-2026.pdf (2 pages, 3640 chars) -> 3 draft(s), grounded=False
2026-09-27 12:56:09 | INFO     | exam.app                     | Shutdown complete
2026-09-27 12:56:09 | INFO     | exam.app                     | Starting AI-Based Intelligent Examination Platform (development)
2026-09-27 12:56:09 | INFO     | exam.app                     | Object storage ready: bucket exam-media
2026-09-27 12:56:09 | INFO     | exam.app                     | Session sweeper started (every 60s)
2026-09-27 12:56:09 | INFO     | exam.auth                    | Login: examiner-a0460b90@test.edu (examiner/approved)
2026-09-27 12:56:09 | INFO     | exam.pdf_extract             | Extracted 3640 chars from 2 page(s) (0 empty, truncated=False)
2026-09-27 12:56:09 | INFO     | exam.ai_generator            | Using stub AI generator (3 questions)
2026-09-27 12:56:09 | INFO     | exam.ai_questions            | examiner-a0460b90@test.edu imported notes.pdf (2 pages, 3640 chars) -> 3 draft(s), grounded=False
2026-09-27 12:56:09 | INFO     | exam.app                     | Shutdown complete
2026-09-27 12:56:09 | INFO     | exam.app                     | Starting AI-Based Intelligent Examination Platform (development)
2026-09-27 12:56:09 | INFO     | exam.app                     | Object storage ready: bucket exam-media
2026-09-27 12:56:09 | INFO     | exam.app                     | Session sweeper started (every 60s)
2026-09-27 12:56:09 | INFO     | exam.auth                    | Login: examiner-93a1323c@test.edu (examiner/approved)
2026-09-27 12:56:09 | INFO     | exam.app                     | Shutdown complete
2026-09-27 12:56:09 | INFO     | exam.app                     | Starting AI-Based Intelligent Examination Platform (development)
2026-09-27 12:56:09 | INFO     | exam.app                     | Object storage ready: bucket exam-media
2026-09-27 12:56:09 | INFO     | exam.app                     | Session sweeper started (every 60s)
2026-09-27 12:56:09 | INFO     | exam.auth                    | Login: examiner-41260188@test.edu (examiner/approved)
2026-09-27 12:56:09 | INFO     | exam.app                     | Shutdown complete
2026-09-27 12:56:09 | INFO     | exam.app                     | Starting AI-Based Intelligent Examination Platform (development)
2026-09-27 12:56:09 | INFO     | exam.app                     | Object storage ready: bucket exam-media
2026-09-27 12:56:09 | INFO     | exam.app                     | Session sweeper started (every 60s)
2026-09-27 12:56:09 | INFO     | exam.auth                    | Login: examiner-6630ec85@test.edu (examiner/approved)
2026-09-27 12:56:10 | INFO     | exam.app                     | Shutdown complete
2026-09-27 12:56:10 | INFO     | exam.app                     | Starting AI-Based Intelligent Examination Platform (development)
2026-09-27 12:56:10 | INFO     | exam.app                     | Object storage ready: bucket exam-media
2026-09-27 12:56:10 | INFO     | exam.app                     | Session sweeper started (every 60s)
2026-09-27 12:56:10 | INFO     | exam.auth                    | Login: examiner-daaf9a2d@test.edu (examiner/approved)
2026-09-27 12:56:10 | INFO     | exam.pdf_extract             | Extracted 3640 chars from 2 page(s) (0 empty, truncated=False)
2026-09-27 12:56:10 | INFO     | exam.ai_generator            | Using stub AI generator (3 questions)
2026-09-27 12:56:10 | INFO     | exam.ai_questions            | examiner-daaf9a2d@test.edu imported notes.pdf (2 pages, 3640 chars) -> 3 draft(s), grounded=False
2026-09-27 12:56:10 | INFO     | exam.app                     | Shutdown complete
2026-09-27 12:56:10 | INFO     | exam.app                     | Starting AI-Based Intelligent Examination Platform (development)
2026-09-27 12:56:10 | INFO     | exam.app                     | Object storage ready: bucket exam-media
2026-09-27 12:56:10 | INFO     | exam.app                     | Session sweeper started (every 60s)
2026-09-27 12:56:10 | INFO     | exam.auth                    | Login: candidate-9c7acab9@test.edu (candidate/approved, login=approved)
2026-09-27 12:56:10 | WARNING  | exam.auth                    | Role denied: candidate-9c7acab9@test.edu (candidate) tried a examiner/admin-only route
2026-09-27 12:56:10 | INFO     | exam.app                     | Shutdown complete
2026-09-27 12:56:10 | INFO     | exam.app                     | Starting AI-Based Intelligent Examination Platform (development)
2026-09-27 12:56:10 | INFO     | exam.app                     | Object storage ready: bucket exam-media
2026-09-27 12:56:10 | INFO     | exam.app                     | Session sweeper started (every 60s)
2026-09-27 12:56:10 | INFO     | exam.auth                    | Login: examiner-7567b182@test.edu (examiner/approved)
2026-09-27 12:56:10 | INFO     | exam.pdf_extract             | Extracted 3640 chars from 2 page(s) (0 empty, truncated=False)
2026-09-27 12:56:10 | INFO     | exam.ai_generator            | Using stub AI generator (1 questions)
2026-09-27 12:56:10 | INFO     | exam.ai_questions            | examiner-7567b182@test.edu imported notes.pdf (2 pages, 3640 chars) -> 1 draft(s), grounded=False
2026-09-27 12:56:10 | INFO     | exam.ai_questions            | examiner-7567b182@test.edu approved AI draft 45c74e20-b25c-4c82-b6a3-398e7e847e76 → question 8635bab8-41c2-479d-9aeb-457b56872e21
2026-09-27 12:56:10 | INFO     | exam.app                     | Shutdown complete
2026-09-27 12:56:12 | INFO     | exam.app                     | Starting AI-Based Intelligent Examination Platform (development)
2026-09-27 12:56:12 | INFO     | exam.app                     | Object storage ready: bucket exam-media
2026-09-27 12:56:12 | INFO     | exam.app                     | Session sweeper started (every 60s)
2026-09-27 12:56:12 | INFO     | exam.auth                    | Login: examiner-5693dcf6@test.edu (examiner/approved)
2026-09-27 12:56:12 | INFO     | exam.app                     | Shutdown complete
2026-09-27 12:56:12 | INFO     | exam.app                     | Starting AI-Based Intelligent Examination Platform (development)
2026-09-27 12:56:12 | INFO     | exam.app                     | Object storage ready: bucket exam-media
2026-09-27 12:56:12 | INFO     | exam.app                     | Session sweeper started (every 60s)
2026-09-27 12:56:13 | INFO     | exam.auth                    | Login: examiner-6e7ac3b3@test.edu (examiner/approved)
2026-09-27 12:56:13 | INFO     | exam.app                     | Shutdown complete
2026-09-27 12:56:13 | INFO     | exam.app                     | Starting AI-Based Intelligent Examination Platform (development)
2026-09-27 12:56:13 | INFO     | exam.app                     | Object storage ready: bucket exam-media
2026-09-27 12:56:13 | INFO     | exam.app                     | Session sweeper started (every 60s)
2026-09-27 12:56:13 | INFO     | exam.auth                    | Login: examiner-9bd4608a@test.edu (examiner/approved)
2026-09-27 12:56:13 | INFO     | exam.exams                   | examiner-9bd4608a@test.edu added 0 question(s) to exam 04a3dc9b-2569-4b61-a678-9073bdb04224
2026-09-27 12:56:13 | INFO     | exam.app                     | Shutdown complete
2026-09-27 12:56:13 | INFO     | exam.app                     | Starting AI-Based Intelligent Examination Platform (development)
2026-09-27 12:56:13 | INFO     | exam.app                     | Object storage ready: bucket exam-media
2026-09-27 12:56:13 | INFO     | exam.app                     | Session sweeper started (every 60s)
2026-09-27 12:56:13 | INFO     | exam.auth                    | Login: examiner-af460e51@test.edu (examiner/approved)
2026-09-27 12:56:13 | INFO     | exam.app                     | Shutdown complete
2026-09-27 12:56:13 | INFO     | exam.app                     | Starting AI-Based Intelligent Examination Platform (development)
2026-09-27 12:56:13 | INFO     | exam.app                     | Object storage ready: bucket exam-media
2026-09-27 12:56:13 | INFO     | exam.app                     | Session sweeper started (every 60s)
2026-09-27 12:56:13 | INFO     | exam.auth                    | Login: examiner-d9ead3f8@test.edu (examiner/approved)
2026-09-27 12:56:13 | INFO     | exam.app                     | Shutdown complete
2026-09-27 12:56:13 | INFO     | exam.app                     | Starting AI-Based Intelligent Examination Platform (development)
2026-09-27 12:56:13 | INFO     | exam.app                     | Object storage ready: bucket exam-media
2026-09-27 12:56:13 | INFO     | exam.app                     | Session sweeper started (every 60s)
2026-09-27 12:56:14 | INFO     | exam.auth                    | Login: examiner-06c0e72b@test.edu (examiner/approved)
2026-09-27 12:56:14 | INFO     | exam.exams                   | examiner-06c0e72b@test.edu added 1 question(s) to exam 08e7e47c-d6f0-4917-a99d-3d1b001bbc2c
2026-09-27 12:56:14 | INFO     | exam.app                     | Shutdown complete
2026-09-27 12:56:14 | INFO     | exam.app                     | Starting AI-Based Intelligent Examination Platform (development)
2026-09-27 12:56:14 | INFO     | exam.app                     | Object storage ready: bucket exam-media
2026-09-27 12:56:14 | INFO     | exam.app                     | Session sweeper started (every 60s)
2026-09-27 12:56:14 | INFO     | exam.auth                    | Login: candidate-e8cb6253@test.edu (candidate/approved, login=approved)
2026-09-27 12:56:14 | INFO     | exam.exam                    | Session 32a20b49-4a41-4164-b573-738fca3652ed started: exam='Exam 689a7d' candidate=eaa375e1-ce95-410d-af70-2c90a6d3098d questions=2 expires=2026-09-27T07:56:14.298198+00:00
2026-09-27 12:56:14 | INFO     | exam.proctor                 | Proctor socket open for session 32a20b49-4a41-4164-b573-738fca3652ed
2026-09-27 12:56:14 | INFO     | exam.proctor                 | Proctor socket closed for session 32a20b49-4a41-4164-b573-738fca3652ed
2026-09-27 12:56:14 | INFO     | exam.app                     | Shutdown complete
2026-09-27 12:56:14 | INFO     | exam.app                     | Starting AI-Based Intelligent Examination Platform (development)
2026-09-27 12:56:14 | INFO     | exam.app                     | Object storage ready: bucket exam-media
2026-09-27 12:56:14 | INFO     | exam.app                     | Session sweeper started (every 60s)
2026-09-27 12:56:14 | INFO     | exam.auth                    | Login: candidate-2d7a20f6@test.edu (candidate/approved, login=approved)
2026-09-27 12:56:14 | INFO     | exam.exam                    | Session 0191a497-d8f7-4892-955c-fd03a3265d12 started: exam='Exam 3032b0' candidate=bf8b27fa-7b5a-42af-853f-f7074f5b2554 questions=2 expires=2026-09-27T07:56:14.582111+00:00
2026-09-27 12:56:14 | INFO     | exam.app                     | Shutdown complete
2026-09-27 12:56:14 | INFO     | exam.app                     | Starting AI-Based Intelligent Examination Platform (development)
2026-09-27 12:56:14 | INFO     | exam.app                     | Object storage ready: bucket exam-media
2026-09-27 12:56:14 | INFO     | exam.app                     | Session sweeper started (every 60s)
2026-09-27 12:56:14 | INFO     | exam.auth                    | Login: candidate-378300db@test.edu (candidate/approved, login=approved)
2026-09-27 12:56:14 | INFO     | exam.exam                    | Session bd29877a-b066-4f5a-9ffb-65ce4ad8c869 started: exam='Exam 43dc5f' candidate=11ca1078-f81c-4e89-b4e9-6fba680c9375 questions=2 expires=2026-09-27T07:56:14.836410+00:00
2026-09-27 12:56:14 | INFO     | exam.app                     | Shutdown complete
2026-09-27 12:56:14 | INFO     | exam.app                     | Starting AI-Based Intelligent Examination Platform (development)
2026-09-27 12:56:14 | INFO     | exam.app                     | Object storage ready: bucket exam-media
2026-09-27 12:56:14 | INFO     | exam.app                     | Session sweeper started (every 60s)
2026-09-27 12:56:15 | INFO     | exam.auth                    | Login: candidate-e3c22bbd@test.edu (candidate/approved, login=approved)
2026-09-27 12:56:15 | INFO     | exam.exam                    | Session e066e84c-ae02-4da7-b32d-29f2af900e3b started: exam='Exam 360930' candidate=41cc1362-9ab4-44a9-b2cb-d89d83da5766 questions=2 expires=2026-09-27T07:56:15.089062+00:00
2026-09-27 12:56:15 | INFO     | exam.auth                    | Login: candidate-fc3ae205@test.edu (candidate/approved, login=approved)
2026-09-27 12:56:15 | WARNING  | exam.auth                    | Exam token misuse over WS: token for 41cc1362-9ab4-44a9-b2cb-d89d83da5766 presented by 6b261dd2-48dd-430c-bb09-0804544e5608
2026-09-27 12:56:15 | INFO     | exam.app                     | Shutdown complete
2026-09-27 12:56:15 | INFO     | exam.app                     | Starting AI-Based Intelligent Examination Platform (development)
2026-09-27 12:56:15 | INFO     | exam.app                     | Object storage ready: bucket exam-media
2026-09-27 12:56:15 | INFO     | exam.app                     | Session sweeper started (every 60s)
2026-09-27 12:56:15 | INFO     | exam.auth                    | Login: candidate-489d23da@test.edu (candidate/approved, login=approved)
2026-09-27 12:56:15 | INFO     | exam.exam                    | Session 8b8c2950-9470-4eb4-869e-87712d0c1117 started: exam='Exam cd0dc1' candidate=7533aa2b-f55b-4487-9733-61d590a8af66 questions=2 expires=2026-09-27T07:56:15.410906+00:00
2026-09-27 12:56:15 | INFO     | exam.auth                    | Login: candidate-13f44b34@test.edu (candidate/approved, login=approved)
2026-09-27 12:56:15 | INFO     | exam.exam                    | Session 41017b8b-19ae-40fc-8d54-f74cf60ed5fe started: exam='Exam cd0dc1' candidate=6455a98a-17aa-4a5f-84d2-f0ae329ce5c2 questions=2 expires=2026-09-27T07:56:15.508747+00:00
2026-09-27 12:56:15 | INFO     | exam.app                     | Shutdown complete
2026-09-27 12:56:15 | INFO     | exam.app                     | Starting AI-Based Intelligent Examination Platform (development)
2026-09-27 12:56:15 | INFO     | exam.app                     | Object storage ready: bucket exam-media
2026-09-27 12:56:15 | INFO     | exam.app                     | Session sweeper started (every 60s)
2026-09-27 12:56:15 | INFO     | exam.auth                    | Login: candidate-4e542bd0@test.edu (candidate/approved, login=approved)
2026-09-27 12:56:15 | INFO     | exam.exam                    | Session a73ead8b-397f-4ae3-94bb-9d8c1aa89eba started: exam='Exam 76e758' candidate=1672ed6e-7d70-4757-a9ae-fd134951a042 questions=2 expires=2026-09-27T07:56:15.801224+00:00
2026-09-27 12:56:15 | INFO     | exam.proctor                 | Proctor socket open for session a73ead8b-397f-4ae3-94bb-9d8c1aa89eba
2026-09-27 12:56:15 | INFO     | exam.proctor                 | Proctor socket closed for session a73ead8b-397f-4ae3-94bb-9d8c1aa89eba
2026-09-27 12:56:15 | INFO     | exam.app                     | Shutdown complete
2026-09-27 12:56:15 | INFO     | exam.app                     | Starting AI-Based Intelligent Examination Platform (development)
2026-09-27 12:56:15 | INFO     | exam.app                     | Object storage ready: bucket exam-media
2026-09-27 12:56:15 | INFO     | exam.app                     | Session sweeper started (every 60s)
2026-09-27 12:56:16 | INFO     | exam.auth                    | Login: candidate-0634591c@test.edu (candidate/approved, login=approved)
2026-09-27 12:56:16 | INFO     | exam.exam                    | Session 535f969f-57af-4cdd-a68d-599447fdeeb6 started: exam='Exam 9da390' candidate=c92e2b4c-ed67-4b9a-a911-4922879e9241 questions=2 expires=2026-09-27T07:56:16.059095+00:00
2026-09-27 12:56:16 | INFO     | exam.proctor                 | Proctor socket open for session 535f969f-57af-4cdd-a68d-599447fdeeb6
2026-09-27 12:56:16 | INFO     | exam.proctor                 | Proctor socket closed for session 535f969f-57af-4cdd-a68d-599447fdeeb6
2026-09-27 12:56:16 | INFO     | exam.app                     | Shutdown complete
2026-09-27 12:56:16 | INFO     | exam.app                     | Starting AI-Based Intelligent Examination Platform (development)
2026-09-27 12:56:16 | INFO     | exam.app                     | Object storage ready: bucket exam-media
2026-09-27 12:56:16 | INFO     | exam.app                     | Session sweeper started (every 60s)
2026-09-27 12:56:16 | INFO     | exam.auth                    | Login: candidate-d6b91532@test.edu (candidate/approved, login=approved)
2026-09-27 12:56:16 | INFO     | exam.exam                    | Session 0ab73d63-e8d5-4995-b33b-e0f82262c155 started: exam='Exam bd6efd' candidate=d47f79d7-94d8-44da-a0ea-51c0e059dd44 questions=2 expires=2026-09-27T07:56:16.331116+00:00
2026-09-27 12:56:16 | INFO     | exam.proctor                 | Proctor socket open for session 0ab73d63-e8d5-4995-b33b-e0f82262c155
2026-09-27 12:56:16 | WARNING  | exam.proctor                 | Session 0ab73d63-e8d5-4995-b33b-e0f82262c155 flagged: score=23.1 tab_switches=3 left_exam=3
2026-09-27 12:56:16 | INFO     | exam.exam                    | Session 0ab73d63-e8d5-4995-b33b-e0f82262c155 finalised as auto_submitted: 0 auto-scored, 0 queued for review
2026-09-27 12:56:16 | WARNING  | exam.proctor                 | Session 0ab73d63-e8d5-4995-b33b-e0f82262c155 AUTO-SUBMITTED after 3 focus violation(s)
2026-09-27 12:56:16 | INFO     | exam.app                     | Shutdown complete
2026-09-27 12:56:16 | INFO     | exam.app                     | Starting AI-Based Intelligent Examination Platform (development)
2026-09-27 12:56:16 | INFO     | exam.app                     | Object storage ready: bucket exam-media
2026-09-27 12:56:16 | INFO     | exam.app                     | Session sweeper started (every 60s)
2026-09-27 12:56:16 | INFO     | exam.auth                    | Login: candidate-4f5ae500@test.edu (candidate/approved, login=approved)
2026-09-27 12:56:16 | INFO     | exam.exam                    | Session c19f80fc-c03e-4f24-9c3b-05fe2822f3bc started: exam='Exam 01dfcf' candidate=785b65e5-3d2c-447f-a1f4-2440dc3e2391 questions=2 expires=2026-09-27T07:56:16.688866+00:00
2026-09-27 12:56:16 | INFO     | exam.proctor                 | Proctor socket open for session c19f80fc-c03e-4f24-9c3b-05fe2822f3bc
2026-09-27 12:56:16 | INFO     | exam.proctor                 | Proctor socket closed for session c19f80fc-c03e-4f24-9c3b-05fe2822f3bc
2026-09-27 12:56:16 | INFO     | exam.app                     | Shutdown complete
2026-09-27 12:56:16 | INFO     | exam.app                     | Starting AI-Based Intelligent Examination Platform (development)
2026-09-27 12:56:16 | INFO     | exam.app                     | Object storage ready: bucket exam-media
2026-09-27 12:56:16 | INFO     | exam.app                     | Session sweeper started (every 60s)
2026-09-27 12:56:16 | INFO     | exam.auth                    | Login: candidate-c968af44@test.edu (candidate/approved, login=approved)
2026-09-27 12:56:16 | INFO     | exam.exam                    | Session 08f5991a-8238-4a29-a2e6-50b3718628bb started: exam='Exam 87d371' candidate=92fa81fe-609e-4b41-b156-7543758a5980 questions=2 expires=2026-09-27T07:56:16.947722+00:00
2026-09-27 12:56:16 | INFO     | exam.proctor                 | Proctor socket open for session 08f5991a-8238-4a29-a2e6-50b3718628bb
2026-09-27 12:56:16 | INFO     | exam.proctor                 | Proctor socket closed for session 08f5991a-8238-4a29-a2e6-50b3718628bb
2026-09-27 12:56:16 | INFO     | exam.app                     | Shutdown complete
2026-09-27 12:56:16 | INFO     | exam.app                     | Starting AI-Based Intelligent Examination Platform (development)
2026-09-27 12:56:16 | INFO     | exam.app                     | Object storage ready: bucket exam-media
2026-09-27 12:56:16 | INFO     | exam.app                     | Session sweeper started (every 60s)
2026-09-27 12:56:17 | INFO     | exam.auth                    | Login: candidate-a1fb5648@test.edu (candidate/approved, login=approved)
2026-09-27 12:56:17 | INFO     | exam.exam                    | Session 2c94fcdc-712b-41e2-b631-41fdc58d47a2 started: exam='Exam f1dd5c' candidate=362bfea1-2c64-4041-8287-80df3d0b9255 questions=2 expires=2026-09-27T07:56:17.207479+00:00
2026-09-27 12:56:17 | INFO     | exam.proctor                 | Proctor socket open for session 2c94fcdc-712b-41e2-b631-41fdc58d47a2
2026-09-27 12:56:17 | INFO     | exam.proctor                 | Proctor socket closed for session 2c94fcdc-712b-41e2-b631-41fdc58d47a2
2026-09-27 12:56:17 | INFO     | exam.app                     | Shutdown complete
2026-09-27 12:56:17 | INFO     | exam.app                     | Starting AI-Based Intelligent Examination Platform (development)
2026-09-27 12:56:17 | INFO     | exam.app                     | Object storage ready: bucket exam-media
2026-09-27 12:56:17 | INFO     | exam.app                     | Session sweeper started (every 60s)
2026-09-27 12:56:17 | INFO     | exam.auth                    | Login: candidate-67992000@test.edu (candidate/approved, login=approved)
2026-09-27 12:56:17 | INFO     | exam.exam                    | Session 8a2536a9-f85c-42a3-8e54-ab66dd97d0d6 started: exam='Exam 8e69b5' candidate=c385ee48-6b61-47b3-8554-d36d2eebe3cb questions=2 expires=2026-09-27T07:56:17.477449+00:00
2026-09-27 12:56:17 | INFO     | exam.proctor                 | Proctor socket open for session 8a2536a9-f85c-42a3-8e54-ab66dd97d0d6
2026-09-27 12:56:17 | INFO     | exam.proctor                 | Proctor socket closed for session 8a2536a9-f85c-42a3-8e54-ab66dd97d0d6
2026-09-27 12:56:17 | INFO     | exam.app                     | Shutdown complete
2026-09-27 12:56:17 | INFO     | exam.app                     | Starting AI-Based Intelligent Examination Platform (development)
2026-09-27 12:56:17 | INFO     | exam.app                     | Object storage ready: bucket exam-media
2026-09-27 12:56:17 | INFO     | exam.app                     | Session sweeper started (every 60s)
2026-09-27 12:56:17 | INFO     | exam.auth                    | Login: examiner-7dbcb793@test.edu (examiner/approved)
2026-09-27 12:56:17 | INFO     | exam.questions               | examiner-7dbcb793@test.edu added a numerical question (bank)
2026-09-27 12:56:17 | INFO     | exam.app                     | Shutdown complete
2026-09-27 12:56:17 | INFO     | exam.app                     | Starting AI-Based Intelligent Examination Platform (development)
2026-09-27 12:56:17 | INFO     | exam.app                     | Object storage ready: bucket exam-media
2026-09-27 12:56:17 | INFO     | exam.app                     | Session sweeper started (every 60s)
2026-09-27 12:56:17 | INFO     | exam.auth                    | Login: examiner-4d71e320@test.edu (examiner/approved)
2026-09-27 12:56:17 | INFO     | exam.questions               | examiner-4d71e320@test.edu added a true_false question (bank)
2026-09-27 12:56:17 | INFO     | exam.app                     | Shutdown complete
2026-09-27 12:56:17 | INFO     | exam.app                     | Starting AI-Based Intelligent Examination Platform (development)
2026-09-27 12:56:17 | INFO     | exam.app                     | Object storage ready: bucket exam-media
2026-09-27 12:56:17 | INFO     | exam.app                     | Session sweeper started (every 60s)
2026-09-27 12:56:17 | INFO     | exam.auth                    | Login: examiner-800a4c33@test.edu (examiner/approved)
2026-09-27 12:56:17 | INFO     | exam.questions               | examiner-800a4c33@test.edu added a fill_blank question (bank)
2026-09-27 12:56:17 | INFO     | exam.app                     | Shutdown complete
2026-09-27 12:56:17 | INFO     | exam.app                     | Starting AI-Based Intelligent Examination Platform (development)
2026-09-27 12:56:17 | INFO     | exam.app                     | Object storage ready: bucket exam-media
2026-09-27 12:56:17 | INFO     | exam.app                     | Session sweeper started (every 60s)
2026-09-27 12:56:18 | INFO     | exam.auth                    | Login: examiner-cb351da8@test.edu (examiner/approved)
2026-09-27 12:56:18 | INFO     | exam.questions               | examiner-cb351da8@test.edu added a coding question (bank)
2026-09-27 12:56:18 | INFO     | exam.app                     | Shutdown complete
2026-09-27 12:56:18 | INFO     | exam.app                     | Starting AI-Based Intelligent Examination Platform (development)
2026-09-27 12:56:18 | INFO     | exam.app                     | Object storage ready: bucket exam-media
2026-09-27 12:56:18 | INFO     | exam.app                     | Session sweeper started (every 60s)
2026-09-27 12:56:18 | INFO     | exam.auth                    | Login: examiner-37f21db4@test.edu (examiner/approved)
2026-09-27 12:56:18 | INFO     | exam.questions               | examiner-37f21db4@test.edu added a passage question (bank)
2026-09-27 12:56:18 | INFO     | exam.questions               | examiner-37f21db4@test.edu added a mcq question (bank)
2026-09-27 12:56:18 | INFO     | exam.app                     | Shutdown complete
2026-09-27 12:56:18 | INFO     | exam.app                     | Starting AI-Based Intelligent Examination Platform (development)
2026-09-27 12:56:18 | INFO     | exam.app                     | Object storage ready: bucket exam-media
2026-09-27 12:56:18 | INFO     | exam.app                     | Session sweeper started (every 60s)
2026-09-27 12:56:18 | INFO     | exam.auth                    | Login: examiner-74383ee0@test.edu (examiner/approved)
2026-09-27 12:56:18 | INFO     | exam.app                     | Shutdown complete
2026-09-27 12:56:18 | INFO     | exam.app                     | Starting AI-Based Intelligent Examination Platform (development)
2026-09-27 12:56:18 | INFO     | exam.app                     | Object storage ready: bucket exam-media
2026-09-27 12:56:18 | INFO     | exam.app                     | Session sweeper started (every 60s)
2026-09-27 12:56:18 | INFO     | exam.auth                    | Login: examiner-755efd7f@test.edu (examiner/approved)
2026-09-27 12:56:18 | INFO     | exam.app                     | Shutdown complete
2026-09-27 12:56:18 | INFO     | exam.app                     | Starting AI-Based Intelligent Examination Platform (development)
2026-09-27 12:56:18 | INFO     | exam.app                     | Object storage ready: bucket exam-media
2026-09-27 12:56:18 | INFO     | exam.app                     | Session sweeper started (every 60s)
2026-09-27 12:56:18 | INFO     | exam.auth                    | Login: examiner-3318584a@test.edu (examiner/approved)
2026-09-27 12:56:18 | INFO     | exam.app                     | Shutdown complete
2026-09-27 12:56:18 | INFO     | exam.app                     | Starting AI-Based Intelligent Examination Platform (development)
2026-09-27 12:56:18 | INFO     | exam.app                     | Object storage ready: bucket exam-media
2026-09-27 12:56:18 | INFO     | exam.app                     | Session sweeper started (every 60s)
2026-09-27 12:56:18 | INFO     | exam.auth                    | Login: examiner-3e625a37@test.edu (examiner/approved)
2026-09-27 12:56:18 | INFO     | exam.app                     | Shutdown complete
2026-09-27 12:56:18 | INFO     | exam.app                     | Starting AI-Based Intelligent Examination Platform (development)
2026-09-27 12:56:18 | INFO     | exam.app                     | Object storage ready: bucket exam-media
2026-09-27 12:56:18 | INFO     | exam.app                     | Session sweeper started (every 60s)
2026-09-27 12:56:18 | INFO     | exam.auth                    | Login: examiner-8beefb2a@test.edu (examiner/approved)
2026-09-27 12:56:18 | INFO     | exam.questions               | examiner-8beefb2a@test.edu added a mcq question (bank)
2026-09-27 12:56:18 | INFO     | exam.questions               | examiner-8beefb2a@test.edu added a mcq question (bank)
2026-09-27 12:56:18 | INFO     | exam.questions               | examiner-8beefb2a@test.edu added a mcq question (bank)
2026-09-27 12:56:18 | INFO     | exam.questions               | examiner-8beefb2a@test.edu added a mcq question (bank)
2026-09-27 12:56:18 | INFO     | exam.app                     | Shutdown complete
2026-09-27 12:56:18 | INFO     | exam.app                     | Starting AI-Based Intelligent Examination Platform (development)
2026-09-27 12:56:18 | INFO     | exam.app                     | Object storage ready: bucket exam-media
2026-09-27 12:56:18 | INFO     | exam.app                     | Session sweeper started (every 60s)
2026-09-27 12:56:18 | INFO     | exam.auth                    | Login: examiner-9cfde78a@test.edu (examiner/approved)
2026-09-27 12:56:18 | INFO     | exam.questions               | examiner-9cfde78a@test.edu added a mcq question (bank)
2026-09-27 12:56:18 | INFO     | exam.questions               | examiner-9cfde78a@test.edu added a mcq question (bank)
2026-09-27 12:56:18 | INFO     | exam.questions               | examiner-9cfde78a@test.edu added a mcq question (bank)
2026-09-27 12:56:18 | INFO     | exam.questions               | examiner-9cfde78a@test.edu added a mcq question (bank)
2026-09-27 12:56:18 | INFO     | exam.app                     | Shutdown complete
2026-09-27 12:56:18 | INFO     | exam.app                     | Starting AI-Based Intelligent Examination Platform (development)
2026-09-27 12:56:18 | INFO     | exam.app                     | Object storage ready: bucket exam-media
2026-09-27 12:56:18 | INFO     | exam.app                     | Session sweeper started (every 60s)
2026-09-27 12:56:19 | INFO     | exam.auth                    | Login: examiner-24f43804@test.edu (examiner/approved)
2026-09-27 12:56:19 | INFO     | exam.questions               | examiner-24f43804@test.edu added a mcq question (bank)
2026-09-27 12:56:19 | INFO     | exam.questions               | examiner-24f43804@test.edu added a mcq question (bank)
2026-09-27 12:56:19 | INFO     | exam.questions               | examiner-24f43804@test.edu added a mcq question (bank)
2026-09-27 12:56:19 | INFO     | exam.questions               | examiner-24f43804@test.edu added a mcq question (bank)
2026-09-27 12:56:19 | INFO     | exam.app                     | Shutdown complete
2026-09-27 12:56:19 | INFO     | exam.app                     | Starting AI-Based Intelligent Examination Platform (development)
2026-09-27 12:56:19 | INFO     | exam.app                     | Object storage ready: bucket exam-media
2026-09-27 12:56:19 | INFO     | exam.app                     | Session sweeper started (every 60s)
2026-09-27 12:56:19 | INFO     | exam.auth                    | Login: examiner-bb4b523f@test.edu (examiner/approved)
2026-09-27 12:56:19 | INFO     | exam.questions               | examiner-bb4b523f@test.edu added a mcq question (bank)
2026-09-27 12:56:19 | INFO     | exam.questions               | examiner-bb4b523f@test.edu added a mcq question (bank)
2026-09-27 12:56:19 | INFO     | exam.questions               | examiner-bb4b523f@test.edu added a mcq question (bank)
2026-09-27 12:56:19 | INFO     | exam.questions               | examiner-bb4b523f@test.edu added a mcq question (bank)
2026-09-27 12:56:19 | INFO     | exam.app                     | Shutdown complete
2026-09-27 12:56:19 | INFO     | exam.app                     | Starting AI-Based Intelligent Examination Platform (development)
2026-09-27 12:56:19 | INFO     | exam.app                     | Object storage ready: bucket exam-media
2026-09-27 12:56:19 | INFO     | exam.app                     | Session sweeper started (every 60s)
2026-09-27 12:56:19 | INFO     | exam.auth                    | Login: examiner-5f309ed0@test.edu (examiner/approved)
2026-09-27 12:56:19 | INFO     | exam.questions               | examiner-5f309ed0@test.edu added a mcq question (bank)
2026-09-27 12:56:19 | INFO     | exam.questions               | examiner-5f309ed0@test.edu added a mcq question (bank)
2026-09-27 12:56:19 | INFO     | exam.questions               | examiner-5f309ed0@test.edu added a mcq question (bank)
2026-09-27 12:56:19 | INFO     | exam.questions               | examiner-5f309ed0@test.edu added a mcq question (bank)
2026-09-27 12:56:19 | INFO     | exam.app                     | Shutdown complete
2026-09-27 12:56:19 | INFO     | exam.app                     | Starting AI-Based Intelligent Examination Platform (development)
2026-09-27 12:56:19 | INFO     | exam.app                     | Object storage ready: bucket exam-media
2026-09-27 12:56:19 | INFO     | exam.app                     | Session sweeper started (every 60s)
2026-09-27 12:56:19 | INFO     | exam.auth                    | Login: examiner-bdb8a5ec@test.edu (examiner/approved)
2026-09-27 12:56:19 | INFO     | exam.questions               | examiner-bdb8a5ec@test.edu added a mcq question (bank)
2026-09-27 12:56:19 | INFO     | exam.questions               | examiner-bdb8a5ec@test.edu added a mcq question (bank)
2026-09-27 12:56:19 | INFO     | exam.questions               | examiner-bdb8a5ec@test.edu added a mcq question (bank)
2026-09-27 12:56:19 | INFO     | exam.questions               | examiner-bdb8a5ec@test.edu added a mcq question (bank)
2026-09-27 12:56:19 | INFO     | exam.app                     | Shutdown complete
2026-09-27 12:56:19 | INFO     | exam.app                     | Starting AI-Based Intelligent Examination Platform (development)
2026-09-27 12:56:19 | INFO     | exam.app                     | Object storage ready: bucket exam-media
2026-09-27 12:56:19 | INFO     | exam.app                     | Session sweeper started (every 60s)
2026-09-27 12:56:19 | INFO     | exam.auth                    | Login: examiner-e62c42e3@test.edu (examiner/approved)
2026-09-27 12:56:19 | INFO     | exam.questions               | examiner-e62c42e3@test.edu added a mcq question (bank)
2026-09-27 12:56:19 | INFO     | exam.questions               | examiner-e62c42e3@test.edu added a mcq question (bank)
2026-09-27 12:56:19 | INFO     | exam.questions               | examiner-e62c42e3@test.edu added a mcq question (bank)
2026-09-27 12:56:19 | INFO     | exam.questions               | examiner-e62c42e3@test.edu added a mcq question (bank)
2026-09-27 12:56:19 | INFO     | exam.app                     | Shutdown complete
2026-09-27 12:56:19 | INFO     | exam.app                     | Starting AI-Based Intelligent Examination Platform (development)
2026-09-27 12:56:19 | INFO     | exam.app                     | Object storage ready: bucket exam-media
2026-09-27 12:56:19 | INFO     | exam.app                     | Session sweeper started (every 60s)
2026-09-27 12:56:19 | INFO     | exam.auth                    | Login: examiner-78461407@test.edu (examiner/approved)
2026-09-27 12:56:19 | INFO     | exam.questions               | examiner-78461407@test.edu added a mcq question (bank)
2026-09-27 12:56:19 | INFO     | exam.questions               | examiner-78461407@test.edu added a mcq question (bank)
2026-09-27 12:56:19 | INFO     | exam.questions               | examiner-78461407@test.edu added a mcq question (bank)
2026-09-27 12:56:19 | INFO     | exam.questions               | examiner-78461407@test.edu added a mcq question (bank)
2026-09-27 12:56:19 | INFO     | exam.app                     | Shutdown complete
2026-09-27 12:56:19 | INFO     | exam.app                     | Starting AI-Based Intelligent Examination Platform (development)
2026-09-27 12:56:19 | INFO     | exam.app                     | Object storage ready: bucket exam-media
2026-09-27 12:56:19 | INFO     | exam.app                     | Session sweeper started (every 60s)
2026-09-27 12:56:20 | INFO     | exam.auth                    | Login: examiner-02108243@test.edu (examiner/approved)
2026-09-27 12:56:20 | INFO     | exam.questions               | examiner-02108243@test.edu added a mcq question (bank)
2026-09-27 12:56:20 | INFO     | exam.questions               | examiner-02108243@test.edu added a mcq question (bank)
2026-09-27 12:56:20 | INFO     | exam.questions               | examiner-02108243@test.edu added a mcq question (bank)
2026-09-27 12:56:20 | INFO     | exam.questions               | examiner-02108243@test.edu added a mcq question (bank)
2026-09-27 12:56:20 | INFO     | exam.app                     | Shutdown complete
2026-09-27 12:56:20 | INFO     | exam.app                     | Starting AI-Based Intelligent Examination Platform (development)
2026-09-27 12:56:20 | INFO     | exam.app                     | Object storage ready: bucket exam-media
2026-09-27 12:56:20 | INFO     | exam.app                     | Session sweeper started (every 60s)
2026-09-27 12:56:20 | INFO     | exam.auth                    | Login: examiner-59feedbc@test.edu (examiner/approved)
2026-09-27 12:56:20 | INFO     | exam.questions               | examiner-59feedbc@test.edu added a mcq question (bank)
2026-09-27 12:56:20 | INFO     | exam.questions               | examiner-59feedbc@test.edu added a mcq question (bank)
2026-09-27 12:56:20 | INFO     | exam.questions               | examiner-59feedbc@test.edu added a mcq question (bank)
2026-09-27 12:56:20 | INFO     | exam.questions               | examiner-59feedbc@test.edu added a mcq question (bank)
2026-09-27 12:56:20 | INFO     | exam.app                     | Shutdown complete
2026-09-27 12:56:20 | INFO     | exam.app                     | Starting AI-Based Intelligent Examination Platform (development)
2026-09-27 12:56:20 | INFO     | exam.app                     | Object storage ready: bucket exam-media
2026-09-27 12:56:20 | INFO     | exam.app                     | Session sweeper started (every 60s)
2026-09-27 12:56:20 | INFO     | exam.auth                    | Login: examiner-d28068cf@test.edu (examiner/approved)
2026-09-27 12:56:20 | INFO     | exam.questions               | examiner-d28068cf@test.edu added a mcq question (bank)
2026-09-27 12:56:20 | INFO     | exam.questions               | examiner-d28068cf@test.edu added a mcq question (bank)
2026-09-27 12:56:20 | INFO     | exam.questions               | examiner-d28068cf@test.edu added a mcq question (bank)
2026-09-27 12:56:20 | INFO     | exam.questions               | examiner-d28068cf@test.edu added a mcq question (bank)
2026-09-27 12:56:20 | INFO     | exam.app                     | Shutdown complete
2026-09-27 12:56:20 | INFO     | exam.app                     | Starting AI-Based Intelligent Examination Platform (development)
2026-09-27 12:56:20 | INFO     | exam.app                     | Object storage ready: bucket exam-media
2026-09-27 12:56:20 | INFO     | exam.app                     | Session sweeper started (every 60s)
2026-09-27 12:56:20 | INFO     | exam.auth                    | Login: examiner-df720192@test.edu (examiner/approved)
2026-09-27 12:56:20 | INFO     | exam.questions               | examiner-df720192@test.edu added a mcq question (bank)
2026-09-27 12:56:20 | INFO     | exam.app                     | Shutdown complete
2026-09-27 12:56:20 | INFO     | exam.app                     | Starting AI-Based Intelligent Examination Platform (development)
2026-09-27 12:56:20 | INFO     | exam.app                     | Object storage ready: bucket exam-media
2026-09-27 12:56:20 | INFO     | exam.app                     | Session sweeper started (every 60s)
2026-09-27 12:56:20 | INFO     | exam.auth                    | Login: examiner-0464e55e@test.edu (examiner/approved)
2026-09-27 12:56:20 | INFO     | exam.questions               | examiner-0464e55e@test.edu added a mcq question (bank)
2026-09-27 12:56:20 | INFO     | exam.app                     | Shutdown complete
2026-09-27 12:56:20 | INFO     | exam.app                     | Starting AI-Based Intelligent Examination Platform (development)
2026-09-27 12:56:20 | INFO     | exam.app                     | Object storage ready: bucket exam-media
2026-09-27 12:56:20 | INFO     | exam.app                     | Session sweeper started (every 60s)
2026-09-27 12:56:20 | INFO     | exam.auth                    | Login: examiner-5ab1dc4c@test.edu (examiner/approved)
2026-09-27 12:56:20 | INFO     | exam.questions               | examiner-5ab1dc4c@test.edu added a mcq question (bank)
2026-09-27 12:56:20 | INFO     | exam.app                     | Shutdown complete
2026-09-27 12:56:20 | INFO     | exam.app                     | Starting AI-Based Intelligent Examination Platform (development)
2026-09-27 12:56:20 | INFO     | exam.app                     | Object storage ready: bucket exam-media
2026-09-27 12:56:20 | INFO     | exam.app                     | Session sweeper started (every 60s)
2026-09-27 12:56:20 | INFO     | exam.auth                    | Login: examiner-0a424b4d@test.edu (examiner/approved)
2026-09-27 12:56:20 | INFO     | exam.questions               | examiner-0a424b4d@test.edu added a passage question (bank)
2026-09-27 12:56:20 | INFO     | exam.questions               | examiner-0a424b4d@test.edu added a mcq question (bank)
2026-09-27 12:56:20 | INFO     | exam.app                     | Shutdown complete
2026-09-27 12:56:20 | INFO     | exam.app                     | Starting AI-Based Intelligent Examination Platform (development)
2026-09-27 12:56:20 | INFO     | exam.app                     | Object storage ready: bucket exam-media
2026-09-27 12:56:20 | INFO     | exam.app                     | Session sweeper started (every 60s)
2026-09-27 12:56:21 | INFO     | exam.auth                    | Login: candidate-441b2800@test.edu (candidate/approved, login=approved)
2026-09-27 12:56:21 | WARNING  | exam.auth                    | Role denied: candidate-441b2800@test.edu (candidate) tried a examiner/admin-only route
2026-09-27 12:56:21 | INFO     | exam.app                     | Shutdown complete
2026-09-27 12:56:21 | INFO     | exam.app                     | Starting AI-Based Intelligent Examination Platform (development)
2026-09-27 12:56:21 | INFO     | exam.app                     | Object storage ready: bucket exam-media
2026-09-27 12:56:21 | INFO     | exam.app                     | Session sweeper started (every 60s)
2026-09-27 12:56:21 | INFO     | exam.auth                    | Login: candidate-ce2e2c28@test.edu (candidate/approved, login=approved)
2026-09-27 12:56:21 | WARNING  | exam.auth                    | Role denied: candidate-ce2e2c28@test.edu (candidate) tried a examiner/admin-only route
2026-09-27 12:56:21 | INFO     | exam.app                     | Shutdown complete
2026-09-27 12:56:21 | INFO     | exam.app                     | Starting AI-Based Intelligent Examination Platform (development)
2026-09-27 12:56:21 | INFO     | exam.app                     | Object storage ready: bucket exam-media
2026-09-27 12:56:21 | INFO     | exam.app                     | Session sweeper started (every 60s)
2026-09-27 12:56:21 | INFO     | exam.auth                    | Login: examiner-5230dbb3@test.edu (examiner/approved)
2026-09-27 12:56:21 | INFO     | exam.app                     | Shutdown complete
2026-09-27 12:56:21 | INFO     | exam.app                     | Starting AI-Based Intelligent Examination Platform (development)
2026-09-27 12:56:21 | INFO     | exam.app                     | Object storage ready: bucket exam-media
2026-09-27 12:56:21 | INFO     | exam.app                     | Session sweeper started (every 60s)
2026-09-27 12:56:21 | INFO     | exam.auth                    | Login: examiner-c28bfb9b@test.edu (examiner/approved)
2026-09-27 12:56:21 | INFO     | exam.questions               | examiner-c28bfb9b@test.edu added a mcq question (bank)
2026-09-27 12:56:21 | INFO     | exam.app                     | Shutdown complete
2026-09-27 12:56:22 | INFO     | exam.app                     | Starting AI-Based Intelligent Examination Platform (development)
2026-09-27 12:56:22 | INFO     | exam.app                     | Object storage ready: bucket exam-media
2026-09-27 12:56:22 | INFO     | exam.app                     | Session sweeper started (every 60s)
2026-09-27 12:56:22 | INFO     | exam.auth                    | Login: examiner-1ed2d5e1@test.edu (examiner/approved)
2026-09-27 12:56:22 | INFO     | exam.question_import         | examiner-1ed2d5e1@test.edu parsed bank.csv: 2 row(s), 1 with problems
2026-09-27 12:56:22 | INFO     | exam.question_import         | examiner-1ed2d5e1@test.edu parsed bank.csv: 2 row(s), 1 with problems
2026-09-27 12:56:22 | INFO     | exam.app                     | Shutdown complete
2026-09-27 12:56:22 | INFO     | exam.app                     | Starting AI-Based Intelligent Examination Platform (development)
2026-09-27 12:56:22 | INFO     | exam.app                     | Object storage ready: bucket exam-media
2026-09-27 12:56:22 | INFO     | exam.app                     | Session sweeper started (every 60s)
2026-09-27 12:56:22 | INFO     | exam.auth                    | Login: examiner-66456b57@test.edu (examiner/approved)
2026-09-27 12:56:22 | INFO     | exam.question_import         | examiner-66456b57@test.edu parsed bank.csv: 1 row(s), 0 with problems
2026-09-27 12:56:22 | INFO     | exam.question_import         | examiner-66456b57@test.edu parsed bank.csv: 1 row(s), 0 with problems
2026-09-27 12:56:22 | INFO     | exam.app                     | Shutdown complete
2026-09-27 12:56:22 | INFO     | exam.app                     | Starting AI-Based Intelligent Examination Platform (development)
2026-09-27 12:56:22 | INFO     | exam.app                     | Object storage ready: bucket exam-media
2026-09-27 12:56:22 | INFO     | exam.app                     | Session sweeper started (every 60s)
2026-09-27 12:56:22 | INFO     | exam.auth                    | Login: examiner-3edf9031@test.edu (examiner/approved)
2026-09-27 12:56:22 | INFO     | exam.question_import         | examiner-3edf9031@test.edu parsed bank.csv: 1 row(s), 0 with problems
2026-09-27 12:56:22 | INFO     | exam.question_import         | examiner-3edf9031@test.edu parsed bank.csv: 1 row(s), 0 with problems
2026-09-27 12:56:22 | INFO     | exam.question_import         | examiner-3edf9031@test.edu imported 1 question(s), 0 refused
2026-09-27 12:56:22 | INFO     | exam.app                     | Shutdown complete
2026-09-27 12:56:22 | INFO     | exam.app                     | Starting AI-Based Intelligent Examination Platform (development)
2026-09-27 12:56:22 | INFO     | exam.app                     | Object storage ready: bucket exam-media
2026-09-27 12:56:22 | INFO     | exam.app                     | Session sweeper started (every 60s)
2026-09-27 12:56:22 | INFO     | exam.auth                    | Login: examiner-a2ba6503@test.edu (examiner/approved)
2026-09-27 12:56:22 | INFO     | exam.question_import         | examiner-a2ba6503@test.edu imported 1 question(s), 1 refused
2026-09-27 12:56:22 | INFO     | exam.app                     | Shutdown complete
2026-09-27 12:56:22 | INFO     | exam.app                     | Starting AI-Based Intelligent Examination Platform (development)
2026-09-27 12:56:22 | INFO     | exam.app                     | Object storage ready: bucket exam-media
2026-09-27 12:56:22 | INFO     | exam.app                     | Session sweeper started (every 60s)
2026-09-27 12:56:22 | INFO     | exam.auth                    | Login: examiner-e548044e@test.edu (examiner/approved)
2026-09-27 12:56:22 | INFO     | exam.question_import         | examiner-e548044e@test.edu parsed bank.csv: 2 row(s), 0 with problems
2026-09-27 12:56:22 | INFO     | exam.question_import         | examiner-e548044e@test.edu parsed bank.csv: 2 row(s), 0 with problems
2026-09-27 12:56:22 | INFO     | exam.question_import         | examiner-e548044e@test.edu imported 2 question(s), 0 refused
2026-09-27 12:56:22 | INFO     | exam.app                     | Shutdown complete
2026-09-27 12:56:22 | INFO     | exam.app                     | Starting AI-Based Intelligent Examination Platform (development)
2026-09-27 12:56:22 | INFO     | exam.app                     | Object storage ready: bucket exam-media
2026-09-27 12:56:22 | INFO     | exam.app                     | Session sweeper started (every 60s)
2026-09-27 12:56:22 | INFO     | exam.auth                    | Login: examiner-a51fc1f0@test.edu (examiner/approved)
2026-09-27 12:56:22 | INFO     | exam.app                     | Shutdown complete
2026-09-27 12:56:22 | INFO     | exam.app                     | Starting AI-Based Intelligent Examination Platform (development)
2026-09-27 12:56:22 | INFO     | exam.app                     | Object storage ready: bucket exam-media
2026-09-27 12:56:22 | INFO     | exam.app                     | Session sweeper started (every 60s)
2026-09-27 12:56:23 | INFO     | exam.auth                    | Login: examiner-1dd136be@test.edu (examiner/approved)
2026-09-27 12:56:23 | INFO     | exam.app                     | Shutdown complete
2026-09-27 12:56:23 | INFO     | exam.app                     | Starting AI-Based Intelligent Examination Platform (development)
2026-09-27 12:56:23 | INFO     | exam.app                     | Object storage ready: bucket exam-media
2026-09-27 12:56:23 | INFO     | exam.app                     | Session sweeper started (every 60s)
2026-09-27 12:56:23 | INFO     | exam.auth                    | Login: examiner-0781c407@test.edu (examiner/approved)
2026-09-27 12:56:23 | INFO     | exam.app                     | Shutdown complete
2026-09-27 12:56:23 | INFO     | exam.app                     | Starting AI-Based Intelligent Examination Platform (development)
2026-09-27 12:56:23 | INFO     | exam.app                     | Object storage ready: bucket exam-media
2026-09-27 12:56:23 | INFO     | exam.app                     | Session sweeper started (every 60s)
2026-09-27 12:56:23 | INFO     | exam.auth                    | Login: candidate-24c617aa@test.edu (candidate/approved, login=approved)
2026-09-27 12:56:23 | WARNING  | exam.auth                    | Role denied: candidate-24c617aa@test.edu (candidate) tried a examiner/admin-only route
2026-09-27 12:56:23 | INFO     | exam.app                     | Shutdown complete
2026-09-27 12:56:24 | INFO     | exam.app                     | Starting AI-Based Intelligent Examination Platform (development)
2026-09-27 12:56:24 | INFO     | exam.app                     | Object storage ready: bucket exam-media
2026-09-27 12:56:24 | INFO     | exam.app                     | Session sweeper started (every 60s)
2026-09-27 12:56:24 | INFO     | exam.auth                    | Login: examiner-750a88bf@test.edu (examiner/approved)
2026-09-27 12:56:24 | INFO     | exam.app                     | Shutdown complete
2026-09-27 12:56:24 | INFO     | exam.app                     | Starting AI-Based Intelligent Examination Platform (development)
2026-09-27 12:56:24 | INFO     | exam.app                     | Object storage ready: bucket exam-media
2026-09-27 12:56:24 | INFO     | exam.app                     | Session sweeper started (every 60s)
2026-09-27 12:56:24 | INFO     | exam.auth                    | Login: examiner-ccbdb6f5@test.edu (examiner/approved)
2026-09-27 12:56:24 | INFO     | exam.app                     | Shutdown complete
2026-09-27 12:56:24 | INFO     | exam.app                     | Starting AI-Based Intelligent Examination Platform (development)
2026-09-27 12:56:24 | INFO     | exam.app                     | Object storage ready: bucket exam-media
2026-09-27 12:56:24 | INFO     | exam.app                     | Session sweeper started (every 60s)
2026-09-27 12:56:24 | INFO     | exam.auth                    | Login: examiner-2a2ba7e0@test.edu (examiner/approved)
2026-09-27 12:56:24 | INFO     | exam.app                     | Shutdown complete
2026-09-27 12:56:24 | INFO     | exam.app                     | Starting AI-Based Intelligent Examination Platform (development)
2026-09-27 12:56:24 | INFO     | exam.app                     | Object storage ready: bucket exam-media
2026-09-27 12:56:24 | INFO     | exam.app                     | Session sweeper started (every 60s)
2026-09-27 12:56:25 | INFO     | exam.auth                    | Login: examiner-d9309b4f@test.edu (examiner/approved)
2026-09-27 12:56:25 | INFO     | exam.app                     | Shutdown complete
2026-09-27 12:56:25 | INFO     | exam.app                     | Starting AI-Based Intelligent Examination Platform (development)
2026-09-27 12:56:25 | INFO     | exam.app                     | Object storage ready: bucket exam-media
2026-09-27 12:56:25 | INFO     | exam.app                     | Session sweeper started (every 60s)
2026-09-27 12:56:25 | INFO     | exam.auth                    | Login: examiner-f2ba2306@test.edu (examiner/approved)
2026-09-27 12:56:25 | INFO     | exam.app                     | Shutdown complete
2026-09-27 12:56:25 | INFO     | exam.app                     | Starting AI-Based Intelligent Examination Platform (development)
2026-09-27 12:56:25 | INFO     | exam.app                     | Object storage ready: bucket exam-media
2026-09-27 12:56:25 | INFO     | exam.app                     | Session sweeper started (every 60s)
2026-09-27 12:56:25 | INFO     | exam.auth                    | Login: examiner-57c2ed47@test.edu (examiner/approved)
2026-09-27 12:56:25 | INFO     | exam.recruitment             | examiner-57c2ed47@test.edu set shortlist decisions for 1 candidate(s) on exam 0a136302-7d5d-4e17-bd59-63e6ee458fcb
2026-09-27 12:56:25 | INFO     | exam.app                     | Shutdown complete
2026-09-27 12:56:25 | INFO     | exam.app                     | Starting AI-Based Intelligent Examination Platform (development)
2026-09-27 12:56:25 | INFO     | exam.app                     | Object storage ready: bucket exam-media
2026-09-27 12:56:25 | INFO     | exam.app                     | Session sweeper started (every 60s)
2026-09-27 12:56:25 | INFO     | exam.auth                    | Login: examiner-32794052@test.edu (examiner/approved)
2026-09-27 12:56:25 | INFO     | exam.app                     | Shutdown complete
2026-09-27 12:56:25 | INFO     | exam.app                     | Starting AI-Based Intelligent Examination Platform (development)
2026-09-27 12:56:25 | INFO     | exam.app                     | Object storage ready: bucket exam-media
2026-09-27 12:56:25 | INFO     | exam.app                     | Session sweeper started (every 60s)
2026-09-27 12:56:25 | INFO     | exam.auth                    | Login: examiner-9a5fafdb@test.edu (examiner/approved)
2026-09-27 12:56:25 | INFO     | exam.app                     | Shutdown complete
2026-09-27 12:56:25 | INFO     | exam.app                     | Starting AI-Based Intelligent Examination Platform (development)
2026-09-27 12:56:25 | INFO     | exam.app                     | Object storage ready: bucket exam-media
2026-09-27 12:56:25 | INFO     | exam.app                     | Session sweeper started (every 60s)
2026-09-27 12:56:26 | INFO     | exam.auth                    | Login: admin-11033734@test.edu (admin/approved)
2026-09-27 12:56:26 | INFO     | exam.app                     | Shutdown complete
2026-09-27 12:56:26 | INFO     | exam.app                     | Starting AI-Based Intelligent Examination Platform (development)
2026-09-27 12:56:26 | INFO     | exam.app                     | Object storage ready: bucket exam-media
2026-09-27 12:56:26 | INFO     | exam.app                     | Session sweeper started (every 60s)
2026-09-27 12:56:26 | INFO     | exam.auth                    | Login: admin-5d1e1b66@test.edu (admin/approved)
2026-09-27 12:56:26 | INFO     | exam.app                     | Shutdown complete
2026-09-27 12:56:26 | INFO     | exam.app                     | Starting AI-Based Intelligent Examination Platform (development)
2026-09-27 12:56:26 | INFO     | exam.app                     | Object storage ready: bucket exam-media
2026-09-27 12:56:26 | INFO     | exam.app                     | Session sweeper started (every 60s)
2026-09-27 12:56:26 | INFO     | exam.auth                    | Login: candidate-24c99229@test.edu (candidate/approved, login=approved)
2026-09-27 12:56:26 | INFO     | exam.app                     | Shutdown complete
2026-09-27 12:56:26 | INFO     | exam.app                     | Starting AI-Based Intelligent Examination Platform (development)
2026-09-27 12:56:26 | INFO     | exam.app                     | Object storage ready: bucket exam-media
2026-09-27 12:56:26 | INFO     | exam.app                     | Session sweeper started (every 60s)
2026-09-27 12:56:26 | INFO     | exam.auth                    | Login: candidate-51753d44@test.edu (candidate/approved, login=approved)
2026-09-27 12:56:26 | INFO     | exam.app                     | Shutdown complete
2026-09-27 12:56:26 | INFO     | exam.app                     | Starting AI-Based Intelligent Examination Platform (development)
2026-09-27 12:56:26 | INFO     | exam.app                     | Object storage ready: bucket exam-media
2026-09-27 12:56:26 | INFO     | exam.app                     | Session sweeper started (every 60s)
2026-09-27 12:56:26 | INFO     | exam.auth                    | Login: examiner-3e72607c@test.edu (examiner/approved)
2026-09-27 12:56:26 | INFO     | exam.app                     | Shutdown complete
2026-09-27 12:56:26 | INFO     | exam.app                     | Starting AI-Based Intelligent Examination Platform (development)
2026-09-27 12:56:26 | INFO     | exam.app                     | Object storage ready: bucket exam-media
2026-09-27 12:56:26 | INFO     | exam.app                     | Session sweeper started (every 60s)
2026-09-27 12:56:27 | INFO     | exam.auth                    | Login: examiner-0f49b235@test.edu (examiner/approved)
2026-09-27 12:56:27 | INFO     | exam.app                     | Shutdown complete
2026-09-27 12:56:27 | INFO     | exam.app                     | Starting AI-Based Intelligent Examination Platform (development)
2026-09-27 12:56:27 | INFO     | exam.app                     | Object storage ready: bucket exam-media
2026-09-27 12:56:27 | INFO     | exam.app                     | Session sweeper started (every 60s)
2026-09-27 12:56:27 | INFO     | exam.auth                    | Login: examiner-69b1f10f@test.edu (examiner/approved)
2026-09-27 12:56:27 | INFO     | exam.app                     | Shutdown complete
2026-09-27 12:56:27 | INFO     | exam.app                     | Starting AI-Based Intelligent Examination Platform (development)
2026-09-27 12:56:27 | INFO     | exam.app                     | Object storage ready: bucket exam-media
2026-09-27 12:56:27 | INFO     | exam.app                     | Session sweeper started (every 60s)
2026-09-27 12:56:27 | INFO     | exam.app                     | Shutdown complete
2026-09-27 12:56:27 | INFO     | exam.app                     | Starting AI-Based Intelligent Examination Platform (development)
2026-09-27 12:56:27 | INFO     | exam.app                     | Object storage ready: bucket exam-media
2026-09-27 12:56:27 | INFO     | exam.app                     | Session sweeper started (every 60s)
2026-09-27 12:56:27 | INFO     | exam.app                     | Shutdown complete
2026-09-27 12:56:27 | INFO     | exam.app                     | Starting AI-Based Intelligent Examination Platform (development)
2026-09-27 12:56:27 | INFO     | exam.app                     | Object storage ready: bucket exam-media
2026-09-27 12:56:27 | INFO     | exam.app                     | Session sweeper started (every 60s)
2026-09-27 12:56:28 | INFO     | exam.app                     | Shutdown complete
2026-09-27 12:56:28 | INFO     | exam.app                     | Starting AI-Based Intelligent Examination Platform (development)
2026-09-27 12:56:28 | INFO     | exam.app                     | Object storage ready: bucket exam-media
2026-09-27 12:56:28 | INFO     | exam.app                     | Session sweeper started (every 60s)
2026-09-27 12:56:28 | INFO     | exam.app                     | Shutdown complete
2026-09-27 12:56:28 | INFO     | exam.app                     | Starting AI-Based Intelligent Examination Platform (development)
2026-09-27 12:56:28 | INFO     | exam.app                     | Object storage ready: bucket exam-media
2026-09-27 12:56:28 | INFO     | exam.app                     | Session sweeper started (every 60s)
2026-09-27 12:56:28 | INFO     | exam.app                     | Shutdown complete
2026-09-27 12:56:28 | INFO     | exam.app                     | Starting AI-Based Intelligent Examination Platform (development)
2026-09-27 12:56:28 | INFO     | exam.app                     | Object storage ready: bucket exam-media
2026-09-27 12:56:28 | INFO     | exam.app                     | Session sweeper started (every 60s)
2026-09-27 12:56:28 | INFO     | exam.app                     | Shutdown complete
2026-09-27 12:56:28 | INFO     | exam.app                     | Starting AI-Based Intelligent Examination Platform (development)
2026-09-27 12:56:28 | INFO     | exam.app                     | Object storage ready: bucket exam-media
2026-09-27 12:56:28 | INFO     | exam.app                     | Session sweeper started (every 60s)
2026-09-27 12:56:28 | INFO     | exam.auth                    | Login: examiner-41c1d15c@test.edu (examiner/approved)
2026-09-27 12:56:28 | INFO     | exam.exams                   | examiner-41c1d15c@test.edu pinned question a270d3ff-7e3a-4d03-aea7-361d06441d45 in exam 497c2587-78da-4198-b0b5-7af57fd04b4d to section eeb508da-2213-4cfa-b0ae-48992456cfa2
2026-09-27 12:56:28 | INFO     | exam.app                     | Shutdown complete
2026-09-27 12:56:28 | INFO     | exam.app                     | Starting AI-Based Intelligent Examination Platform (development)
2026-09-27 12:56:28 | INFO     | exam.app                     | Object storage ready: bucket exam-media
2026-09-27 12:56:28 | INFO     | exam.app                     | Session sweeper started (every 60s)
2026-09-27 12:56:28 | INFO     | exam.auth                    | Login: examiner-b33828d7@test.edu (examiner/approved)
2026-09-27 12:56:28 | INFO     | exam.exams                   | examiner-b33828d7@test.edu pinned question 57e5c338-17f1-41c2-8f88-afa7cf01adb3 in exam 72627977-4fa9-48c7-bbb9-c66f383017f2 to section 3e9d7dc3-ca28-409f-ae78-a04fdf9e4700
2026-09-27 12:56:28 | INFO     | exam.exams                   | examiner-b33828d7@test.edu pinned question 57e5c338-17f1-41c2-8f88-afa7cf01adb3 in exam 72627977-4fa9-48c7-bbb9-c66f383017f2 to section None
2026-09-27 12:56:28 | INFO     | exam.app                     | Shutdown complete
2026-09-27 12:56:28 | INFO     | exam.app                     | Starting AI-Based Intelligent Examination Platform (development)
2026-09-27 12:56:28 | INFO     | exam.app                     | Object storage ready: bucket exam-media
2026-09-27 12:56:28 | INFO     | exam.app                     | Session sweeper started (every 60s)
2026-09-27 12:56:28 | INFO     | exam.auth                    | Login: examiner-97c9065e@test.edu (examiner/approved)
2026-09-27 12:56:28 | INFO     | exam.app                     | Shutdown complete
2026-09-27 12:56:28 | INFO     | exam.app                     | Starting AI-Based Intelligent Examination Platform (development)
2026-09-27 12:56:28 | INFO     | exam.app                     | Object storage ready: bucket exam-media
2026-09-27 12:56:28 | INFO     | exam.app                     | Session sweeper started (every 60s)
2026-09-27 12:56:28 | INFO     | exam.auth                    | Login: examiner-49c1e61d@test.edu (examiner/approved)
2026-09-27 12:56:29 | INFO     | exam.app                     | Shutdown complete
2026-09-27 12:56:29 | INFO     | exam.app                     | Starting AI-Based Intelligent Examination Platform (development)
2026-09-27 12:56:29 | INFO     | exam.app                     | Object storage ready: bucket exam-media
2026-09-27 12:56:29 | INFO     | exam.app                     | Session sweeper started (every 60s)
2026-09-27 12:56:29 | INFO     | exam.auth                    | Login: examiner-db8ebd59@test.edu (examiner/approved)
2026-09-27 12:56:29 | INFO     | exam.exams                   | examiner-db8ebd59@test.edu added 2 question(s) to exam 07965a83-c831-403b-aaa7-4a1e00cb4e4c
2026-09-27 12:56:29 | INFO     | exam.app                     | Shutdown complete
2026-09-27 12:56:29 | INFO     | exam.app                     | Starting AI-Based Intelligent Examination Platform (development)
2026-09-27 12:56:29 | INFO     | exam.app                     | Object storage ready: bucket exam-media
2026-09-27 12:56:29 | INFO     | exam.app                     | Session sweeper started (every 60s)
2026-09-27 12:56:29 | INFO     | exam.auth                    | Login: examiner-e55b155d@test.edu (examiner/approved)
2026-09-27 12:56:29 | INFO     | exam.exams                   | examiner-e55b155d@test.edu updated exam 8c2377ca-b1f0-4530-ac23-2ea07ea6b6ae
2026-09-27 12:56:29 | INFO     | exam.exams                   | examiner-e55b155d@test.edu pinned question 69f62654-3318-4271-b11b-ec4a0ccc4513 in exam 8c2377ca-b1f0-4530-ac23-2ea07ea6b6ae to section b49fe4a9-f5ff-43f2-9bc9-25ad4979129b
2026-09-27 12:56:29 | INFO     | exam.exams                   | examiner-e55b155d@test.edu updated exam 8c2377ca-b1f0-4530-ac23-2ea07ea6b6ae
2026-09-27 12:56:29 | INFO     | exam.app                     | Shutdown complete
2026-09-27 12:56:29 | INFO     | exam.app                     | Starting AI-Based Intelligent Examination Platform (development)
2026-09-27 12:56:29 | INFO     | exam.app                     | Object storage ready: bucket exam-media
2026-09-27 12:56:29 | INFO     | exam.app                     | Session sweeper started (every 60s)
2026-09-27 12:56:29 | INFO     | exam.auth                    | Login: examiner-fc37ec82@test.edu (examiner/approved)
2026-09-27 12:56:29 | INFO     | exam.exams                   | examiner-fc37ec82@test.edu updated exam 75abe0c0-5895-496e-a9cf-40936989f14d
2026-09-27 12:56:29 | INFO     | exam.exams                   | examiner-fc37ec82@test.edu updated exam 75abe0c0-5895-496e-a9cf-40936989f14d
2026-09-27 12:56:29 | INFO     | exam.app                     | Shutdown complete
2026-09-27 12:56:29 | INFO     | exam.app                     | Starting AI-Based Intelligent Examination Platform (development)
2026-09-27 12:56:29 | INFO     | exam.app                     | Object storage ready: bucket exam-media
2026-09-27 12:56:29 | INFO     | exam.app                     | Session sweeper started (every 60s)
2026-09-27 12:56:29 | INFO     | exam.auth                    | Login: examiner-6ce59547@test.edu (examiner/approved)
2026-09-27 12:56:29 | INFO     | exam.exams                   | examiner-6ce59547@test.edu updated exam a5b3d029-eda4-4019-8c78-1af73fcfd042
2026-09-27 12:56:29 | INFO     | exam.exams                   | examiner-6ce59547@test.edu pinned question 30009849-1052-486d-bde9-318cd2093292 in exam a5b3d029-eda4-4019-8c78-1af73fcfd042 to section 98b74fc2-01b2-46ec-a68a-216b4d0c468b
2026-09-27 12:56:29 | INFO     | exam.exams                   | examiner-6ce59547@test.edu updated exam a5b3d029-eda4-4019-8c78-1af73fcfd042
2026-09-27 12:56:29 | INFO     | exam.app                     | Shutdown complete
2026-09-27 12:56:29 | INFO     | exam.app                     | Starting AI-Based Intelligent Examination Platform (development)
2026-09-27 12:56:29 | INFO     | exam.app                     | Object storage ready: bucket exam-media
2026-09-27 12:56:29 | INFO     | exam.app                     | Session sweeper started (every 60s)
2026-09-27 12:56:29 | INFO     | exam.app                     | Shutdown complete
2026-09-27 12:56:30 | INFO     | exam.subject-translations    | Seeded localised names for 21 subjects
2026-09-27 12:56:30 | INFO     | exam.subject-translations    | Seeded localised names for 21 subjects
2026-09-27 12:56:30 | WARNING  | exam.grading                 | Unknown grader provider 'nonesuch' - using the stub grader
2026-09-27 12:56:30 | INFO     | exam.app                     | Starting AI-Based Intelligent Examination Platform (development)
2026-09-27 12:56:30 | INFO     | exam.app                     | Object storage ready: bucket exam-media
2026-09-27 12:56:30 | INFO     | exam.app                     | Session sweeper started (every 60s)
2026-09-27 12:56:31 | INFO     | exam.auth                    | Login: examiner-6adcd414@test.edu (examiner/approved)
2026-09-27 12:56:31 | INFO     | exam.questions               | examiner-6adcd414@test.edu added a long_answer question (bank)
2026-09-27 12:56:31 | INFO     | exam.app                     | Shutdown complete
2026-09-27 12:56:31 | INFO     | exam.app                     | Starting AI-Based Intelligent Examination Platform (development)
2026-09-27 12:56:31 | INFO     | exam.app                     | Object storage ready: bucket exam-media
2026-09-27 12:56:31 | INFO     | exam.app                     | Session sweeper started (every 60s)
2026-09-27 12:56:31 | INFO     | exam.auth                    | Login: examiner-c0dd1db1@test.edu (examiner/approved)
2026-09-27 12:56:31 | INFO     | exam.app                     | Shutdown complete
2026-09-27 12:56:31 | INFO     | exam.app                     | Starting AI-Based Intelligent Examination Platform (development)
2026-09-27 12:56:31 | INFO     | exam.app                     | Object storage ready: bucket exam-media
2026-09-27 12:56:31 | INFO     | exam.app                     | Session sweeper started (every 60s)
2026-09-27 12:56:31 | INFO     | exam.auth                    | Login: examiner-e86af86b@test.edu (examiner/approved)
2026-09-27 12:56:31 | INFO     | exam.app                     | Shutdown complete
2026-09-27 12:56:31 | INFO     | exam.app                     | Starting AI-Based Intelligent Examination Platform (development)
2026-09-27 12:56:31 | INFO     | exam.app                     | Object storage ready: bucket exam-media
2026-09-27 12:56:31 | INFO     | exam.app                     | Session sweeper started (every 60s)
2026-09-27 12:56:31 | INFO     | exam.auth                    | Login: candidate-c62cb9c3@test.edu (candidate/approved, login=approved)
2026-09-27 12:56:31 | INFO     | exam.exam                    | Session d13a39f0-fed6-4296-b9ec-10058e3a3736 started: exam='Exam 91666a' candidate=41f56e6f-55b8-47bb-ae39-aa262353b16d questions=1 expires=2026-09-27T07:56:31.556703+00:00
2026-09-27 12:56:31 | INFO     | exam.app                     | Shutdown complete
2026-09-27 12:56:31 | INFO     | exam.app                     | Starting AI-Based Intelligent Examination Platform (development)
2026-09-27 12:56:31 | INFO     | exam.app                     | Object storage ready: bucket exam-media
2026-09-27 12:56:31 | INFO     | exam.app                     | Session sweeper started (every 60s)
2026-09-27 12:56:31 | INFO     | exam.auth                    | Login: candidate-f0dcaad4@test.edu (candidate/approved, login=approved)
2026-09-27 12:56:31 | INFO     | exam.exam                    | Session 700a5f77-26a7-4b6e-8cb1-2b71348f0571 started: exam='Exam a2cc9c' candidate=24ef24f7-5774-4d0f-9134-399100fd7fbb questions=1 expires=2026-09-27T07:56:31.748549+00:00
2026-09-27 12:56:31 | INFO     | exam.app                     | Shutdown complete
2026-09-27 12:56:31 | INFO     | exam.app                     | Starting AI-Based Intelligent Examination Platform (development)
2026-09-27 12:56:31 | INFO     | exam.app                     | Object storage ready: bucket exam-media
2026-09-27 12:56:31 | INFO     | exam.app                     | Session sweeper started (every 60s)
2026-09-27 12:56:31 | INFO     | exam.auth                    | Login: candidate-cc38afd3@test.edu (candidate/approved, login=approved)
2026-09-27 12:56:31 | INFO     | exam.exam                    | Session 27562879-1e0a-46cc-ac9d-06548485f0ee started: exam='Exam 6bdd51' candidate=476fbbfa-4d74-435d-a2d2-35ba20e5d6ca questions=1 expires=2026-09-27T07:56:31.961798+00:00
2026-09-27 12:56:31 | INFO     | exam.app                     | Shutdown complete
2026-09-27 12:56:31 | INFO     | exam.app                     | Starting AI-Based Intelligent Examination Platform (development)
2026-09-27 12:56:31 | INFO     | exam.app                     | Object storage ready: bucket exam-media
2026-09-27 12:56:31 | INFO     | exam.app                     | Session sweeper started (every 60s)
2026-09-27 12:56:32 | INFO     | exam.auth                    | Login: candidate-ce2e5705@test.edu (candidate/approved, login=approved)
2026-09-27 12:56:32 | INFO     | exam.exam                    | Session 17d01ee1-8525-4812-9474-43e760dda0c5 started: exam='Exam 39426a' candidate=d97c7de2-cee3-4542-aa2c-ed757cb759bb questions=1 expires=2026-09-27T07:56:32.178624+00:00
2026-09-27 12:56:32 | INFO     | exam.app                     | Shutdown complete
2026-09-27 12:56:32 | INFO     | exam.app                     | Starting AI-Based Intelligent Examination Platform (development)
2026-09-27 12:56:32 | INFO     | exam.app                     | Object storage ready: bucket exam-media
2026-09-27 12:56:32 | INFO     | exam.app                     | Session sweeper started (every 60s)
2026-09-27 12:56:32 | INFO     | exam.auth                    | Login: candidate-0939517b@test.edu (candidate/approved, login=approved)
2026-09-27 12:56:32 | INFO     | exam.exam                    | Session 1ee321d9-3f8f-40da-b1c4-0f68fc0cfdbd started: exam='Exam e7c689' candidate=8b8c262a-7af6-418b-aee0-8cb5c4ef6a5f questions=1 expires=2026-09-27T07:56:32.378448+00:00
2026-09-27 12:56:32 | INFO     | exam.app                     | Shutdown complete
2026-09-27 12:56:32 | INFO     | exam.app                     | Starting AI-Based Intelligent Examination Platform (development)
2026-09-27 12:56:32 | INFO     | exam.app                     | Object storage ready: bucket exam-media
2026-09-27 12:56:32 | INFO     | exam.app                     | Session sweeper started (every 60s)
2026-09-27 12:56:32 | INFO     | exam.auth                    | Login: candidate-801876a4@test.edu (candidate/approved, login=approved)
2026-09-27 12:56:32 | INFO     | exam.exam                    | Session c9d5ea34-0a56-4541-bc6f-afd18909fb65 started: exam='Exam e07fdc' candidate=5695d408-0b5e-46c6-97b8-844dd054e3b6 questions=1 expires=2026-09-27T07:56:32.593440+00:00
2026-09-27 12:56:32 | INFO     | exam.exam                    | Answer 5e8db4f0-36b8-412f-be52-5164fcd3a309 is 8 word(s) under the 10-word minimum
2026-09-27 12:56:32 | INFO     | exam.exam                    | Session c9d5ea34-0a56-4541-bc6f-afd18909fb65 finalised as submitted: 0 auto-scored, 1 queued for review
2026-09-27 12:56:32 | INFO     | exam.auth                    | Login: examiner-ffbdbb68@test.edu (examiner/approved)
2026-09-27 12:56:32 | INFO     | exam.app                     | Shutdown complete
2026-09-27 12:56:32 | INFO     | exam.app                     | Starting AI-Based Intelligent Examination Platform (development)
2026-09-27 12:56:32 | INFO     | exam.app                     | Object storage ready: bucket exam-media
2026-09-27 12:56:32 | INFO     | exam.app                     | Session sweeper started (every 60s)
2026-09-27 12:56:32 | INFO     | exam.auth                    | Login: candidate-eba84d7a@test.edu (candidate/approved, login=approved)
2026-09-27 12:56:32 | INFO     | exam.exam                    | Session 129e87bd-d23c-41c4-adde-f1aac93c933a started: exam='Exam ce8f57' candidate=804d3496-c79f-4d05-89cc-884680469ee1 questions=1 expires=2026-09-27T07:56:32.889748+00:00
2026-09-27 12:56:32 | INFO     | exam.exam                    | Session 129e87bd-d23c-41c4-adde-f1aac93c933a finalised as submitted: 0 auto-scored, 1 queued for review
2026-09-27 12:56:32 | INFO     | exam.auth                    | Login: examiner-b4a74db7@test.edu (examiner/approved)
2026-09-27 12:56:33 | INFO     | exam.app                     | Shutdown complete
2026-09-27 14:48:11 | INFO     | exam.auth                    | Login: examiner@exam.edu (examiner/approved)
2026-09-27 17:13:37 | INFO     | exam.exams                   | examiner@exam.edu created academic exam 'Mid-Term / Unit Topic Assessment'
2026-09-27 17:13:38 | INFO     | exam.exams                   | examiner@exam.edu added 6 question(s) to exam f8c3b638-1619-4da9-b4bd-cdebc5d7220d
2026-09-27 17:14:24 | INFO     | exam.exams                   | examiner@exam.edu updated exam f8c3b638-1619-4da9-b4bd-cdebc5d7220d
2026-09-27 17:14:24 | INFO     | exam.exams                   | examiner@exam.edu added 2 question(s) to exam f8c3b638-1619-4da9-b4bd-cdebc5d7220d
2026-09-27 17:15:10 | INFO     | exam.exams                   | examiner@exam.edu updated exam f8c3b638-1619-4da9-b4bd-cdebc5d7220d
2026-09-27 17:16:09 | INFO     | exam.exams                   | examiner@exam.edu updated exam f8c3b638-1619-4da9-b4bd-cdebc5d7220d
2026-09-27 17:16:09 | INFO     | exam.exams                   | examiner@exam.edu added 2 question(s) to exam f8c3b638-1619-4da9-b4bd-cdebc5d7220d
2026-09-27 17:16:12 | INFO     | exam.exams                   | examiner@exam.edu updated exam f8c3b638-1619-4da9-b4bd-cdebc5d7220d
2026-09-27 17:17:04 | INFO     | exam.login-access            | examiner@exam.edu enrolled 2 candidate(s) in 'Mid-Term / Unit Topic Assessment'
2026-09-27 17:17:15 | INFO     | exam.exams                   | examiner@exam.edu updated exam f8c3b638-1619-4da9-b4bd-cdebc5d7220d
2026-09-27 17:17:15 | INFO     | exam.exams                   | examiner@exam.edu published exam f8c3b638-1619-4da9-b4bd-cdebc5d7220d ('Mid-Term / Unit Topic Assessment')
2026-09-27 17:19:28 | WARNING  | exam.app                     | SLOW GET /api/v1/questions/tags took 1405ms
2026-09-27 17:29:23 | INFO     | exam.auth                    | Login: snehashalomjb@gmail.com (candidate/approved, login=approved)
2026-09-27 17:29:34 | INFO     | exam.auth                    | Profile updated for snehashalomjb@gmail.com
2026-09-27 17:30:42 | INFO     | exam.auth                    | Login: admin@exam.edu (admin/approved)
2026-09-27 17:35:13 | INFO     | exam.auth                    | Profile updated for admin@exam.edu
2026-09-27 17:35:27 | INFO     | exam.auth                    | Profile updated for admin@exam.edu
2026-09-27 17:35:46 | INFO     | exam.auth                    | Profile updated for admin@exam.edu
2026-09-27 17:36:36 | INFO     | exam.auth                    | Profile updated for admin@exam.edu
2026-09-27 17:38:12 | INFO     | exam.auth                    | Profile updated for admin@exam.edu
2026-09-27 17:38:31 | INFO     | exam.auth                    | Profile updated for admin@exam.edu
2026-09-27 17:38:53 | INFO     | exam.auth                    | Profile updated for admin@exam.edu
2026-09-27 17:40:16 | INFO     | exam.auth                    | Profile updated for admin@exam.edu
2026-09-27 17:51:59 | INFO     | exam.auth                    | Login: examiner@exam.edu (examiner/approved)
2026-09-27 17:52:14 | WARNING  | exam.app                     | SLOW GET /api/v1/questions/tags took 1442ms
2026-09-27 17:52:16 | WARNING  | exam.app                     | SLOW GET /api/v1/questions/tags took 2279ms
2026-09-27 17:52:18 | WARNING  | exam.app                     | SLOW GET /api/v1/questions/tags took 1918ms
2026-09-27 18:12:09 | INFO     | exam.exams                   | examiner@exam.edu created academic exam 'Unit Test'
2026-09-27 18:12:09 | INFO     | exam.exams                   | examiner@exam.edu added 14 question(s) to exam 1338b94a-9279-4b6c-b299-d99dde159924
2026-09-27 18:12:18 | INFO     | exam.exams                   | examiner@exam.edu updated exam 1338b94a-9279-4b6c-b299-d99dde159924
2026-09-27 18:13:17 | INFO     | exam.exams                   | examiner@exam.edu updated exam 1338b94a-9279-4b6c-b299-d99dde159924
2026-09-27 18:13:17 | INFO     | exam.exams                   | examiner@exam.edu published exam 1338b94a-9279-4b6c-b299-d99dde159924 ('Unit Test')
2026-09-27 18:57:34 | INFO     | exam                         | Logging initialised -> D:\AI_Based_Examination_platform\logs
2026-09-27 18:57:36 | WARNING  | exam.ai_generator            | LLM generation failed (gemini), falling back to stub: 404 NOT_FOUND. {'error': {'code': 404, 'message': 'models/gemini-1.5-flash is not found for API version v1beta, or is not supported for generateContent. Call ModelService.ListModels to see the list of available models and their supported methods.', 'status': 'NOT_FOUND'}}
2026-09-27 18:58:09 | INFO     | exam                         | Logging initialised -> D:\AI_Based_Examination_platform\logs
2026-09-27 18:58:10 | WARNING  | exam.ai_generator            | LLM generation failed (gemini), falling back to stub: 404 NOT_FOUND. {'error': {'code': 404, 'message': 'This model models/gemini-2.5-flash is no longer available to new users. Please update your code to use models/gemini-3.8-flash for the latest features and improvements. We recommend you to use the Interactions API (https://ai.google.dev/gemini-api/docs/get-started).', 'status': 'NOT_FOUND'}}
2026-09-27 18:58:25 | INFO     | exam                         | Logging initialised -> D:\AI_Based_Examination_platform\logs
2026-09-27 18:58:30 | WARNING  | exam.ai_generator            | LLM generation failed (gemini), falling back to stub: 503 UNAVAILABLE. {'error': {'code': 503, 'message': 'This model is currently experiencing high demand. Spikes in demand are usually temporary. Please try again later.', 'status': 'UNAVAILABLE'}}
2026-09-27 18:58:38 | INFO     | exam                         | Logging initialised -> D:\AI_Based_Examination_platform\logs
2026-09-27 18:58:42 | WARNING  | exam.ai_generator            | LLM generation failed (gemini), falling back to stub: 503 UNAVAILABLE. {'error': {'code': 503, 'message': 'This model is currently experiencing high demand. Spikes in demand are usually temporary. Please try again later.', 'status': 'UNAVAILABLE'}}
2026-09-27 19:01:33 | INFO     | exam                         | Logging initialised -> D:\AI_Based_Examination_platform\logs
2026-09-27 19:05:44 | INFO     | exam.app                     | Shutdown complete
2026-09-27 19:05:47 | INFO     | exam                         | Logging initialised -> D:\AI_Based_Examination_platform\logs
2026-09-27 19:05:47 | INFO     | exam.app                     | Starting AI-Based Intelligent Examination Platform (development)
2026-09-27 19:05:48 | INFO     | exam.app                     | Object storage ready: bucket exam-media
2026-09-27 19:05:48 | INFO     | exam.app                     | Session sweeper started (every 60s)
2026-09-27 19:05:48 | INFO     | exam.app                     | Shutdown complete
2026-09-27 19:05:49 | INFO     | exam                         | Logging initialised -> D:\AI_Based_Examination_platform\logs
2026-09-27 19:05:50 | INFO     | exam.app                     | Starting AI-Based Intelligent Examination Platform (development)
2026-09-27 19:05:50 | INFO     | exam.app                     | Object storage ready: bucket exam-media
2026-09-27 19:05:50 | INFO     | exam.app                     | Session sweeper started (every 60s)
2026-09-27 19:07:17 | INFO     | exam.ai_questions            | examiner@exam.edu generated 4 AI question draft(s) (category=technical topic=Neural Networks)
2026-09-27 19:07:17 | WARNING  | exam.app                     | SLOW POST /api/v1/questions/ai-generate took 5833ms
2026-09-27 19:10:42 | INFO     | exam.login-access            | examiner@exam.edu (examiner) set login access for jenslinmano@gmail.com: approved -> rejected (no note)
2026-09-27 19:15:48 | INFO     | exam.app                     | Shutdown complete
2026-09-27 19:15:50 | INFO     | exam                         | Logging initialised -> D:\AI_Based_Examination_platform\logs
2026-09-27 19:15:51 | INFO     | exam.app                     | Starting AI-Based Intelligent Examination Platform (development)
2026-09-27 19:15:51 | INFO     | exam.app                     | Object storage ready: bucket exam-media
2026-09-27 19:15:51 | INFO     | exam.app                     | Session sweeper started (every 60s)
2026-09-27 19:15:51 | INFO     | exam.app                     | Shutdown complete
2026-09-27 19:15:52 | INFO     | exam                         | Logging initialised -> D:\AI_Based_Examination_platform\logs
2026-09-27 19:15:53 | INFO     | exam.app                     | Starting AI-Based Intelligent Examination Platform (development)
2026-09-27 19:15:53 | INFO     | exam.app                     | Object storage ready: bucket exam-media
2026-09-27 19:15:53 | INFO     | exam.app                     | Session sweeper started (every 60s)
2026-09-27 19:16:53 | INFO     | exam.app                     | Shutdown complete
2026-09-27 19:16:55 | INFO     | exam                         | Logging initialised -> D:\AI_Based_Examination_platform\logs
2026-09-27 19:16:55 | INFO     | exam.app                     | Starting AI-Based Intelligent Examination Platform (development)
2026-09-27 19:16:56 | INFO     | exam.app                     | Object storage ready: bucket exam-media
2026-09-27 19:16:56 | INFO     | exam.app                     | Session sweeper started (every 60s)
2026-09-27 19:16:56 | INFO     | exam.app                     | Shutdown complete
2026-09-27 19:16:57 | INFO     | exam                         | Logging initialised -> D:\AI_Based_Examination_platform\logs
2026-09-27 19:16:58 | INFO     | exam.app                     | Starting AI-Based Intelligent Examination Platform (development)
2026-09-27 19:16:58 | INFO     | exam.app                     | Object storage ready: bucket exam-media
2026-09-27 19:16:58 | INFO     | exam.app                     | Session sweeper started (every 60s)
2026-09-27 19:16:58 | INFO     | exam.app                     | Shutdown complete
2026-09-27 19:16:59 | INFO     | exam                         | Logging initialised -> D:\AI_Based_Examination_platform\logs
2026-09-27 19:17:00 | INFO     | exam.app                     | Starting AI-Based Intelligent Examination Platform (development)
2026-09-27 19:17:00 | INFO     | exam.app                     | Object storage ready: bucket exam-media
2026-09-27 19:17:00 | INFO     | exam.app                     | Session sweeper started (every 60s)
2026-09-27 19:18:00 | INFO     | exam.app                     | Shutdown complete
2026-09-27 19:18:03 | INFO     | exam                         | Logging initialised -> D:\AI_Based_Examination_platform\logs
2026-09-27 19:18:04 | INFO     | exam.app                     | Starting AI-Based Intelligent Examination Platform (development)
2026-09-27 19:18:04 | INFO     | exam.app                     | Object storage ready: bucket exam-media
2026-09-27 19:18:04 | INFO     | exam.app                     | Session sweeper started (every 60s)
2026-09-27 19:19:05 | INFO     | exam.app                     | Shutdown complete
2026-09-27 19:19:07 | INFO     | exam                         | Logging initialised -> D:\AI_Based_Examination_platform\logs
2026-09-27 19:19:07 | INFO     | exam.app                     | Starting AI-Based Intelligent Examination Platform (development)
2026-09-27 19:19:07 | INFO     | exam.app                     | Object storage ready: bucket exam-media
2026-09-27 19:19:07 | INFO     | exam.app                     | Session sweeper started (every 60s)
2026-09-27 19:19:07 | INFO     | exam.app                     | Shutdown complete
2026-09-27 19:19:09 | INFO     | exam                         | Logging initialised -> D:\AI_Based_Examination_platform\logs
2026-09-27 19:19:09 | INFO     | exam.app                     | Starting AI-Based Intelligent Examination Platform (development)
2026-09-27 19:19:09 | INFO     | exam.app                     | Object storage ready: bucket exam-media
2026-09-27 19:19:09 | INFO     | exam.app                     | Session sweeper started (every 60s)
2026-09-27 19:19:11 | INFO     | exam                         | Logging initialised -> D:\AI_Based_Examination_platform\logs
2026-09-27 19:19:32 | INFO     | exam                         | Logging initialised -> D:\AI_Based_Examination_platform\logs
2026-09-27 19:19:33 | INFO     | exam.app                     | Starting AI-Based Intelligent Examination Platform (development)
2026-09-27 19:19:33 | INFO     | exam.app                     | Object storage ready: bucket exam-media
2026-09-27 19:19:33 | INFO     | exam.app                     | Session sweeper started (every 60s)
2026-09-27 19:19:33 | INFO     | exam.auth                    | Login: examiner-85dfa12e@test.edu (examiner/approved)
2026-09-27 19:19:33 | INFO     | exam.exams                   | examiner-85dfa12e@test.edu updated exam 4090fe13-ee07-4803-b5cf-d922dfa9b9f7
2026-09-27 19:19:33 | INFO     | exam.app                     | Shutdown complete
2026-09-27 19:19:33 | INFO     | exam.app                     | Starting AI-Based Intelligent Examination Platform (development)
2026-09-27 19:19:33 | INFO     | exam.app                     | Object storage ready: bucket exam-media
2026-09-27 19:19:33 | INFO     | exam.app                     | Session sweeper started (every 60s)
2026-09-27 19:19:34 | INFO     | exam.auth                    | Login: examiner-204f9c80@test.edu (examiner/approved)
2026-09-27 19:19:34 | INFO     | exam.exams                   | examiner-204f9c80@test.edu reordered the pool of exam 85f2e8b8-8157-4c78-b020-95eac6f854e6
2026-09-27 19:19:34 | INFO     | exam.app                     | Shutdown complete
2026-09-27 19:19:34 | INFO     | exam.app                     | Starting AI-Based Intelligent Examination Platform (development)
2026-09-27 19:19:34 | INFO     | exam.app                     | Object storage ready: bucket exam-media
2026-09-27 19:19:34 | INFO     | exam.app                     | Session sweeper started (every 60s)
2026-09-27 19:19:34 | INFO     | exam.auth                    | Login: examiner-e54b4be3@test.edu (examiner/approved)
2026-09-27 19:19:34 | INFO     | exam.app                     | Shutdown complete
2026-09-27 19:19:34 | INFO     | exam.app                     | Starting AI-Based Intelligent Examination Platform (development)
2026-09-27 19:19:34 | INFO     | exam.app                     | Object storage ready: bucket exam-media
2026-09-27 19:19:34 | INFO     | exam.app                     | Session sweeper started (every 60s)
2026-09-27 19:19:34 | INFO     | exam.auth                    | Login: examiner-8320b118@test.edu (examiner/approved)
2026-09-27 19:19:34 | INFO     | exam.app                     | Shutdown complete
2026-09-27 19:19:34 | INFO     | exam.app                     | Starting AI-Based Intelligent Examination Platform (development)
2026-09-27 19:19:34 | INFO     | exam.app                     | Object storage ready: bucket exam-media
2026-09-27 19:19:34 | INFO     | exam.app                     | Session sweeper started (every 60s)
2026-09-27 19:19:34 | INFO     | exam.auth                    | Login: examiner-e5f0a33c@test.edu (examiner/approved)
2026-09-27 19:19:34 | INFO     | exam.exams                   | examiner-e5f0a33c@test.edu updated exam 581a732e-f85d-4657-a7a3-a41a3581522b
2026-09-27 19:19:34 | INFO     | exam.exams                   | examiner-e5f0a33c@test.edu added 1 question(s) to exam 581a732e-f85d-4657-a7a3-a41a3581522b
2026-09-27 19:19:34 | INFO     | exam.app                     | Shutdown complete
2026-09-27 19:19:34 | INFO     | exam.app                     | Starting AI-Based Intelligent Examination Platform (development)
2026-09-27 19:19:34 | INFO     | exam.app                     | Object storage ready: bucket exam-media
2026-09-27 19:19:34 | INFO     | exam.app                     | Session sweeper started (every 60s)
2026-09-27 19:19:34 | INFO     | exam.auth                    | Login: examiner-39bc39d7@test.edu (examiner/approved)
2026-09-27 19:19:34 | INFO     | exam.app                     | Shutdown complete
2026-09-27 19:19:34 | INFO     | exam.app                     | Starting AI-Based Intelligent Examination Platform (development)
2026-09-27 19:19:34 | INFO     | exam.app                     | Object storage ready: bucket exam-media
2026-09-27 19:19:34 | INFO     | exam.app                     | Session sweeper started (every 60s)
2026-09-27 19:19:34 | INFO     | exam.auth                    | Login: examiner-f933cf14@test.edu (examiner/approved)
2026-09-27 19:19:35 | INFO     | exam.exams                   | examiner-f933cf14@test.edu added 3 question(s) to exam db775c5c-6549-44e5-8fb3-09c63c8be376
2026-09-27 19:19:35 | INFO     | exam.app                     | Shutdown complete
2026-09-27 19:19:35 | INFO     | exam.app                     | Starting AI-Based Intelligent Examination Platform (development)
2026-09-27 19:19:35 | INFO     | exam.app                     | Object storage ready: bucket exam-media
2026-09-27 19:19:35 | INFO     | exam.app                     | Session sweeper started (every 60s)
2026-09-27 19:19:35 | INFO     | exam.auth                    | Login: examiner-d12cab69@test.edu (examiner/approved)
2026-09-27 19:19:35 | INFO     | exam.exams                   | examiner-d12cab69@test.edu added 0 question(s) to exam 10ade5c3-9fae-44c0-8a91-f2c948aadc2f
2026-09-27 19:19:35 | INFO     | exam.app                     | Shutdown complete
2026-09-27 19:19:35 | INFO     | exam.app                     | Starting AI-Based Intelligent Examination Platform (development)
2026-09-27 19:19:35 | INFO     | exam.app                     | Object storage ready: bucket exam-media
2026-09-27 19:19:35 | INFO     | exam.app                     | Session sweeper started (every 60s)
2026-09-27 19:19:35 | INFO     | exam.auth                    | Login: examiner-a8935e10@test.edu (examiner/approved)
2026-09-27 19:19:35 | INFO     | exam.auth                    | Login: candidate-33ab5b19@test.edu (candidate/approved, login=approved)
2026-09-27 19:19:35 | INFO     | exam.exam                    | Session 500c6758-888c-4442-8192-4e768d94eff7 started: exam='Exam 477fe5' candidate=b2d9be33-df25-4a9e-8e62-ab6903af0a42 questions=2 expires=2026-09-27T14:19:35.485560+00:00
2026-09-27 19:19:35 | INFO     | exam.app                     | Shutdown complete
2026-09-27 19:19:35 | INFO     | exam.app                     | Starting AI-Based Intelligent Examination Platform (development)
2026-09-27 19:19:35 | INFO     | exam.app                     | Object storage ready: bucket exam-media
2026-09-27 19:19:35 | INFO     | exam.app                     | Session sweeper started (every 60s)
2026-09-27 19:19:35 | INFO     | exam.auth                    | Login: examiner-48693ee4@test.edu (examiner/approved)
2026-09-27 19:19:35 | INFO     | exam.app                     | Shutdown complete
2026-09-27 19:19:35 | INFO     | exam.app                     | Starting AI-Based Intelligent Examination Platform (development)
2026-09-27 19:19:35 | INFO     | exam.app                     | Object storage ready: bucket exam-media
2026-09-27 19:19:35 | INFO     | exam.app                     | Session sweeper started (every 60s)
2026-09-27 19:19:35 | INFO     | exam.auth                    | Login: examiner-71402882@test.edu (examiner/approved)
2026-09-27 19:19:35 | INFO     | exam.app                     | Shutdown complete
2026-09-27 19:19:35 | INFO     | exam.app                     | Starting AI-Based Intelligent Examination Platform (development)
2026-09-27 19:19:35 | INFO     | exam.app                     | Object storage ready: bucket exam-media
2026-09-27 19:19:35 | INFO     | exam.app                     | Session sweeper started (every 60s)
2026-09-27 19:19:36 | INFO     | exam.auth                    | Login: examiner-c20eb8b8@test.edu (examiner/approved)
2026-09-27 19:19:36 | INFO     | exam.questions               | examiner-c20eb8b8@test.edu added a mcq question (bank)
2026-09-27 19:19:36 | INFO     | exam.app                     | Shutdown complete
2026-09-27 19:19:36 | INFO     | exam.app                     | Starting AI-Based Intelligent Examination Platform (development)
2026-09-27 19:19:36 | INFO     | exam.app                     | Object storage ready: bucket exam-media
2026-09-27 19:19:36 | INFO     | exam.app                     | Session sweeper started (every 60s)
2026-09-27 19:19:36 | INFO     | exam.auth                    | Login: examiner-db904d07@test.edu (examiner/approved)
2026-09-27 19:19:36 | INFO     | exam.questions               | examiner-db904d07@test.edu added a mcq question (exam-only)
2026-09-27 19:19:36 | INFO     | exam.app                     | Shutdown complete
2026-09-27 19:19:36 | INFO     | exam.app                     | Starting AI-Based Intelligent Examination Platform (development)
2026-09-27 19:19:36 | INFO     | exam.app                     | Object storage ready: bucket exam-media
2026-09-27 19:19:36 | INFO     | exam.app                     | Session sweeper started (every 60s)
2026-09-27 19:19:36 | INFO     | exam.auth                    | Login: examiner-22cc8616@test.edu (examiner/approved)
2026-09-27 19:19:36 | INFO     | exam.questions               | examiner-22cc8616@test.edu added a mcq question (exam-only)
2026-09-27 19:19:36 | INFO     | exam.app                     | Shutdown complete
2026-09-27 19:19:36 | INFO     | exam.app                     | Starting AI-Based Intelligent Examination Platform (development)
2026-09-27 19:19:36 | INFO     | exam.app                     | Object storage ready: bucket exam-media
2026-09-27 19:19:36 | INFO     | exam.app                     | Session sweeper started (every 60s)
2026-09-27 19:19:36 | INFO     | exam.auth                    | Login: examiner-4d6523b3@test.edu (examiner/approved)
2026-09-27 19:19:36 | INFO     | exam.app                     | Shutdown complete
2026-09-27 19:19:36 | INFO     | exam.app                     | Starting AI-Based Intelligent Examination Platform (development)
2026-09-27 19:19:36 | INFO     | exam.app                     | Object storage ready: bucket exam-media
2026-09-27 19:19:36 | INFO     | exam.app                     | Session sweeper started (every 60s)
2026-09-27 19:19:36 | INFO     | exam.auth                    | Login: examiner-1e8c0bad@test.edu (examiner/approved)
2026-09-27 19:19:36 | INFO     | exam.app                     | Shutdown complete
2026-09-27 19:19:36 | INFO     | exam.app                     | Starting AI-Based Intelligent Examination Platform (development)
2026-09-27 19:19:36 | INFO     | exam.app                     | Object storage ready: bucket exam-media
2026-09-27 19:19:36 | INFO     | exam.app                     | Session sweeper started (every 60s)
2026-09-27 19:19:36 | INFO     | exam.auth                    | Login: examiner-aa60a378@test.edu (examiner/approved)
2026-09-27 19:19:36 | INFO     | exam.questions               | examiner-aa60a378@test.edu added a mcq question (bank)
2026-09-27 19:19:36 | INFO     | exam.exams                   | examiner-aa60a378@test.edu added 1 question(s) to exam 632fcb56-70e5-4624-8d5e-800c39d882e9
2026-09-27 19:19:36 | INFO     | exam.app                     | Shutdown complete
2026-09-27 19:19:36 | INFO     | exam.app                     | Starting AI-Based Intelligent Examination Platform (development)
2026-09-27 19:19:36 | INFO     | exam.app                     | Object storage ready: bucket exam-media
2026-09-27 19:19:36 | INFO     | exam.app                     | Session sweeper started (every 60s)
2026-09-27 19:19:37 | INFO     | exam.auth                    | Login: examiner-ebe72bef@test.edu (examiner/approved)
2026-09-27 19:19:37 | INFO     | exam.app                     | Shutdown complete
2026-09-27 19:19:37 | INFO     | exam.app                     | Starting AI-Based Intelligent Examination Platform (development)
2026-09-27 19:19:37 | INFO     | exam.app                     | Object storage ready: bucket exam-media
2026-09-27 19:19:37 | INFO     | exam.app                     | Session sweeper started (every 60s)
2026-09-27 19:19:37 | INFO     | exam.auth                    | Login: examiner-30e98c88@test.edu (examiner/approved)
2026-09-27 19:19:37 | INFO     | exam.app                     | Shutdown complete
2026-09-27 19:19:37 | INFO     | exam.app                     | Starting AI-Based Intelligent Examination Platform (development)
2026-09-27 19:19:37 | INFO     | exam.app                     | Object storage ready: bucket exam-media
2026-09-27 19:19:37 | INFO     | exam.app                     | Session sweeper started (every 60s)
2026-09-27 19:19:37 | INFO     | exam.auth                    | Login: examiner-32e7b286@test.edu (examiner/approved)
2026-09-27 19:19:37 | INFO     | exam.app                     | Shutdown complete
2026-09-27 19:19:37 | INFO     | exam.app                     | Starting AI-Based Intelligent Examination Platform (development)
2026-09-27 19:19:37 | INFO     | exam.app                     | Object storage ready: bucket exam-media
2026-09-27 19:19:37 | INFO     | exam.app                     | Session sweeper started (every 60s)
2026-09-27 19:19:37 | INFO     | exam.auth                    | Login: admin-8e42bc12@test.edu (admin/approved)
2026-09-27 19:19:37 | INFO     | exam.questions               | admin-8e42bc12@test.edu updated question 43832982-1ba5-4f2c-8a62-ac6cb7e979bf
2026-09-27 19:19:37 | INFO     | exam.app                     | Shutdown complete
2026-09-27 19:19:37 | INFO     | exam.app                     | Starting AI-Based Intelligent Examination Platform (development)
2026-09-27 19:19:37 | INFO     | exam.app                     | Object storage ready: bucket exam-media
2026-09-27 19:19:37 | INFO     | exam.app                     | Session sweeper started (every 60s)
2026-09-27 19:19:37 | INFO     | exam.auth                    | Login: examiner-94d7fad2@test.edu (examiner/approved)
2026-09-27 19:19:37 | INFO     | exam.questions               | examiner-94d7fad2@test.edu duplicated question 08852f54-085c-4009-a13d-ef66134baede
2026-09-27 19:19:37 | INFO     | exam.app                     | Shutdown complete
2026-09-27 19:19:37 | INFO     | exam.app                     | Starting AI-Based Intelligent Examination Platform (development)
2026-09-27 19:19:37 | INFO     | exam.app                     | Object storage ready: bucket exam-media
2026-09-27 19:19:37 | INFO     | exam.app                     | Session sweeper started (every 60s)
2026-09-27 19:19:38 | INFO     | exam.auth                    | Login: examiner-c9c0911f@test.edu (examiner/approved)
2026-09-27 19:19:38 | INFO     | exam.questions               | examiner-c9c0911f@test.edu duplicated question b35e0c65-33f7-47cd-bcf7-8440e449c254
2026-09-27 19:19:38 | INFO     | exam.app                     | Shutdown complete
2026-09-27 19:19:38 | INFO     | exam.app                     | Starting AI-Based Intelligent Examination Platform (development)
2026-09-27 19:19:38 | INFO     | exam.app                     | Object storage ready: bucket exam-media
2026-09-27 19:19:38 | INFO     | exam.app                     | Session sweeper started (every 60s)
2026-09-27 19:19:38 | INFO     | exam.auth                    | Login: examiner-e436224e@test.edu (examiner/approved)
2026-09-27 19:19:38 | INFO     | exam.app                     | Shutdown complete
2026-09-27 19:19:38 | INFO     | exam.app                     | Starting AI-Based Intelligent Examination Platform (development)
2026-09-27 19:19:38 | INFO     | exam.app                     | Object storage ready: bucket exam-media
2026-09-27 19:19:38 | INFO     | exam.app                     | Session sweeper started (every 60s)
2026-09-27 19:19:38 | INFO     | exam.auth                    | Login: examiner-6b6876d6@test.edu (examiner/approved)
2026-09-27 19:19:38 | INFO     | exam.app                     | Shutdown complete
2026-09-27 19:19:38 | INFO     | exam.app                     | Starting AI-Based Intelligent Examination Platform (development)
2026-09-27 19:19:38 | INFO     | exam.app                     | Object storage ready: bucket exam-media
2026-09-27 19:19:38 | INFO     | exam.app                     | Session sweeper started (every 60s)
2026-09-27 19:19:38 | INFO     | exam.auth                    | Login: examiner-1f962cb4@test.edu (examiner/approved)
2026-09-27 19:19:38 | INFO     | exam.app                     | Shutdown complete
2026-09-27 19:19:38 | INFO     | exam.app                     | Starting AI-Based Intelligent Examination Platform (development)
2026-09-27 19:19:38 | INFO     | exam.app                     | Object storage ready: bucket exam-media
2026-09-27 19:19:38 | INFO     | exam.app                     | Session sweeper started (every 60s)
2026-09-27 19:19:38 | INFO     | exam.auth                    | Login: examiner-26f414e1@test.edu (examiner/approved)
2026-09-27 19:19:38 | INFO     | exam.questions               | examiner-26f414e1@test.edu added a true_false question (exam-only)
2026-09-27 19:19:38 | WARNING  | exam.exams                   | examiner-26f414e1@test.edu deleted exam 'Exam 9e3ff6'
2026-09-27 19:19:38 | INFO     | exam.app                     | Shutdown complete
2026-09-27 19:19:50 | INFO     | exam                         | Logging initialised -> D:\AI_Based_Examination_platform\logs
2026-09-27 19:19:51 | INFO     | exam.app                     | Starting AI-Based Intelligent Examination Platform (development)
2026-09-27 19:19:51 | INFO     | exam.app                     | Object storage ready: bucket exam-media
2026-09-27 19:19:51 | INFO     | exam.app                     | Session sweeper started (every 60s)
2026-09-27 19:19:51 | INFO     | exam.auth                    | Login: candidate-e2536896@test.edu (candidate/approved, login=approved)
2026-09-27 19:19:51 | INFO     | exam.exam                    | Session 422b1118-8536-46f2-9b2a-e5c5c281c312 started: exam='Exam a8edb6' candidate=181f3dfa-ed28-4bb9-8341-9d3b06db68df questions=4 expires=2026-09-27T14:19:51.649941+00:00
2026-09-27 19:19:51 | INFO     | exam.app                     | Shutdown complete
2026-09-27 19:19:51 | INFO     | exam.app                     | Starting AI-Based Intelligent Examination Platform (development)
2026-09-27 19:19:51 | INFO     | exam.app                     | Object storage ready: bucket exam-media
2026-09-27 19:19:51 | INFO     | exam.app                     | Session sweeper started (every 60s)
2026-09-27 19:19:51 | INFO     | exam.auth                    | Login: candidate-c2a0343b@test.edu (candidate/approved, login=approved)
2026-09-27 19:19:51 | INFO     | exam.exam                    | Session 2569eb42-9061-43c6-9ef4-7a5fc7760af1 started: exam='Exam 69615d' candidate=4b34af18-07ef-4aac-a98f-7225627c086b questions=4 expires=2026-09-27T14:19:51.868794+00:00
2026-09-27 19:19:51 | INFO     | exam.app                     | Shutdown complete
2026-09-27 19:19:51 | INFO     | exam.app                     | Starting AI-Based Intelligent Examination Platform (development)
2026-09-27 19:19:51 | INFO     | exam.app                     | Object storage ready: bucket exam-media
2026-09-27 19:19:51 | INFO     | exam.app                     | Session sweeper started (every 60s)
2026-09-27 19:19:52 | INFO     | exam.auth                    | Login: candidate-6409bcfa@test.edu (candidate/approved, login=approved)
2026-09-27 19:19:52 | INFO     | exam.exam                    | Session dca8d3ee-2dae-4bc8-b81b-71fb5208313b started: exam='Exam c82f54' candidate=1437f4ec-a25f-4521-942e-439710d58af3 questions=4 expires=2026-09-27T14:19:52.096458+00:00
2026-09-27 19:19:52 | INFO     | exam.app                     | Shutdown complete
2026-09-27 19:19:52 | INFO     | exam.app                     | Starting AI-Based Intelligent Examination Platform (development)
2026-09-27 19:19:52 | INFO     | exam.app                     | Object storage ready: bucket exam-media
2026-09-27 19:19:52 | INFO     | exam.app                     | Session sweeper started (every 60s)
2026-09-27 19:19:52 | INFO     | exam.auth                    | Login: candidate-dda1bc8d@test.edu (candidate/approved, login=approved)
2026-09-27 19:19:52 | INFO     | exam.exam                    | Session 227e76ab-81a6-4365-b5d5-73e820ec2b35 started: exam='Exam a08d5b' candidate=465a4683-5cc1-4029-8f00-6c7bbc5c624b questions=4 expires=2026-09-27T14:19:52.397086+00:00
2026-09-27 19:19:52 | INFO     | exam.auth                    | Login: candidate-dbd776fa@test.edu (candidate/approved, login=approved)
2026-09-27 19:19:52 | INFO     | exam.exam                    | Session 296601b3-2a7e-43a7-a765-3b5153c75ca3 started: exam='Exam a08d5b' candidate=038595aa-f2bc-4023-b9d9-438c10a6599f questions=4 expires=2026-09-27T14:19:52.478755+00:00
2026-09-27 19:19:52 | INFO     | exam.app                     | Shutdown complete
2026-09-27 19:19:52 | INFO     | exam.app                     | Starting AI-Based Intelligent Examination Platform (development)
2026-09-27 19:19:52 | INFO     | exam.app                     | Object storage ready: bucket exam-media
2026-09-27 19:19:52 | INFO     | exam.app                     | Session sweeper started (every 60s)
2026-09-27 19:19:52 | INFO     | exam.auth                    | Login: examiner-911c8bb0@test.edu (examiner/approved)
2026-09-27 19:19:52 | WARNING  | exam.auth                    | Role denied: examiner-911c8bb0@test.edu (examiner) tried a candidate-only route
2026-09-27 19:19:52 | INFO     | exam.app                     | Shutdown complete
2026-09-27 19:19:52 | INFO     | exam.app                     | Starting AI-Based Intelligent Examination Platform (development)
2026-09-27 19:19:52 | INFO     | exam.app                     | Object storage ready: bucket exam-media
2026-09-27 19:19:52 | INFO     | exam.app                     | Session sweeper started (every 60s)
2026-09-27 19:19:52 | INFO     | exam.auth                    | Login: candidate-1dec2dde@test.edu (candidate/approved, login=approved)
2026-09-27 19:19:52 | INFO     | exam.exam                    | Session 30da2a6d-0068-4773-b3a1-a8f39b209221 started: exam='Exam e8d3dc' candidate=0b6f0497-d264-45b3-8979-7b88f5c9b0ea questions=4 expires=2026-09-27T14:19:52.881030+00:00
2026-09-27 19:19:52 | INFO     | exam.app                     | Shutdown complete
2026-09-27 19:19:52 | INFO     | exam.app                     | Starting AI-Based Intelligent Examination Platform (development)
2026-09-27 19:19:52 | INFO     | exam.app                     | Object storage ready: bucket exam-media
2026-09-27 19:19:52 | INFO     | exam.app                     | Session sweeper started (every 60s)
2026-09-27 19:19:53 | INFO     | exam.auth                    | Login: candidate-bd2faec0@test.edu (candidate/approved, login=approved)
2026-09-27 19:19:53 | INFO     | exam.exam                    | Session e50fd72a-376e-44aa-8e8e-a6b853581a49 started: exam='Exam 1cdc85' candidate=65e25dfa-8d5b-48a9-9fbe-010cba33c8db questions=4 expires=2026-09-27T14:19:53.128504+00:00
2026-09-27 19:19:53 | INFO     | exam.exam                    | Session e50fd72a-376e-44aa-8e8e-a6b853581a49 finalised as submitted: 0 auto-scored, 0 queued for review
2026-09-27 19:19:53 | INFO     | exam.exam                    | Session c6399db3-0777-40a6-a783-4ae2b950d07e started: exam='Exam 4f942e' candidate=65e25dfa-8d5b-48a9-9fbe-010cba33c8db questions=4 expires=2026-09-27T14:19:53.236282+00:00
2026-09-27 19:19:53 | INFO     | exam.app                     | Shutdown complete
2026-09-27 19:19:53 | INFO     | exam.app                     | Starting AI-Based Intelligent Examination Platform (development)
2026-09-27 19:19:53 | INFO     | exam.app                     | Object storage ready: bucket exam-media
2026-09-27 19:19:53 | INFO     | exam.app                     | Session sweeper started (every 60s)
2026-09-27 19:19:53 | INFO     | exam.auth                    | Login: candidate-044c3e1a@test.edu (candidate/approved, login=approved)
2026-09-27 19:19:53 | INFO     | exam.exam                    | Session 02811c98-3de7-47f4-af67-ebf084e6ba07 started: exam='Exam 24671f' candidate=9843492d-0114-4c58-83e8-137db0b9d5b0 questions=4 expires=2026-09-27T14:19:53.461984+00:00
2026-09-27 19:19:53 | INFO     | exam.app                     | Shutdown complete
2026-09-27 19:19:53 | INFO     | exam.app                     | Starting AI-Based Intelligent Examination Platform (development)
2026-09-27 19:19:53 | INFO     | exam.app                     | Object storage ready: bucket exam-media
2026-09-27 19:19:53 | INFO     | exam.app                     | Session sweeper started (every 60s)
2026-09-27 19:19:53 | INFO     | exam.auth                    | Login: candidate-e8a5dacb@test.edu (candidate/approved, login=approved)
2026-09-27 19:19:53 | INFO     | exam.exam                    | Session 5c968062-0b88-4c2d-b7d5-e50907df2904 started: exam='Exam 4cf3f7' candidate=370e01c1-587c-4794-af13-64e46f8612fb questions=4 expires=2026-09-27T14:19:53.756662+00:00
2026-09-27 19:19:53 | INFO     | exam.app                     | Shutdown complete
2026-09-27 19:19:53 | INFO     | exam.app                     | Starting AI-Based Intelligent Examination Platform (development)
2026-09-27 19:19:53 | INFO     | exam.app                     | Object storage ready: bucket exam-media
2026-09-27 19:19:53 | INFO     | exam.app                     | Session sweeper started (every 60s)
2026-09-27 19:19:53 | INFO     | exam.auth                    | Login: candidate-2a1637f0@test.edu (candidate/approved, login=approved)
2026-09-27 19:19:53 | INFO     | exam.exam                    | Session 6cdad36c-f17a-4d37-8c4b-766b22688465 started: exam='Exam d07825' candidate=06cc2128-95fd-43aa-ac68-056e1de00513 questions=4 expires=2026-09-27T14:19:53.974351+00:00
2026-09-27 19:19:54 | INFO     | exam.auth                    | Login: candidate-3d96e572@test.edu (candidate/approved, login=approved)
2026-09-27 19:19:54 | WARNING  | exam.auth                    | Exam token misuse: token for 06cc2128-95fd-43aa-ac68-056e1de00513 presented by e2fffd1e-5e15-4e4c-88f6-d78a8c8a73bc
2026-09-27 19:19:54 | INFO     | exam.app                     | Shutdown complete
2026-09-27 19:19:54 | INFO     | exam.app                     | Starting AI-Based Intelligent Examination Platform (development)
2026-09-27 19:19:54 | INFO     | exam.app                     | Object storage ready: bucket exam-media
2026-09-27 19:19:54 | INFO     | exam.app                     | Session sweeper started (every 60s)
2026-09-27 19:19:54 | INFO     | exam.auth                    | Login: candidate-47a59312@test.edu (candidate/approved, login=approved)
2026-09-27 19:19:54 | INFO     | exam.exam                    | Session e51cf63a-9e14-4044-992f-30cf08072fb3 started: exam='Exam 1a5214' candidate=9dd49cd0-f802-46cc-9da4-a1c6b4cc3b8e questions=4 expires=2026-09-27T14:19:54.300732+00:00
2026-09-27 19:19:54 | INFO     | exam.app                     | Shutdown complete
2026-09-27 19:19:54 | INFO     | exam.app                     | Starting AI-Based Intelligent Examination Platform (development)
2026-09-27 19:19:54 | INFO     | exam.app                     | Object storage ready: bucket exam-media
2026-09-27 19:19:54 | INFO     | exam.app                     | Session sweeper started (every 60s)
2026-09-27 19:19:54 | INFO     | exam.auth                    | Login: candidate-0c745140@test.edu (candidate/approved, login=approved)
2026-09-27 19:19:54 | INFO     | exam.exam                    | Session 0b2edf83-f862-417a-b26d-f63b1b4d15f4 started: exam='Exam 054cda' candidate=390b9f7f-f05c-421f-b47e-ce595e3eb495 questions=4 expires=2026-09-27T14:19:54.526093+00:00
2026-09-27 19:19:54 | INFO     | exam.app                     | Shutdown complete
2026-09-27 19:19:54 | INFO     | exam.app                     | Starting AI-Based Intelligent Examination Platform (development)
2026-09-27 19:19:54 | INFO     | exam.app                     | Object storage ready: bucket exam-media
2026-09-27 19:19:54 | INFO     | exam.app                     | Session sweeper started (every 60s)
2026-09-27 19:19:54 | INFO     | exam.auth                    | Login: candidate-ef92547c@test.edu (candidate/approved, login=approved)
2026-09-27 19:19:54 | INFO     | exam.exam                    | Session 0b8f8e5c-a5a6-4600-9caa-09491fc46509 started: exam='Exam 792199' candidate=ec9e3f1b-18a6-4ec0-b9a5-703feff89b82 questions=4 expires=2026-09-27T14:19:54.759029+00:00
2026-09-27 19:19:54 | INFO     | exam.app                     | Shutdown complete
2026-09-27 19:19:54 | INFO     | exam.app                     | Starting AI-Based Intelligent Examination Platform (development)
2026-09-27 19:19:54 | INFO     | exam.app                     | Object storage ready: bucket exam-media
2026-09-27 19:19:54 | INFO     | exam.app                     | Session sweeper started (every 60s)
2026-09-27 19:19:55 | INFO     | exam.auth                    | Login: candidate-c1280821@test.edu (candidate/approved, login=approved)
2026-09-27 19:19:55 | INFO     | exam.exam                    | Session da242f82-c98d-4a81-8239-d43f749464cc started: exam='Exam b10ec5' candidate=ae8a9a1d-5f5b-4ec7-85f7-dec50abfc744 questions=4 expires=2026-09-27T14:19:55.020694+00:00
2026-09-27 19:19:55 | WARNING  | exam.proctor                 | Session da242f82-c98d-4a81-8239-d43f749464cc flagged: score=106.9 tab_switches=0 left_exam=0
2026-09-27 19:19:55 | INFO     | exam.exam                    | Session da242f82-c98d-4a81-8239-d43f749464cc finalised as terminated: 0 auto-scored, 0 queued for review
2026-09-27 19:19:55 | WARNING  | exam.proctor                 | Session da242f82-c98d-4a81-8239-d43f749464cc TERMINATED at score 106.9
2026-09-27 19:19:55 | INFO     | exam.app                     | Shutdown complete
2026-09-27 19:19:55 | INFO     | exam.app                     | Starting AI-Based Intelligent Examination Platform (development)
2026-09-27 19:19:55 | INFO     | exam.app                     | Object storage ready: bucket exam-media
2026-09-27 19:19:55 | INFO     | exam.app                     | Session sweeper started (every 60s)
2026-09-27 19:19:55 | INFO     | exam.auth                    | Login: candidate-923a56b6@test.edu (candidate/approved, login=approved)
2026-09-27 19:19:55 | INFO     | exam.exam                    | Session 80e5e25b-ce10-431d-b711-b542cccc78b4 started: exam='Exam e7f8ed' candidate=8eab1948-8b74-4055-bdf6-ba6cedfc9903 questions=4 expires=2026-09-27T14:19:55.316916+00:00
2026-09-27 19:19:55 | INFO     | exam.auth                    | Login: examiner-b2572102@test.edu (examiner/approved)
2026-09-27 19:19:55 | INFO     | exam.app                     | Shutdown complete
2026-09-27 19:19:55 | INFO     | exam.app                     | Starting AI-Based Intelligent Examination Platform (development)
2026-09-27 19:19:55 | INFO     | exam.app                     | Object storage ready: bucket exam-media
2026-09-27 19:19:55 | INFO     | exam.app                     | Session sweeper started (every 60s)
2026-09-27 19:19:55 | INFO     | exam.auth                    | Login: candidate-040ab046@test.edu (candidate/approved, login=approved)
2026-09-27 19:19:55 | INFO     | exam.exam                    | Session bc692490-0f17-4339-8ec6-515a3763800c started: exam='Exam 4b4dfe' candidate=5c552476-1bde-4c91-a96b-603e75cec4bc questions=4 expires=2026-09-27T14:19:55.627142+00:00
2026-09-27 19:19:55 | WARNING  | exam.auth                    | Role denied: candidate-040ab046@test.edu (candidate) tried a admin/examiner-only route
2026-09-27 19:19:55 | INFO     | exam.app                     | Shutdown complete
2026-09-27 19:19:55 | INFO     | exam.app                     | Starting AI-Based Intelligent Examination Platform (development)
2026-09-27 19:19:55 | INFO     | exam.app                     | Object storage ready: bucket exam-media
2026-09-27 19:19:55 | INFO     | exam.app                     | Session sweeper started (every 60s)
2026-09-27 19:19:55 | INFO     | exam.auth                    | Login: candidate-11bca196@test.edu (candidate/approved, login=approved)
2026-09-27 19:19:55 | INFO     | exam.exam                    | Session a488bf04-caf0-4e5c-b512-56cfaf81cd2d started: exam='Exam 7756c6' candidate=67e2b616-d37f-43bb-9be6-8ee41a8e3171 questions=4 expires=2026-09-27T14:19:55.841075+00:00
2026-09-27 19:19:55 | INFO     | exam.exam                    | Session a488bf04-caf0-4e5c-b512-56cfaf81cd2d finalised as submitted: 3 auto-scored, 1 queued for review
2026-09-27 19:19:55 | INFO     | exam.app                     | Shutdown complete
2026-09-27 19:19:55 | INFO     | exam.app                     | Starting AI-Based Intelligent Examination Platform (development)
2026-09-27 19:19:55 | INFO     | exam.app                     | Object storage ready: bucket exam-media
2026-09-27 19:19:55 | INFO     | exam.app                     | Session sweeper started (every 60s)
2026-09-27 19:19:56 | INFO     | exam.auth                    | Login: candidate-4db93252@test.edu (candidate/approved, login=approved)
2026-09-27 19:19:56 | INFO     | exam.exam                    | Session 141a4e95-bc7c-48a2-8f68-d25306ec733b started: exam='Exam 3127c3' candidate=7f34189a-418c-47cf-9f44-484ee86304fd questions=4 expires=2026-09-27T14:19:56.211057+00:00
2026-09-27 19:19:56 | INFO     | exam.exam                    | Session 141a4e95-bc7c-48a2-8f68-d25306ec733b finalised as submitted: 0 auto-scored, 1 queued for review
2026-09-27 19:19:56 | WARNING  | exam.grading                 | Unknown grader provider 'gemini' - using the stub grader
2026-09-27 19:19:56 | INFO     | exam.exam                    | Graded 1 subjective answer(s) in session 141a4e95-bc7c-48a2-8f68-d25306ec733b
2026-09-27 19:19:56 | INFO     | exam.auth                    | Login: examiner-e241f964@test.edu (examiner/approved)
2026-09-27 19:19:56 | INFO     | exam.app                     | Shutdown complete
2026-09-27 19:19:56 | INFO     | exam.app                     | Starting AI-Based Intelligent Examination Platform (development)
2026-09-27 19:19:56 | INFO     | exam.app                     | Object storage ready: bucket exam-media
2026-09-27 19:19:56 | INFO     | exam.app                     | Session sweeper started (every 60s)
2026-09-27 19:19:56 | INFO     | exam.auth                    | Login: candidate-c4953263@test.edu (candidate/approved, login=approved)
2026-09-27 19:19:56 | INFO     | exam.exam                    | Session 5bb3e5a8-cb05-4d60-bfc4-91f3cd8142f7 started: exam='Exam 9ad1a0' candidate=68f3c040-2682-4243-b6fa-6ed2846c7dff questions=4 expires=2026-09-27T14:19:56.612660+00:00
2026-09-27 19:19:56 | INFO     | exam.exam                    | Session 5bb3e5a8-cb05-4d60-bfc4-91f3cd8142f7 finalised as submitted: 0 auto-scored, 1 queued for review
2026-09-27 19:19:56 | WARNING  | exam.grading                 | Unknown grader provider 'gemini' - using the stub grader
2026-09-27 19:19:56 | INFO     | exam.exam                    | Graded 1 subjective answer(s) in session 5bb3e5a8-cb05-4d60-bfc4-91f3cd8142f7
2026-09-27 19:19:56 | INFO     | exam.auth                    | Login: examiner-5bf54e25@test.edu (examiner/approved)
2026-09-27 19:19:56 | INFO     | exam.grading                 | examiner-5bf54e25@test.edu graded answer fb6e54ab-dcf5-48c0-a351-7e53cca0b892: 0.60 -> 4.50/5.00
2026-09-27 19:19:56 | INFO     | exam.app                     | Shutdown complete
2026-09-27 19:19:56 | INFO     | exam.app                     | Starting AI-Based Intelligent Examination Platform (development)
2026-09-27 19:19:56 | INFO     | exam.app                     | Object storage ready: bucket exam-media
2026-09-27 19:19:56 | INFO     | exam.app                     | Session sweeper started (every 60s)
2026-09-27 19:19:57 | INFO     | exam.auth                    | Login: candidate-a5aebad4@test.edu (candidate/approved, login=approved)
2026-09-27 19:19:57 | INFO     | exam.exam                    | Session afb8f08f-5344-482a-b998-557105745e73 started: exam='Exam 9ddf0d' candidate=08ec155b-dee6-475c-8bb3-f075f5b61aad questions=4 expires=2026-09-27T14:19:57.046111+00:00
2026-09-27 19:19:57 | INFO     | exam.exam                    | Session afb8f08f-5344-482a-b998-557105745e73 finalised as submitted: 0 auto-scored, 1 queued for review
2026-09-27 19:19:57 | WARNING  | exam.grading                 | Unknown grader provider 'gemini' - using the stub grader
2026-09-27 19:19:57 | INFO     | exam.exam                    | Graded 1 subjective answer(s) in session afb8f08f-5344-482a-b998-557105745e73
2026-09-27 19:19:57 | INFO     | exam.auth                    | Login: examiner-74384d58@test.edu (examiner/approved)
2026-09-27 19:19:57 | INFO     | exam.app                     | Shutdown complete
2026-09-27 19:19:57 | INFO     | exam.app                     | Starting AI-Based Intelligent Examination Platform (development)
2026-09-27 19:19:57 | INFO     | exam.app                     | Object storage ready: bucket exam-media
2026-09-27 19:19:57 | INFO     | exam.app                     | Session sweeper started (every 60s)
2026-09-27 19:19:57 | INFO     | exam.auth                    | Login: candidate-da2662a6@test.edu (candidate/approved, login=approved)
2026-09-27 19:19:57 | INFO     | exam.exam                    | Session e2df6775-4c7b-4df5-8a8c-b48a83978b61 started: exam='Exam 1d8480' candidate=b1220a2b-a167-4ba9-910d-058ddb750b09 questions=4 expires=2026-09-27T14:19:57.471133+00:00
2026-09-27 19:19:57 | INFO     | exam.exam                    | Session e2df6775-4c7b-4df5-8a8c-b48a83978b61 finalised as submitted: 0 auto-scored, 1 queued for review
2026-09-27 19:19:57 | INFO     | exam.auth                    | Login: examiner-872720ce@test.edu (examiner/approved)
2026-09-27 19:19:57 | INFO     | exam.app                     | Shutdown complete
2026-09-27 19:19:57 | INFO     | exam.app                     | Starting AI-Based Intelligent Examination Platform (development)
2026-09-27 19:19:57 | INFO     | exam.app                     | Object storage ready: bucket exam-media
2026-09-27 19:19:57 | INFO     | exam.app                     | Session sweeper started (every 60s)
2026-09-27 19:19:57 | INFO     | exam.auth                    | Login: candidate-4a1e1ebe@test.edu (candidate/approved, login=approved)
2026-09-27 19:19:57 | INFO     | exam.exam                    | Session c1b347de-37fe-47df-b391-1a539e7f0ab7 started: exam='Exam 65b830' candidate=b5b569cf-6715-4c01-8b77-a05b18e80f06 questions=4 expires=2026-09-27T14:19:57.838631+00:00
2026-09-27 19:19:57 | INFO     | exam.exam                    | Session c1b347de-37fe-47df-b391-1a539e7f0ab7 finalised as submitted: 3 auto-scored, 1 queued for review
2026-09-27 19:19:57 | WARNING  | exam.grading                 | Unknown grader provider 'gemini' - using the stub grader
2026-09-27 19:19:57 | INFO     | exam.exam                    | Graded 1 subjective answer(s) in session c1b347de-37fe-47df-b391-1a539e7f0ab7
2026-09-27 19:19:58 | INFO     | exam.auth                    | Login: examiner-cff81a07@test.edu (examiner/approved)
2026-09-27 19:19:58 | INFO     | exam.grading                 | examiner-cff81a07@test.edu graded answer 40eaf164-be7d-4279-a55f-902901003d88: 0.75 -> 3.00/5.00
2026-09-27 19:19:58 | INFO     | exam.grading                 | examiner-cff81a07@test.edu published 1 result(s) for exam 'Exam 65b830' (0 withheld for malpractice)
2026-09-27 19:19:58 | INFO     | exam.app                     | Shutdown complete
2026-09-27 19:19:58 | INFO     | exam.app                     | Starting AI-Based Intelligent Examination Platform (development)
2026-09-27 19:19:58 | INFO     | exam.app                     | Object storage ready: bucket exam-media
2026-09-27 19:19:58 | INFO     | exam.app                     | Session sweeper started (every 60s)
2026-09-27 19:19:58 | INFO     | exam.auth                    | Login: candidate-e7dafb3e@test.edu (candidate/approved, login=approved)
2026-09-27 19:19:58 | INFO     | exam.exam                    | Session 0fa4e6a8-ff51-43d2-9c4e-a7995c96cf77 started: exam='Exam 785db1' candidate=0aba08b7-49a9-4639-b36b-be04112bf524 questions=4 expires=2026-09-27T14:19:58.359826+00:00
2026-09-27 19:19:58 | INFO     | exam.exam                    | Session 0fa4e6a8-ff51-43d2-9c4e-a7995c96cf77 finalised as submitted: 0 auto-scored, 0 queued for review
2026-09-27 19:19:58 | WARNING  | exam.grading                 | Unknown grader provider 'gemini' - using the stub grader
2026-09-27 19:19:58 | INFO     | exam.exam                    | Graded 0 subjective answer(s) in session 0fa4e6a8-ff51-43d2-9c4e-a7995c96cf77
2026-09-27 19:19:58 | INFO     | exam.auth                    | Login: examiner-57f8fe15@test.edu (examiner/approved)
2026-09-27 19:19:58 | INFO     | exam.grading                 | examiner-57f8fe15@test.edu published 1 result(s) for exam 'Exam 785db1' (0 withheld for malpractice)
2026-09-27 19:19:58 | INFO     | exam.auth                    | Login: candidate-669b828d@test.edu (candidate/approved, login=approved)
2026-09-27 19:19:58 | INFO     | exam.app                     | Shutdown complete
2026-09-27 19:19:58 | INFO     | exam.app                     | Starting AI-Based Intelligent Examination Platform (development)
2026-09-27 19:19:58 | INFO     | exam.app                     | Object storage ready: bucket exam-media
2026-09-27 19:19:58 | INFO     | exam.app                     | Session sweeper started (every 60s)
2026-09-27 19:19:58 | INFO     | exam.auth                    | Login: candidate-02451070@test.edu (candidate/approved, login=approved)
2026-09-27 19:19:58 | INFO     | exam.exam                    | Session 2f3e32fc-fba6-4fe5-8471-27da535d6aad started: exam='Exam a951bc' candidate=fee05ee8-c490-4a22-a259-9207ec0e864d questions=4 expires=2026-09-27T14:19:58.897124+00:00
2026-09-27 19:19:58 | INFO     | exam.exam                    | Session 2f3e32fc-fba6-4fe5-8471-27da535d6aad finalised as submitted: 0 auto-scored, 0 queued for review
2026-09-27 19:19:58 | INFO     | exam.app                     | Shutdown complete
2026-09-27 19:19:59 | INFO     | exam.app                     | Starting AI-Based Intelligent Examination Platform (development)
2026-09-27 19:19:59 | INFO     | exam.app                     | Object storage ready: bucket exam-media
2026-09-27 19:19:59 | INFO     | exam.app                     | Session sweeper started (every 60s)
2026-09-27 19:19:59 | INFO     | exam.auth                    | Login: candidate-b527d75b@test.edu (candidate/approved, login=approved)
2026-09-27 19:19:59 | INFO     | exam.exam                    | Session fc300a0a-661e-43b4-939f-229bfcf74e17 started: exam='Exam 137da2' candidate=60f14ec1-ac85-400f-9348-11e2e74f0a52 questions=2 expires=2026-09-27T14:19:59.559692+00:00
2026-09-27 19:19:59 | INFO     | exam.exam                    | Session fc300a0a-661e-43b4-939f-229bfcf74e17 finalised as submitted: 2 auto-scored, 0 queued for review
2026-09-27 19:19:59 | INFO     | exam.auth                    | Login: examiner-422b806a@test.edu (examiner/approved)
2026-09-27 19:19:59 | INFO     | exam.grading                 | examiner-422b806a@test.edu published the result for candidate-b527d75b@test.edu on 'Exam 137da2'
2026-09-27 19:19:59 | INFO     | exam.app                     | Shutdown complete
2026-09-27 19:19:59 | INFO     | exam.app                     | Starting AI-Based Intelligent Examination Platform (development)
2026-09-27 19:19:59 | INFO     | exam.app                     | Object storage ready: bucket exam-media
2026-09-27 19:19:59 | INFO     | exam.app                     | Session sweeper started (every 60s)
2026-09-27 19:19:59 | INFO     | exam.auth                    | Login: candidate-9b660b58@test.edu (candidate/approved, login=approved)
2026-09-27 19:19:59 | INFO     | exam.exam                    | Session bb9a7492-9997-4771-8f4a-d0c2560fbe30 started: exam='Exam 83bca5' candidate=6984469b-42f3-4883-8260-452fbe7625af questions=2 expires=2026-09-27T14:19:59.952668+00:00
2026-09-27 19:20:00 | INFO     | exam.exam                    | Session bb9a7492-9997-4771-8f4a-d0c2560fbe30 finalised as submitted: 2 auto-scored, 0 queued for review
2026-09-27 19:20:00 | INFO     | exam.auth                    | Login: examiner-5fdcb836@test.edu (examiner/approved)
2026-09-27 19:20:00 | INFO     | exam.grading                 | examiner-5fdcb836@test.edu published the result for candidate-9b660b58@test.edu on 'Exam 83bca5'
2026-09-27 19:20:00 | INFO     | exam.app                     | Shutdown complete
2026-09-27 19:20:00 | INFO     | exam.app                     | Starting AI-Based Intelligent Examination Platform (development)
2026-09-27 19:20:00 | INFO     | exam.app                     | Object storage ready: bucket exam-media
2026-09-27 19:20:00 | INFO     | exam.app                     | Session sweeper started (every 60s)
2026-09-27 19:20:00 | INFO     | exam.auth                    | Login: examiner-4508a185@test.edu (examiner/approved)
2026-09-27 19:20:00 | INFO     | exam.app                     | Shutdown complete
2026-09-27 19:20:00 | INFO     | exam.app                     | Starting AI-Based Intelligent Examination Platform (development)
2026-09-27 19:20:00 | INFO     | exam.app                     | Object storage ready: bucket exam-media
2026-09-27 19:20:00 | INFO     | exam.app                     | Session sweeper started (every 60s)
2026-09-27 19:20:01 | INFO     | exam.auth                    | Login: candidate-29bcc40f@test.edu (candidate/approved, login=approved)
2026-09-27 19:20:01 | INFO     | exam.exam                    | Session 58456458-d078-4218-80ff-3820b3290cb2 started: exam='Exam 486dd6' candidate=70dc8b66-8a12-4d9d-98b7-d39753fdce17 questions=2 expires=2026-09-27T14:20:01.041093+00:00
2026-09-27 19:20:01 | INFO     | exam.exam                    | Session 58456458-d078-4218-80ff-3820b3290cb2 finalised as submitted: 2 auto-scored, 0 queued for review
2026-09-27 19:20:01 | INFO     | exam.auth                    | Login: examiner-9131e5be@test.edu (examiner/approved)
2026-09-27 19:20:01 | INFO     | exam.grading                 | examiner-9131e5be@test.edu published the result for candidate-29bcc40f@test.edu on 'Exam 486dd6'
2026-09-27 19:20:01 | INFO     | exam.app                     | Shutdown complete
2026-09-27 19:20:01 | INFO     | exam.app                     | Starting AI-Based Intelligent Examination Platform (development)
2026-09-27 19:20:01 | INFO     | exam.app                     | Object storage ready: bucket exam-media
2026-09-27 19:20:01 | INFO     | exam.app                     | Session sweeper started (every 60s)
2026-09-27 19:20:01 | INFO     | exam.auth                    | Login: candidate-66013a37@test.edu (candidate/approved, login=approved)
2026-09-27 19:20:01 | INFO     | exam.exam                    | Session 26856b15-f7df-421f-a8e1-259ee9a022fa started: exam='Exam ad5315' candidate=f3be9563-8e47-45ef-92fc-c0c332970ad9 questions=2 expires=2026-09-27T14:20:01.435727+00:00
2026-09-27 19:20:01 | INFO     | exam.exam                    | Session 26856b15-f7df-421f-a8e1-259ee9a022fa finalised as submitted: 2 auto-scored, 0 queued for review
2026-09-27 19:20:01 | INFO     | exam.auth                    | Login: examiner-49c1c293@test.edu (examiner/approved)
2026-09-27 19:20:01 | INFO     | exam.app                     | Shutdown complete
2026-09-27 19:20:01 | INFO     | exam.app                     | Starting AI-Based Intelligent Examination Platform (development)
2026-09-27 19:20:01 | INFO     | exam.app                     | Object storage ready: bucket exam-media
2026-09-27 19:20:01 | INFO     | exam.app                     | Session sweeper started (every 60s)
2026-09-27 19:20:01 | INFO     | exam.auth                    | Login: candidate-2b0c70de@test.edu (candidate/approved, login=approved)
2026-09-27 19:20:01 | INFO     | exam.exam                    | Session 586cdd12-1b6c-4cf7-b926-ba3cb05888df started: exam='Exam ce235f' candidate=98dd2f44-0488-4671-9da4-e3318d1b8cfd questions=2 expires=2026-09-27T14:20:01.827046+00:00
2026-09-27 19:20:01 | INFO     | exam.exam                    | Session 586cdd12-1b6c-4cf7-b926-ba3cb05888df finalised as submitted: 2 auto-scored, 0 queued for review
2026-09-27 19:20:01 | INFO     | exam.auth                    | Login: examiner-a1525078@test.edu (examiner/approved)
2026-09-27 19:20:02 | INFO     | exam.proctor                 | examiner-a1525078@test.edu ruled session 586cdd12-1b6c-4cf7-b926-ba3cb05888df as cleared
2026-09-27 19:20:02 | INFO     | exam.grading                 | examiner-a1525078@test.edu published the result for candidate-2b0c70de@test.edu on 'Exam ce235f'
2026-09-27 19:20:02 | INFO     | exam.app                     | Shutdown complete
2026-09-27 19:20:02 | INFO     | exam.app                     | Starting AI-Based Intelligent Examination Platform (development)
2026-09-27 19:20:02 | INFO     | exam.app                     | Object storage ready: bucket exam-media
2026-09-27 19:20:02 | INFO     | exam.app                     | Session sweeper started (every 60s)
2026-09-27 19:20:02 | INFO     | exam.auth                    | Login: candidate-9ee93c68@test.edu (candidate/approved, login=approved)
2026-09-27 19:20:02 | INFO     | exam.exam                    | Session 66fdb41c-345f-4023-9055-b9495228d13f started: exam='Exam 1c3d30' candidate=3f7c3d53-2a94-43e7-b96f-804ab608f75e questions=2 expires=2026-09-27T14:20:02.233937+00:00
2026-09-27 19:20:02 | INFO     | exam.exam                    | Session 66fdb41c-345f-4023-9055-b9495228d13f finalised as submitted: 2 auto-scored, 0 queued for review
2026-09-27 19:20:02 | INFO     | exam.auth                    | Login: examiner-eee04806@test.edu (examiner/approved)
2026-09-27 19:20:02 | INFO     | exam.proctor                 | examiner-eee04806@test.edu ruled session 66fdb41c-345f-4023-9055-b9495228d13f as malpractice
2026-09-27 19:20:02 | INFO     | exam.app                     | Shutdown complete
2026-09-27 19:20:02 | INFO     | exam.app                     | Starting AI-Based Intelligent Examination Platform (development)
2026-09-27 19:20:02 | INFO     | exam.app                     | Object storage ready: bucket exam-media
2026-09-27 19:20:02 | INFO     | exam.app                     | Session sweeper started (every 60s)
2026-09-27 19:20:02 | INFO     | exam.auth                    | Login: candidate-3325049f@test.edu (candidate/approved, login=approved)
2026-09-27 19:20:02 | INFO     | exam.exam                    | Session 33fa4e08-3072-4a80-95cd-1819fcb9a4e6 started: exam='Exam c98166' candidate=9b6cc98f-1677-4564-ac52-f7a21eab23fe questions=2 expires=2026-09-27T14:20:02.634875+00:00
2026-09-27 19:20:02 | INFO     | exam.exam                    | Session 33fa4e08-3072-4a80-95cd-1819fcb9a4e6 finalised as submitted: 2 auto-scored, 0 queued for review
2026-09-27 19:20:02 | INFO     | exam.auth                    | Login: examiner-0ba96fd9@test.edu (examiner/approved)
2026-09-27 19:20:02 | INFO     | exam.app                     | Shutdown complete
2026-09-27 19:20:02 | INFO     | exam.app                     | Starting AI-Based Intelligent Examination Platform (development)
2026-09-27 19:20:02 | INFO     | exam.app                     | Object storage ready: bucket exam-media
2026-09-27 19:20:02 | INFO     | exam.app                     | Session sweeper started (every 60s)
2026-09-27 19:20:03 | INFO     | exam.auth                    | Login: candidate-2124907f@test.edu (candidate/approved, login=approved)
2026-09-27 19:20:03 | INFO     | exam.exam                    | Session a6de1c9b-8cd7-48d3-8d02-11ee6d4b14d9 started: exam='Exam dd4ea1' candidate=3791febe-7a3f-483f-b25f-f40daaa74772 questions=2 expires=2026-09-27T14:20:03.018772+00:00
2026-09-27 19:20:03 | INFO     | exam.exam                    | Session a6de1c9b-8cd7-48d3-8d02-11ee6d4b14d9 finalised as submitted: 2 auto-scored, 0 queued for review
2026-09-27 19:20:03 | INFO     | exam.auth                    | Login: examiner-1bfd44a9@test.edu (examiner/approved)
2026-09-27 19:20:03 | INFO     | exam.app                     | Shutdown complete
2026-09-27 19:20:03 | INFO     | exam.app                     | Starting AI-Based Intelligent Examination Platform (development)
2026-09-27 19:20:03 | INFO     | exam.app                     | Object storage ready: bucket exam-media
2026-09-27 19:20:03 | INFO     | exam.app                     | Session sweeper started (every 60s)
2026-09-27 19:20:03 | INFO     | exam.auth                    | Login: candidate-145a45d6@test.edu (candidate/approved, login=approved)
2026-09-27 19:20:03 | INFO     | exam.exam                    | Session f9826abb-3210-4299-a4e2-281cc81d71a6 started: exam='Exam 77e033' candidate=64110619-a3fa-4126-91fd-f1ac37a9c477 questions=2 expires=2026-09-27T14:20:03.380953+00:00
2026-09-27 19:20:03 | INFO     | exam.exam                    | Session f9826abb-3210-4299-a4e2-281cc81d71a6 finalised as submitted: 2 auto-scored, 0 queued for review
2026-09-27 19:20:03 | INFO     | exam.auth                    | Login: examiner-7b6cb943@test.edu (examiner/approved)
2026-09-27 19:20:03 | INFO     | exam.proctor                 | examiner-7b6cb943@test.edu ruled session f9826abb-3210-4299-a4e2-281cc81d71a6 as cleared
2026-09-27 19:20:03 | INFO     | exam.app                     | Shutdown complete
2026-09-27 19:20:03 | INFO     | exam.app                     | Starting AI-Based Intelligent Examination Platform (development)
2026-09-27 19:20:03 | INFO     | exam.app                     | Object storage ready: bucket exam-media
2026-09-27 19:20:03 | INFO     | exam.app                     | Session sweeper started (every 60s)
2026-09-27 19:20:03 | INFO     | exam.auth                    | Login: candidate-f5b4bc3c@test.edu (candidate/approved, login=approved)
2026-09-27 19:20:03 | INFO     | exam.exam                    | Session 4ff21c32-e853-4510-b12f-bf0598a0a41f started: exam='Exam 2d52d0' candidate=f06862ec-a953-47fa-9edf-a35e5e5022b3 questions=2 expires=2026-09-27T14:20:03.759197+00:00
2026-09-27 19:20:03 | INFO     | exam.exam                    | Session 4ff21c32-e853-4510-b12f-bf0598a0a41f finalised as submitted: 2 auto-scored, 0 queued for review
2026-09-27 19:20:03 | INFO     | exam.auth                    | Login: examiner-97a37905@test.edu (examiner/approved)
2026-09-27 19:20:03 | INFO     | exam.app                     | Shutdown complete
2026-09-27 19:20:03 | INFO     | exam.app                     | Starting AI-Based Intelligent Examination Platform (development)
2026-09-27 19:20:03 | INFO     | exam.app                     | Object storage ready: bucket exam-media
2026-09-27 19:20:03 | INFO     | exam.app                     | Session sweeper started (every 60s)
2026-09-27 19:20:04 | INFO     | exam.auth                    | Login: candidate-c59c03bb@test.edu (candidate/approved, login=approved)
2026-09-27 19:20:04 | INFO     | exam.exam                    | Session 68eb2997-7c7f-4f6c-b2cd-0fa89dfa8be5 started: exam='Exam d61c9a' candidate=de35baed-a991-41ff-bef5-db7266bbf90a questions=2 expires=2026-09-27T14:20:04.135097+00:00
2026-09-27 19:20:04 | INFO     | exam.exam                    | Session 68eb2997-7c7f-4f6c-b2cd-0fa89dfa8be5 finalised as submitted: 2 auto-scored, 0 queued for review
2026-09-27 19:20:04 | INFO     | exam.auth                    | Login: examiner-14fd285a@test.edu (examiner/approved)
2026-09-27 19:20:04 | INFO     | exam.proctor                 | examiner-14fd285a@test.edu ruled session 68eb2997-7c7f-4f6c-b2cd-0fa89dfa8be5 as malpractice
2026-09-27 19:20:04 | INFO     | exam.app                     | Shutdown complete
2026-09-27 19:20:04 | INFO     | exam.app                     | Starting AI-Based Intelligent Examination Platform (development)
2026-09-27 19:20:04 | INFO     | exam.app                     | Object storage ready: bucket exam-media
2026-09-27 19:20:04 | INFO     | exam.app                     | Session sweeper started (every 60s)
2026-09-27 19:20:04 | INFO     | exam.auth                    | Login: candidate-a661effb@test.edu (candidate/approved, login=approved)
2026-09-27 19:20:04 | INFO     | exam.exam                    | Session f9fae561-d1c2-4649-a499-dc9fa63e4f7f started: exam='Exam 8846d7' candidate=e124181b-1957-4fac-b091-81b3a9a5a9c8 questions=2 expires=2026-09-27T14:20:04.538999+00:00
2026-09-27 19:20:04 | INFO     | exam.exam                    | Session f9fae561-d1c2-4649-a499-dc9fa63e4f7f finalised as submitted: 2 auto-scored, 0 queued for review
2026-09-27 19:20:04 | INFO     | exam.auth                    | Login: examiner-81b19d9a@test.edu (examiner/approved)
2026-09-27 19:20:04 | INFO     | exam.app                     | Shutdown complete
2026-09-27 19:20:04 | INFO     | exam.app                     | Starting AI-Based Intelligent Examination Platform (development)
2026-09-27 19:20:04 | INFO     | exam.app                     | Object storage ready: bucket exam-media
2026-09-27 19:20:04 | INFO     | exam.app                     | Session sweeper started (every 60s)
2026-09-27 19:20:04 | INFO     | exam.auth                    | Login: candidate-15c2bcf6@test.edu (candidate/approved, login=approved)
2026-09-27 19:20:04 | INFO     | exam.exam                    | Session 0060fed5-778f-419f-9958-3bf8be3f757e started: exam='Exam 0a547b' candidate=f26f0d32-59d2-4940-8aea-7061f1a20ebf questions=2 expires=2026-09-27T14:20:04.910880+00:00
2026-09-27 19:20:05 | INFO     | exam.exam                    | Session 0060fed5-778f-419f-9958-3bf8be3f757e finalised as submitted: 2 auto-scored, 0 queued for review
2026-09-27 19:20:05 | INFO     | exam.auth                    | Login: examiner-8015fc9b@test.edu (examiner/approved)
2026-09-27 19:20:05 | WARNING  | exam.auth                    | Role denied: candidate-15c2bcf6@test.edu (candidate) tried a admin/examiner-only route
2026-09-27 19:20:05 | INFO     | exam.app                     | Shutdown complete
2026-09-27 19:20:05 | INFO     | exam.app                     | Starting AI-Based Intelligent Examination Platform (development)
2026-09-27 19:20:05 | INFO     | exam.app                     | Object storage ready: bucket exam-media
2026-09-27 19:20:05 | INFO     | exam.app                     | Session sweeper started (every 60s)
2026-09-27 19:20:05 | INFO     | exam.auth                    | Login: candidate-a5fc7161@test.edu (candidate/approved, login=approved)
2026-09-27 19:20:05 | INFO     | exam.exam                    | Session 57907a2a-dea3-4fad-b5bd-45feeb6dd6d5 started: exam='Exam 339a4b' candidate=5227d0f7-b974-43af-b794-8fb0f5d622f9 questions=2 expires=2026-09-27T14:20:05.275885+00:00
2026-09-27 19:20:05 | INFO     | exam.exam                    | Session 57907a2a-dea3-4fad-b5bd-45feeb6dd6d5 finalised as submitted: 2 auto-scored, 0 queued for review
2026-09-27 19:20:05 | INFO     | exam.auth                    | Login: examiner-19b170d9@test.edu (examiner/approved)
2026-09-27 19:20:05 | INFO     | exam.grading                 | examiner-19b170d9@test.edu published the result for candidate-a5fc7161@test.edu on 'Exam 339a4b'
2026-09-27 19:20:05 | INFO     | exam.proctor                 | examiner-19b170d9@test.edu ruled session 57907a2a-dea3-4fad-b5bd-45feeb6dd6d5 as malpractice
2026-09-27 19:20:05 | INFO     | exam.app                     | Shutdown complete
2026-09-27 19:20:05 | INFO     | exam.app                     | Starting AI-Based Intelligent Examination Platform (development)
2026-09-27 19:20:05 | INFO     | exam.app                     | Object storage ready: bucket exam-media
2026-09-27 19:20:05 | INFO     | exam.app                     | Session sweeper started (every 60s)
2026-09-27 19:20:05 | INFO     | exam.auth                    | Login: candidate-f0d5c39c@test.edu (candidate/approved, login=approved)
2026-09-27 19:20:05 | INFO     | exam.exam                    | Session 080f8033-4045-4ac1-a5d3-bb9b2541c415 started: exam='Exam a3eb05' candidate=101dbe1f-65c4-4e79-874e-2c6a00788ebf questions=2 expires=2026-09-27T14:20:05.685076+00:00
2026-09-27 19:20:05 | INFO     | exam.exam                    | Session 080f8033-4045-4ac1-a5d3-bb9b2541c415 finalised as submitted: 2 auto-scored, 0 queued for review
2026-09-27 19:20:05 | INFO     | exam.auth                    | Login: examiner-33effd17@test.edu (examiner/approved)
2026-09-27 19:20:05 | INFO     | exam.app                     | Shutdown complete
2026-09-27 19:20:05 | INFO     | exam.app                     | Starting AI-Based Intelligent Examination Platform (development)
2026-09-27 19:20:05 | INFO     | exam.app                     | Object storage ready: bucket exam-media
2026-09-27 19:20:05 | INFO     | exam.app                     | Session sweeper started (every 60s)
2026-09-27 19:20:06 | INFO     | exam.auth                    | Login: candidate-ec26e447@test.edu (candidate/approved, login=approved)
2026-09-27 19:20:06 | INFO     | exam.exam                    | Session 1b7c758e-288f-4de9-8107-fdc0e8c5cdfb started: exam='Exam 8eafe9' candidate=234465c8-73cb-4f56-82a9-04987773f132 questions=2 expires=2026-09-27T14:20:06.071002+00:00
2026-09-27 19:20:06 | INFO     | exam.exam                    | Session 1b7c758e-288f-4de9-8107-fdc0e8c5cdfb finalised as submitted: 2 auto-scored, 0 queued for review
2026-09-27 19:20:06 | INFO     | exam.auth                    | Login: examiner-357db23d@test.edu (examiner/approved)
2026-09-27 19:20:06 | INFO     | exam.proctor                 | examiner-357db23d@test.edu ruled session 1b7c758e-288f-4de9-8107-fdc0e8c5cdfb as malpractice
2026-09-27 19:20:06 | INFO     | exam.grading                 | examiner-357db23d@test.edu published 0 result(s) for exam 'Exam 8eafe9' (1 withheld for malpractice)
2026-09-27 19:20:06 | INFO     | exam.app                     | Shutdown complete
2026-09-27 19:20:06 | INFO     | exam.app                     | Starting AI-Based Intelligent Examination Platform (development)
2026-09-27 19:20:06 | INFO     | exam.app                     | Object storage ready: bucket exam-media
2026-09-27 19:20:06 | INFO     | exam.app                     | Session sweeper started (every 60s)
2026-09-27 19:20:06 | INFO     | exam.auth                    | Login: candidate-f31ae251@test.edu (candidate/approved, login=approved)
2026-09-27 19:20:06 | INFO     | exam.exam                    | Session a6422a96-8ee0-4dad-a7e6-af1a6de92096 started: exam='Exam 721a67' candidate=00f7dafa-04d2-42cf-b635-0fcd2b405b50 questions=2 expires=2026-09-27T14:20:06.490418+00:00
2026-09-27 19:20:06 | INFO     | exam.exam                    | Session a6422a96-8ee0-4dad-a7e6-af1a6de92096 finalised as submitted: 2 auto-scored, 0 queued for review
2026-09-27 19:20:06 | INFO     | exam.auth                    | Login: examiner-d4f8121d@test.edu (examiner/approved)
2026-09-27 19:20:06 | INFO     | exam.proctor                 | examiner-d4f8121d@test.edu ruled session a6422a96-8ee0-4dad-a7e6-af1a6de92096 as cleared
2026-09-27 19:20:06 | INFO     | exam.grading                 | examiner-d4f8121d@test.edu published 1 result(s) for exam 'Exam 721a67' (0 withheld for malpractice)
2026-09-27 19:20:06 | INFO     | exam.app                     | Shutdown complete
2026-09-27 19:20:06 | INFO     | exam.app                     | Starting AI-Based Intelligent Examination Platform (development)
2026-09-27 19:20:06 | INFO     | exam.app                     | Object storage ready: bucket exam-media
2026-09-27 19:20:06 | INFO     | exam.app                     | Session sweeper started (every 60s)
2026-09-27 19:20:06 | INFO     | exam.auth                    | Login: candidate-6df363b5@test.edu (candidate/approved, login=approved)
2026-09-27 19:20:06 | INFO     | exam.exam                    | Session 088b52d8-fa32-4a18-a3e5-98a269b94603 started: exam='Exam 81b433' candidate=7a3e916e-51ee-4928-a354-28f495e9d344 questions=2 expires=2026-09-27T14:20:06.926232+00:00
2026-09-27 19:20:07 | INFO     | exam.exam                    | Session 088b52d8-fa32-4a18-a3e5-98a269b94603 finalised as submitted: 2 auto-scored, 0 queued for review
2026-09-27 19:20:07 | INFO     | exam.auth                    | Login: examiner-d7a2af40@test.edu (examiner/approved)
2026-09-27 19:20:07 | INFO     | exam.grading                 | examiner-d7a2af40@test.edu published the result for candidate-6df363b5@test.edu on 'Exam 81b433'
2026-09-27 19:20:07 | INFO     | exam.app                     | Shutdown complete
2026-09-27 19:20:44 | INFO     | exam                         | Logging initialised -> D:\AI_Based_Examination_platform\logs
2026-09-27 19:20:46 | INFO     | exam.app                     | Starting AI-Based Intelligent Examination Platform (development)
2026-09-27 19:20:46 | INFO     | exam.app                     | Object storage ready: bucket exam-media
2026-09-27 19:20:46 | INFO     | exam.app                     | Session sweeper started (every 60s)
2026-09-27 19:20:47 | INFO     | exam.app                     | Shutdown complete
2026-09-27 19:21:08 | INFO     | exam                         | Logging initialised -> D:\AI_Based_Examination_platform\logs
2026-09-27 19:21:09 | INFO     | exam.app                     | Starting AI-Based Intelligent Examination Platform (development)
2026-09-27 19:21:09 | INFO     | exam.app                     | Object storage ready: bucket exam-media
2026-09-27 19:21:09 | INFO     | exam.app                     | Session sweeper started (every 60s)
2026-09-27 19:21:10 | INFO     | exam.auth                    | Login: candidate-b82a8295@test.edu (candidate/approved, login=approved)
2026-09-27 19:21:10 | INFO     | exam.exam                    | Session 041b735d-3dfa-4418-bcfc-0bac82c94a1a started: exam='Exam ddb4fd' candidate=f381acbc-657a-4f3c-baef-2e44f25526c8 questions=2 expires=2026-09-27T14:21:10.385045+00:00
2026-09-27 19:21:10 | INFO     | exam.app                     | Shutdown complete
2026-09-27 19:21:29 | INFO     | exam                         | Logging initialised -> D:\AI_Based_Examination_platform\logs
2026-09-27 19:21:30 | INFO     | exam.app                     | Starting AI-Based Intelligent Examination Platform (development)
2026-09-27 19:21:31 | INFO     | exam.app                     | Object storage ready: bucket exam-media
2026-09-27 19:21:31 | INFO     | exam.app                     | Session sweeper started (every 60s)
2026-09-27 19:21:31 | INFO     | exam.auth                    | Login: candidate-56e9254d@test.edu (candidate/approved, login=approved)
2026-09-27 19:21:31 | INFO     | exam.exam                    | Session 012908ee-9b14-4150-b3c2-2167e9e7258a started: exam='Exam 1cde02' candidate=8081feb1-a6d8-459a-84d5-1bf58628d543 questions=2 expires=2026-09-27T14:21:31.501015+00:00
2026-09-27 19:21:31 | INFO     | exam.exam                    | Session 012908ee-9b14-4150-b3c2-2167e9e7258a finalised as submitted: 0 auto-scored, 0 queued for review
2026-09-27 19:21:31 | INFO     | exam.app                     | Shutdown complete
2026-09-27 19:24:04 | INFO     | exam.app                     | Shutdown complete
2026-09-27 19:24:07 | INFO     | exam                         | Logging initialised -> D:\AI_Based_Examination_platform\logs
2026-09-27 19:24:08 | INFO     | exam.app                     | Starting AI-Based Intelligent Examination Platform (development)
2026-09-27 19:24:08 | INFO     | exam.app                     | Object storage ready: bucket exam-media
2026-09-27 19:24:08 | INFO     | exam.app                     | Session sweeper started (every 60s)
2026-09-27 19:24:08 | INFO     | exam.app                     | Shutdown complete
2026-09-27 19:24:10 | INFO     | exam                         | Logging initialised -> D:\AI_Based_Examination_platform\logs
2026-09-27 19:24:11 | INFO     | exam.app                     | Starting AI-Based Intelligent Examination Platform (development)
2026-09-27 19:24:11 | INFO     | exam.app                     | Object storage ready: bucket exam-media
2026-09-27 19:24:11 | INFO     | exam.app                     | Session sweeper started (every 60s)
2026-09-27 19:24:59 | INFO     | exam                         | Logging initialised -> D:\AI_Based_Examination_platform\logs
2026-09-27 19:25:00 | INFO     | exam.app                     | Starting AI-Based Intelligent Examination Platform (development)
2026-09-27 19:25:00 | INFO     | exam.app                     | Object storage ready: bucket exam-media
2026-09-27 19:25:00 | INFO     | exam.app                     | Session sweeper started (every 60s)
2026-09-27 19:25:00 | INFO     | exam.auth                    | Login: candidate-c8fe6ef2@test.edu (candidate/approved, login=approved)
2026-09-27 19:25:01 | INFO     | exam.exam                    | Session 67aadf2a-840f-4f61-8781-c93bfd699d1d started: exam='Exam ba2f28' candidate=db47f9d8-16d3-49af-b607-58f8a4e929bf questions=4 expires=2026-09-27T14:25:01.113795+00:00
2026-09-27 19:25:01 | INFO     | exam.app                     | Shutdown complete
2026-09-27 19:25:01 | INFO     | exam.app                     | Starting AI-Based Intelligent Examination Platform (development)
2026-09-27 19:25:01 | INFO     | exam.app                     | Object storage ready: bucket exam-media
2026-09-27 19:25:01 | INFO     | exam.app                     | Session sweeper started (every 60s)
2026-09-27 19:25:01 | INFO     | exam.auth                    | Login: candidate-1696514b@test.edu (candidate/approved, login=approved)
2026-09-27 19:25:01 | INFO     | exam.exam                    | Session 84f23ffe-16fc-4808-8143-a258a580d39d started: exam='Exam 5564f8' candidate=9a78a4bc-bfc8-42db-bab9-fde5a411f157 questions=4 expires=2026-09-27T14:25:01.466997+00:00
2026-09-27 19:25:01 | INFO     | exam.app                     | Shutdown complete
2026-09-27 19:25:01 | INFO     | exam.app                     | Starting AI-Based Intelligent Examination Platform (development)
2026-09-27 19:25:01 | INFO     | exam.app                     | Object storage ready: bucket exam-media
2026-09-27 19:25:01 | INFO     | exam.app                     | Session sweeper started (every 60s)
2026-09-27 19:25:01 | INFO     | exam.auth                    | Login: candidate-c080d4eb@test.edu (candidate/approved, login=approved)
2026-09-27 19:25:01 | INFO     | exam.exam                    | Session 24adee0a-2aba-415b-887b-e23570b8d952 started: exam='Exam 8cccd0' candidate=46b1f24b-3803-4521-adf8-75caaac952ac questions=4 expires=2026-09-27T14:25:01.763980+00:00
2026-09-27 19:25:01 | INFO     | exam.app                     | Shutdown complete
2026-09-27 19:25:01 | INFO     | exam.app                     | Starting AI-Based Intelligent Examination Platform (development)
2026-09-27 19:25:01 | INFO     | exam.app                     | Object storage ready: bucket exam-media
2026-09-27 19:25:01 | INFO     | exam.app                     | Session sweeper started (every 60s)
2026-09-27 19:25:02 | INFO     | exam.auth                    | Login: candidate-34d04354@test.edu (candidate/approved, login=approved)
2026-09-27 19:25:02 | INFO     | exam.exam                    | Session 8e1ef607-096f-42d2-b6ab-bac834466f23 started: exam='Exam 03081f' candidate=a796239e-f566-47c9-aec6-b31a76363e65 questions=4 expires=2026-09-27T14:25:02.196135+00:00
2026-09-27 19:25:02 | INFO     | exam.auth                    | Login: candidate-92d84e3a@test.edu (candidate/approved, login=approved)
2026-09-27 19:25:02 | INFO     | exam.exam                    | Session 5754ff7a-098d-4aaa-8185-cb80ae6ce674 started: exam='Exam 03081f' candidate=76db1df3-7168-4939-918a-7ad72ead13a3 questions=4 expires=2026-09-27T14:25:02.386207+00:00
2026-09-27 19:25:02 | INFO     | exam.app                     | Shutdown complete
2026-09-27 19:25:02 | INFO     | exam.app                     | Starting AI-Based Intelligent Examination Platform (development)
2026-09-27 19:25:02 | INFO     | exam.app                     | Object storage ready: bucket exam-media
2026-09-27 19:25:02 | INFO     | exam.app                     | Session sweeper started (every 60s)
2026-09-27 19:25:02 | INFO     | exam.auth                    | Login: examiner-936ad54c@test.edu (examiner/approved)
2026-09-27 19:25:02 | WARNING  | exam.auth                    | Role denied: examiner-936ad54c@test.edu (examiner) tried a candidate-only route
2026-09-27 19:25:02 | INFO     | exam.app                     | Shutdown complete
2026-09-27 19:25:02 | INFO     | exam.app                     | Starting AI-Based Intelligent Examination Platform (development)
2026-09-27 19:25:02 | INFO     | exam.app                     | Object storage ready: bucket exam-media
2026-09-27 19:25:02 | INFO     | exam.app                     | Session sweeper started (every 60s)
2026-09-27 19:25:03 | INFO     | exam.auth                    | Login: candidate-99d62749@test.edu (candidate/approved, login=approved)
2026-09-27 19:25:03 | INFO     | exam.exam                    | Session 8e08382d-c575-41da-99a3-7a188141787b started: exam='Exam fa1fab' candidate=9f7c0ce9-dce2-4f20-88c0-e535da0b4b2b questions=4 expires=2026-09-27T14:25:03.037963+00:00
2026-09-27 19:25:03 | INFO     | exam.app                     | Shutdown complete
2026-09-27 19:25:03 | INFO     | exam.app                     | Starting AI-Based Intelligent Examination Platform (development)
2026-09-27 19:25:03 | INFO     | exam.app                     | Object storage ready: bucket exam-media
2026-09-27 19:25:03 | INFO     | exam.app                     | Session sweeper started (every 60s)
2026-09-27 19:25:03 | INFO     | exam.auth                    | Login: candidate-7ae83f17@test.edu (candidate/approved, login=approved)
2026-09-27 19:25:03 | INFO     | exam.exam                    | Session a5002d61-146f-4775-8627-5d1b4d8b308c started: exam='Exam 83e515' candidate=a196ca9f-d008-4018-8e17-2e2b46324183 questions=4 expires=2026-09-27T14:25:03.310081+00:00
2026-09-27 19:25:03 | INFO     | exam.exam                    | Session a5002d61-146f-4775-8627-5d1b4d8b308c finalised as submitted: 0 auto-scored, 0 queued for review
2026-09-27 19:25:03 | INFO     | exam.exam                    | Session d6077450-b7c1-440d-bfe5-ed96c29667fc started: exam='Exam 0826cb' candidate=a196ca9f-d008-4018-8e17-2e2b46324183 questions=4 expires=2026-09-27T14:25:03.493116+00:00
2026-09-27 19:25:03 | INFO     | exam.app                     | Shutdown complete
2026-09-27 19:25:03 | INFO     | exam.app                     | Starting AI-Based Intelligent Examination Platform (development)
2026-09-27 19:25:03 | INFO     | exam.app                     | Object storage ready: bucket exam-media
2026-09-27 19:25:03 | INFO     | exam.app                     | Session sweeper started (every 60s)
2026-09-27 19:25:03 | INFO     | exam.auth                    | Login: candidate-04abb773@test.edu (candidate/approved, login=approved)
2026-09-27 19:25:03 | INFO     | exam.exam                    | Session cd49458a-d3ff-43ef-b433-9224aecd4bf0 started: exam='Exam aa8302' candidate=43b8f6db-0c72-491e-a61c-b679513ddf2a questions=4 expires=2026-09-27T14:25:03.799184+00:00
2026-09-27 19:25:03 | INFO     | exam.app                     | Shutdown complete
2026-09-27 19:25:03 | INFO     | exam.app                     | Starting AI-Based Intelligent Examination Platform (development)
2026-09-27 19:25:03 | INFO     | exam.app                     | Object storage ready: bucket exam-media
2026-09-27 19:25:03 | INFO     | exam.app                     | Session sweeper started (every 60s)
2026-09-27 19:25:04 | INFO     | exam.auth                    | Login: candidate-ee4c3206@test.edu (candidate/approved, login=approved)
2026-09-27 19:25:04 | INFO     | exam.exam                    | Session bbaaa7c0-2c94-4e42-963e-51b7309a9ff6 started: exam='Exam c3a191' candidate=9764f247-b10c-420e-9ba9-59b46fc9b04a questions=4 expires=2026-09-27T14:25:04.097543+00:00
2026-09-27 19:25:04 | INFO     | exam.app                     | Shutdown complete
2026-09-27 19:25:04 | INFO     | exam.app                     | Starting AI-Based Intelligent Examination Platform (development)
2026-09-27 19:25:04 | INFO     | exam.app                     | Object storage ready: bucket exam-media
2026-09-27 19:25:04 | INFO     | exam.app                     | Session sweeper started (every 60s)
2026-09-27 19:25:04 | INFO     | exam.auth                    | Login: candidate-8dae7816@test.edu (candidate/approved, login=approved)
2026-09-27 19:25:04 | INFO     | exam.exam                    | Session b8ec5bfe-51db-4bf6-b0f8-4dde80105e11 started: exam='Exam 9ec16d' candidate=85509b47-39be-473b-a70d-8b5647634913 questions=4 expires=2026-09-27T14:25:04.518944+00:00
2026-09-27 19:25:04 | INFO     | exam.auth                    | Login: candidate-330496c3@test.edu (candidate/approved, login=approved)
2026-09-27 19:25:04 | WARNING  | exam.auth                    | Exam token misuse: token for 85509b47-39be-473b-a70d-8b5647634913 presented by 535a2467-4290-4904-abfb-a39da3209525
2026-09-27 19:25:04 | INFO     | exam.app                     | Shutdown complete
2026-09-27 19:25:04 | INFO     | exam.app                     | Starting AI-Based Intelligent Examination Platform (development)
2026-09-27 19:25:04 | INFO     | exam.app                     | Object storage ready: bucket exam-media
2026-09-27 19:25:04 | INFO     | exam.app                     | Session sweeper started (every 60s)
2026-09-27 19:25:05 | INFO     | exam.auth                    | Login: candidate-8d007e65@test.edu (candidate/approved, login=approved)
2026-09-27 19:25:05 | INFO     | exam.exam                    | Session 04b3a285-62ad-41d1-83c4-c3d04713ed2c started: exam='Exam ad4f76' candidate=05abaa83-5cc1-49d0-b13c-0cb12a1030ff questions=4 expires=2026-09-27T14:25:05.086943+00:00
2026-09-27 19:25:05 | INFO     | exam.app                     | Shutdown complete
2026-09-27 19:25:05 | INFO     | exam.app                     | Starting AI-Based Intelligent Examination Platform (development)
2026-09-27 19:25:05 | INFO     | exam.app                     | Object storage ready: bucket exam-media
2026-09-27 19:25:05 | INFO     | exam.app                     | Session sweeper started (every 60s)
2026-09-27 19:25:05 | INFO     | exam.auth                    | Login: candidate-130207e4@test.edu (candidate/approved, login=approved)
2026-09-27 19:25:05 | INFO     | exam.exam                    | Session 6b446c0c-ebfd-4be0-b914-c94a243f12b1 started: exam='Exam c0f44b' candidate=64728627-d784-4bba-98c0-8bcc0b5797d2 questions=4 expires=2026-09-27T14:25:05.353816+00:00
2026-09-27 19:25:05 | INFO     | exam.app                     | Shutdown complete
2026-09-27 19:25:05 | INFO     | exam.app                     | Starting AI-Based Intelligent Examination Platform (development)
2026-09-27 19:25:05 | INFO     | exam.app                     | Object storage ready: bucket exam-media
2026-09-27 19:25:05 | INFO     | exam.app                     | Session sweeper started (every 60s)
2026-09-27 19:25:05 | INFO     | exam.auth                    | Login: candidate-c4150454@test.edu (candidate/approved, login=approved)
2026-09-27 19:25:05 | INFO     | exam.exam                    | Session 09802346-b649-4777-a1df-fd10b36e8a8c started: exam='Exam 51d5a5' candidate=140aa9e1-c9f6-4c57-b068-de232844490d questions=4 expires=2026-09-27T14:25:05.668793+00:00
2026-09-27 19:25:05 | INFO     | exam.app                     | Shutdown complete
2026-09-27 19:25:05 | INFO     | exam.app                     | Starting AI-Based Intelligent Examination Platform (development)
2026-09-27 19:25:05 | INFO     | exam.app                     | Object storage ready: bucket exam-media
2026-09-27 19:25:05 | INFO     | exam.app                     | Session sweeper started (every 60s)
2026-09-27 19:25:05 | INFO     | exam.auth                    | Login: candidate-94260d5c@test.edu (candidate/approved, login=approved)
2026-09-27 19:25:06 | INFO     | exam.exam                    | Session 43ca8a14-386d-49f4-aab4-a70a67582e8c started: exam='Exam c7334c' candidate=cff9304f-bd19-49fa-8bf1-a18dbee4f39a questions=4 expires=2026-09-27T14:25:06.015730+00:00
2026-09-27 19:25:06 | WARNING  | exam.proctor                 | Session 43ca8a14-386d-49f4-aab4-a70a67582e8c flagged: score=106.9 tab_switches=0 left_exam=0
2026-09-27 19:25:06 | INFO     | exam.exam                    | Session 43ca8a14-386d-49f4-aab4-a70a67582e8c finalised as terminated: 0 auto-scored, 0 queued for review
2026-09-27 19:25:06 | WARNING  | exam.proctor                 | Session 43ca8a14-386d-49f4-aab4-a70a67582e8c TERMINATED at score 106.9
2026-09-27 19:25:06 | INFO     | exam.app                     | Shutdown complete
2026-09-27 19:25:06 | INFO     | exam.app                     | Starting AI-Based Intelligent Examination Platform (development)
2026-09-27 19:25:06 | INFO     | exam.app                     | Object storage ready: bucket exam-media
2026-09-27 19:25:06 | INFO     | exam.app                     | Session sweeper started (every 60s)
2026-09-27 19:25:06 | INFO     | exam.auth                    | Login: candidate-368be45e@test.edu (candidate/approved, login=approved)
2026-09-27 19:25:06 | INFO     | exam.exam                    | Session b27bb75c-88de-4e9b-b418-dd1905a9b520 started: exam='Exam 5434bf' candidate=d5dfb780-470d-44ce-89bc-88a7adb08548 questions=4 expires=2026-09-27T14:25:06.440935+00:00
2026-09-27 19:25:06 | INFO     | exam.auth                    | Login: examiner-5b75adf2@test.edu (examiner/approved)
2026-09-27 19:25:06 | INFO     | exam.app                     | Shutdown complete
2026-09-27 19:25:06 | INFO     | exam.app                     | Starting AI-Based Intelligent Examination Platform (development)
2026-09-27 19:25:06 | INFO     | exam.app                     | Object storage ready: bucket exam-media
2026-09-27 19:25:06 | INFO     | exam.app                     | Session sweeper started (every 60s)
2026-09-27 19:25:06 | INFO     | exam.auth                    | Login: candidate-04ade6e0@test.edu (candidate/approved, login=approved)
2026-09-27 19:25:06 | INFO     | exam.exam                    | Session 38410132-cfcb-43dc-9170-e575412a73dd started: exam='Exam 2de954' candidate=3d60cfe2-3f21-4771-8879-6896617fa905 questions=4 expires=2026-09-27T14:25:06.903583+00:00
2026-09-27 19:25:06 | WARNING  | exam.auth                    | Role denied: candidate-04ade6e0@test.edu (candidate) tried a examiner/admin-only route
2026-09-27 19:25:06 | INFO     | exam.app                     | Shutdown complete
2026-09-27 19:25:06 | INFO     | exam.app                     | Starting AI-Based Intelligent Examination Platform (development)
2026-09-27 19:25:06 | INFO     | exam.app                     | Object storage ready: bucket exam-media
2026-09-27 19:25:06 | INFO     | exam.app                     | Session sweeper started (every 60s)
2026-09-27 19:25:07 | INFO     | exam.auth                    | Login: candidate-2f91c0ff@test.edu (candidate/approved, login=approved)
2026-09-27 19:25:07 | INFO     | exam.exam                    | Session be519ff7-256d-454b-9959-ff47c8bba426 started: exam='Exam f709a8' candidate=c9d6d925-e709-45bd-b635-8355fa11cebe questions=4 expires=2026-09-27T14:25:07.290871+00:00
2026-09-27 19:25:07 | INFO     | exam.exam                    | Session be519ff7-256d-454b-9959-ff47c8bba426 finalised as submitted: 3 auto-scored, 1 queued for review
2026-09-27 19:25:07 | INFO     | exam.app                     | Shutdown complete
2026-09-27 19:25:07 | INFO     | exam.app                     | Starting AI-Based Intelligent Examination Platform (development)
2026-09-27 19:25:07 | INFO     | exam.app                     | Object storage ready: bucket exam-media
2026-09-27 19:25:07 | INFO     | exam.app                     | Session sweeper started (every 60s)
2026-09-27 19:25:07 | INFO     | exam.auth                    | Login: candidate-cf6995cf@test.edu (candidate/approved, login=approved)
2026-09-27 19:25:07 | INFO     | exam.exam                    | Session 3e5e370f-ceab-4106-8a6c-407d991fa6a9 started: exam='Exam 04b1c2' candidate=c42a0594-6d59-4c15-87b9-65ad0b131f5f questions=4 expires=2026-09-27T14:25:07.840715+00:00
2026-09-27 19:25:07 | INFO     | exam.exam                    | Session 3e5e370f-ceab-4106-8a6c-407d991fa6a9 finalised as submitted: 0 auto-scored, 1 queued for review
2026-09-27 19:25:07 | WARNING  | exam.grading                 | Unknown grader provider 'gemini' - using the stub grader
2026-09-27 19:25:07 | INFO     | exam.exam                    | Graded 1 subjective answer(s) in session 3e5e370f-ceab-4106-8a6c-407d991fa6a9
2026-09-27 19:25:08 | INFO     | exam.auth                    | Login: examiner-a33607c0@test.edu (examiner/approved)
2026-09-27 19:25:08 | INFO     | exam.app                     | Shutdown complete
2026-09-27 19:25:08 | INFO     | exam.app                     | Starting AI-Based Intelligent Examination Platform (development)
2026-09-27 19:25:08 | INFO     | exam.app                     | Object storage ready: bucket exam-media
2026-09-27 19:25:08 | INFO     | exam.app                     | Session sweeper started (every 60s)
2026-09-27 19:25:08 | INFO     | exam.auth                    | Login: candidate-16fcc2ef@test.edu (candidate/approved, login=approved)
2026-09-27 19:25:08 | INFO     | exam.exam                    | Session aeeaf304-c260-46bd-908f-f544169f1752 started: exam='Exam 270962' candidate=4466cc53-fe83-481b-993c-1cf68e8975c8 questions=4 expires=2026-09-27T14:25:08.411963+00:00
2026-09-27 19:25:08 | INFO     | exam.exam                    | Session aeeaf304-c260-46bd-908f-f544169f1752 finalised as submitted: 0 auto-scored, 1 queued for review
2026-09-27 19:25:08 | WARNING  | exam.grading                 | Unknown grader provider 'gemini' - using the stub grader
2026-09-27 19:25:08 | INFO     | exam.exam                    | Graded 1 subjective answer(s) in session aeeaf304-c260-46bd-908f-f544169f1752
2026-09-27 19:25:08 | INFO     | exam.auth                    | Login: examiner-f8ad0a8d@test.edu (examiner/approved)
2026-09-27 19:25:08 | INFO     | exam.grading                 | examiner-f8ad0a8d@test.edu graded answer 50b26b59-7496-45c8-bb19-87cadc15307f: 0.60 -> 4.50/5.00
2026-09-27 19:25:08 | INFO     | exam.app                     | Shutdown complete
2026-09-27 19:25:08 | INFO     | exam.app                     | Starting AI-Based Intelligent Examination Platform (development)
2026-09-27 19:25:08 | INFO     | exam.app                     | Object storage ready: bucket exam-media
2026-09-27 19:25:08 | INFO     | exam.app                     | Session sweeper started (every 60s)
2026-09-27 19:25:09 | INFO     | exam.auth                    | Login: candidate-c3932480@test.edu (candidate/approved, login=approved)
2026-09-27 19:25:09 | INFO     | exam.exam                    | Session c6f14696-71eb-425c-9d7e-3c647a9d2e18 started: exam='Exam 93f0e8' candidate=7c826f6c-06a8-4d7a-b0c8-1ffafdaeb3aa questions=4 expires=2026-09-27T14:25:09.139693+00:00
2026-09-27 19:25:09 | INFO     | exam.exam                    | Session c6f14696-71eb-425c-9d7e-3c647a9d2e18 finalised as submitted: 0 auto-scored, 1 queued for review
2026-09-27 19:25:09 | WARNING  | exam.grading                 | Unknown grader provider 'gemini' - using the stub grader
2026-09-27 19:25:09 | INFO     | exam.exam                    | Graded 1 subjective answer(s) in session c6f14696-71eb-425c-9d7e-3c647a9d2e18
2026-09-27 19:25:09 | INFO     | exam.auth                    | Login: examiner-8b391ba7@test.edu (examiner/approved)
2026-09-27 19:25:09 | INFO     | exam.app                     | Shutdown complete
2026-09-27 19:25:09 | INFO     | exam.app                     | Starting AI-Based Intelligent Examination Platform (development)
2026-09-27 19:25:09 | INFO     | exam.app                     | Object storage ready: bucket exam-media
2026-09-27 19:25:09 | INFO     | exam.app                     | Session sweeper started (every 60s)
2026-09-27 19:25:09 | INFO     | exam.auth                    | Login: candidate-9948a091@test.edu (candidate/approved, login=approved)
2026-09-27 19:25:09 | INFO     | exam.exam                    | Session c1e42d8c-9623-4a26-a66d-33e35d84919a started: exam='Exam 414819' candidate=4f4c9377-ba8f-4b26-be1d-0a68412e8bc1 questions=4 expires=2026-09-27T14:25:09.841308+00:00
2026-09-27 19:25:09 | INFO     | exam.exam                    | Session c1e42d8c-9623-4a26-a66d-33e35d84919a finalised as submitted: 0 auto-scored, 1 queued for review
2026-09-27 19:25:10 | INFO     | exam.auth                    | Login: examiner-71126450@test.edu (examiner/approved)
2026-09-27 19:25:10 | INFO     | exam.app                     | Shutdown complete
2026-09-27 19:25:10 | INFO     | exam.app                     | Starting AI-Based Intelligent Examination Platform (development)
2026-09-27 19:25:10 | INFO     | exam.app                     | Object storage ready: bucket exam-media
2026-09-27 19:25:10 | INFO     | exam.app                     | Session sweeper started (every 60s)
2026-09-27 19:25:10 | INFO     | exam.auth                    | Login: candidate-62240683@test.edu (candidate/approved, login=approved)
2026-09-27 19:25:10 | INFO     | exam.exam                    | Session a8322cf9-a288-49f0-b6d1-540aebcdf2ea started: exam='Exam 2c8a51' candidate=2ca3882a-75f1-4d33-ab26-e0ef54a66609 questions=4 expires=2026-09-27T14:25:10.352720+00:00
2026-09-27 19:25:10 | INFO     | exam.exam                    | Session a8322cf9-a288-49f0-b6d1-540aebcdf2ea finalised as submitted: 3 auto-scored, 1 queued for review
2026-09-27 19:25:10 | WARNING  | exam.grading                 | Unknown grader provider 'gemini' - using the stub grader
2026-09-27 19:25:10 | INFO     | exam.exam                    | Graded 1 subjective answer(s) in session a8322cf9-a288-49f0-b6d1-540aebcdf2ea
2026-09-27 19:25:10 | INFO     | exam.auth                    | Login: examiner-33b4c534@test.edu (examiner/approved)
2026-09-27 19:25:10 | INFO     | exam.grading                 | examiner-33b4c534@test.edu graded answer 436f1123-63d0-4067-b1b8-cce1c86ceeca: 0.75 -> 3.00/5.00
2026-09-27 19:25:10 | INFO     | exam.grading                 | examiner-33b4c534@test.edu published 1 result(s) for exam 'Exam 2c8a51' (0 withheld for malpractice)
2026-09-27 19:25:10 | INFO     | exam.app                     | Shutdown complete
2026-09-27 19:25:10 | INFO     | exam.app                     | Starting AI-Based Intelligent Examination Platform (development)
2026-09-27 19:25:10 | INFO     | exam.app                     | Object storage ready: bucket exam-media
2026-09-27 19:25:10 | INFO     | exam.app                     | Session sweeper started (every 60s)
2026-09-27 19:25:11 | INFO     | exam.auth                    | Login: candidate-3019a205@test.edu (candidate/approved, login=approved)
2026-09-27 19:25:11 | INFO     | exam.exam                    | Session 337a346c-61b1-4849-ac32-0a969d3a4b17 started: exam='Exam 133ba2' candidate=0f9fcb19-54e8-4e48-95fd-3c6c890b4a17 questions=4 expires=2026-09-27T14:25:11.116134+00:00
2026-09-27 19:25:11 | INFO     | exam.exam                    | Session 337a346c-61b1-4849-ac32-0a969d3a4b17 finalised as submitted: 0 auto-scored, 0 queued for review
2026-09-27 19:25:11 | WARNING  | exam.grading                 | Unknown grader provider 'gemini' - using the stub grader
2026-09-27 19:25:11 | INFO     | exam.exam                    | Graded 0 subjective answer(s) in session 337a346c-61b1-4849-ac32-0a969d3a4b17
2026-09-27 19:25:11 | INFO     | exam.auth                    | Login: examiner-74fc5e64@test.edu (examiner/approved)
2026-09-27 19:25:11 | INFO     | exam.grading                 | examiner-74fc5e64@test.edu published 1 result(s) for exam 'Exam 133ba2' (0 withheld for malpractice)
2026-09-27 19:25:11 | INFO     | exam.auth                    | Login: candidate-da2bb59b@test.edu (candidate/approved, login=approved)
2026-09-27 19:25:11 | INFO     | exam.app                     | Shutdown complete
2026-09-27 19:25:11 | INFO     | exam.app                     | Starting AI-Based Intelligent Examination Platform (development)
2026-09-27 19:25:11 | INFO     | exam.app                     | Object storage ready: bucket exam-media
2026-09-27 19:25:11 | INFO     | exam.app                     | Session sweeper started (every 60s)
2026-09-27 19:25:11 | INFO     | exam.auth                    | Login: candidate-6a18ac36@test.edu (candidate/approved, login=approved)
2026-09-27 19:25:11 | INFO     | exam.exam                    | Session 6abc0bcd-3770-4747-bb47-cfa88fd7bf70 started: exam='Exam 40cfbe' candidate=e9a5cec1-a808-4640-b568-8ae84b3f69de questions=4 expires=2026-09-27T14:25:11.765945+00:00
2026-09-27 19:25:11 | INFO     | exam.exam                    | Session 6abc0bcd-3770-4747-bb47-cfa88fd7bf70 finalised as submitted: 0 auto-scored, 0 queued for review
2026-09-27 19:25:11 | INFO     | exam.app                     | Shutdown complete
2026-09-27 19:25:11 | INFO     | exam.app                     | Shutdown complete
2026-09-27 19:25:13 | INFO     | exam                         | Logging initialised -> D:\AI_Based_Examination_platform\logs
2026-09-27 19:25:14 | INFO     | exam.app                     | Starting AI-Based Intelligent Examination Platform (development)
2026-09-27 19:25:14 | INFO     | exam.app                     | Object storage ready: bucket exam-media
2026-09-27 19:25:14 | INFO     | exam.app                     | Session sweeper started (every 60s)
2026-09-27 19:26:29 | INFO     | exam.ai_questions            | examiner@exam.edu generated 3 AI question draft(s) (category=technical topic=Web Developement)
2026-09-27 19:26:29 | WARNING  | exam.app                     | SLOW POST /api/v1/questions/ai-generate took 6683ms
2026-09-27 19:26:41 | INFO     | exam.ai_questions            | examiner@exam.edu approved AI draft 83a69c6c-5323-4fca-83d6-dda95aa49880 → question df48ff2d-9904-443e-bce6-b888744a922f
2026-09-27 19:26:48 | INFO     | exam.ai_questions            | examiner@exam.edu approved AI draft c5364d6c-a731-4051-97a7-363bf4732c07 → question 5b8ab301-6456-4f8f-b116-f75e1c14caaa
2026-09-27 19:26:50 | INFO     | exam.ai_questions            | examiner@exam.edu approved AI draft e5ed04e7-e87f-4c16-af98-6783dacc3dfa → question 93e2d6ab-2967-4e86-adea-4f80fd2ff8c0
2026-09-27 19:26:51 | INFO     | exam.ai_questions            | examiner@exam.edu approved AI draft bcd36324-f07a-4a2a-90f5-5be12c7df156 → question b5263c93-4f59-46ca-a9dc-73d5797425f8
2026-09-27 19:26:52 | INFO     | exam.ai_questions            | examiner@exam.edu approved AI draft 87c1d8e2-ec35-4caf-a418-311653d1bb79 → question 25cd1de2-7450-4d5a-87f3-5eb54b22a6a0
2026-09-27 19:28:17 | INFO     | exam.question_import         | examiner@exam.edu parsed SQL_Question_Bank_20_With_Answers.pdf: 20 row(s), 0 with problems
2026-09-27 19:28:17 | INFO     | exam.question_import         | examiner@exam.edu parsed SQL_Question_Bank_20_With_Answers.pdf: 20 row(s), 0 with problems
2026-09-27 19:45:19 | WARNING  | exam.app                     | SLOW POST /api/v1/questions/import/parse-url took 1349ms
2026-09-27 20:09:04 | WARNING  | exam.app                     | SLOW POST /api/v1/questions/import/parse-url took 1017ms
2026-09-27 20:11:42 | INFO     | exam                         | Logging initialised -> D:\AI_Based_Examination_platform\logs
2026-09-27 20:12:07 | INFO     | exam.app                     | Shutdown complete
2026-09-27 20:12:09 | INFO     | exam                         | Logging initialised -> D:\AI_Based_Examination_platform\logs
2026-09-27 20:12:10 | INFO     | exam.app                     | Starting AI-Based Intelligent Examination Platform (development)
2026-09-27 20:12:10 | INFO     | exam.app                     | Object storage ready: bucket exam-media
2026-09-27 20:12:10 | INFO     | exam.app                     | Session sweeper started (every 60s)
2026-09-27 20:12:10 | INFO     | exam.app                     | Shutdown complete
2026-09-27 20:12:12 | INFO     | exam                         | Logging initialised -> D:\AI_Based_Examination_platform\logs
2026-09-27 20:12:13 | INFO     | exam.app                     | Starting AI-Based Intelligent Examination Platform (development)
2026-09-27 20:12:13 | INFO     | exam.app                     | Object storage ready: bucket exam-media
2026-09-27 20:12:13 | INFO     | exam.app                     | Session sweeper started (every 60s)
2026-09-27 20:12:30 | INFO     | exam.question_import         | examiner@exam.edu parsed https://docs.google.com/forms/d/e/1FAIpQLSfcGFrZXth7ag_DQuG0M9NLI3Sw3H0n2s67kwsuD8Nc0om0ug/viewform?usp=header: 5 row(s), 5 with problems
2026-09-28 18:14:48 | WARNING  | exam.app                     | SLOW GET /openapi.json took 2101ms
2026-09-28 18:15:52 | WARNING  | exam.app                     | SLOW GET /api/v1/grading/summary took 1022ms
2026-09-28 18:31:22 | WARNING  | exam.app                     | SLOW GET /api/v1/questions/tags took 1020ms
2026-09-28 18:31:42 | INFO     | exam.question_import         | examiner@exam.edu parsed SQL_Question_Bank_20_With_Answers.pdf: 20 row(s), 0 with problems
2026-09-28 18:31:42 | INFO     | exam.question_import         | examiner@exam.edu parsed SQL_Question_Bank_20_With_Answers.pdf: 20 row(s), 0 with problems
2026-09-28 18:32:09 | INFO     | exam.question_import         | examiner@exam.edu parsed https://docs.google.com/forms/d/e/1FAIpQLSfcGFrZXth7ag_DQuG0M9NLI3Sw3H0n2s67kwsuD8Nc0om0ug/viewform?usp=header: 5 row(s), 5 with problems
2026-09-28 18:32:09 | WARNING  | exam.app                     | SLOW POST /api/v1/questions/import/parse-url took 1178ms
2026-09-28 18:32:15 | WARNING  | exam.app                     | SLOW GET /api/v1/questions/tags took 1153ms
2026-09-28 18:32:16 | WARNING  | exam.app                     | SLOW GET /api/v1/grading/summary took 1230ms
2026-09-28 18:32:27 | INFO     | exam.question_import         | examiner@exam.edu parsed https://docs.google.com/forms/d/e/1FAIpQLSfcGFrZXth7ag_DQuG0M9NLI3Sw3H0n2s67kwsuD8Nc0om0ug/viewform?usp=header: 5 row(s), 5 with problems
2026-09-28 18:32:27 | WARNING  | exam.app                     | SLOW POST /api/v1/questions/import/parse-url took 1064ms
2026-09-28 18:39:04 | INFO     | exam.auth                    | Login: admin@exam.edu (admin/approved)
2026-09-28 18:39:08 | INFO     | exam.auth                    | Profile updated for admin@exam.edu
2026-09-28 18:50:08 | INFO     | exam.auth                    | Login: snehashalomjb@gmail.com (candidate/approved, login=approved)
2026-09-28 19:00:28 | INFO     | exam.auth                    | Login: snehashalomjb@gmail.com (candidate/approved, login=approved)
2026-09-28 19:01:21 | INFO     | exam.exam                    | Session 197b85a4-3dbc-4c8a-a4b3-d531babba365 started: exam='Backend Engineer Assessment' candidate=bebc7969-b7e6-4edf-82dd-590a44f8044d questions=10 expires=2026-09-28T14:31:21.448546+00:00
2026-09-28 19:01:21 | INFO     | exam.proctor                 | Proctor socket open for session 197b85a4-3dbc-4c8a-a4b3-d531babba365
2026-09-28 19:01:22 | INFO     | exam.live_signal             | Live broadcast socket open for session 197b85a4-3dbc-4c8a-a4b3-d531babba365
2026-09-28 19:02:06 | INFO     | exam.exam                    | Session 197b85a4-3dbc-4c8a-a4b3-d531babba365 finalised as submitted: 9 auto-scored, 0 queued for review
2026-09-28 19:02:06 | INFO     | exam.proctor                 | Proctor socket closed for session 197b85a4-3dbc-4c8a-a4b3-d531babba365
2026-09-28 19:02:06 | INFO     | exam.live_signal             | Live broadcast socket closed for session 197b85a4-3dbc-4c8a-a4b3-d531babba365
2026-09-28 19:02:26 | INFO     | exam.auth                    | Login: examiner@exam.edu (examiner/approved)
2026-09-28 19:02:28 | INFO     | exam.auth                    | Profile updated for examiner@exam.edu
2026-09-28 19:02:32 | INFO     | exam.auth                    | Profile updated for examiner@exam.edu
2026-09-28 19:02:33 | INFO     | exam.auth                    | Profile updated for examiner@exam.edu
2026-09-28 19:02:36 | INFO     | exam.auth                    | Profile updated for examiner@exam.edu
2026-09-28 19:02:50 | INFO     | exam.auth                    | Login: snehashalomjb@gmail.com (candidate/approved, login=approved)
2026-09-28 19:03:18 | INFO     | exam.exam                    | Session 01e83d67-ddb6-4e66-90ca-fdaf8826c532 started: exam='Mid-Term / Unit Topic Assessment' candidate=bebc7969-b7e6-4edf-82dd-590a44f8044d questions=10 expires=2026-09-28T14:18:18.951745+00:00
2026-09-28 19:03:19 | INFO     | exam.proctor                 | Proctor socket open for session 01e83d67-ddb6-4e66-90ca-fdaf8826c532
2026-09-28 19:03:20 | INFO     | exam.live_signal             | Live broadcast socket open for session 01e83d67-ddb6-4e66-90ca-fdaf8826c532
2026-09-28 19:04:13 | INFO     | exam.exam                    | Session 01e83d67-ddb6-4e66-90ca-fdaf8826c532 finalised as submitted: 2 auto-scored, 0 queued for review
2026-09-28 19:04:13 | INFO     | exam.proctor                 | Proctor socket closed for session 01e83d67-ddb6-4e66-90ca-fdaf8826c532
2026-09-28 19:04:13 | INFO     | exam.live_signal             | Live broadcast socket closed for session 01e83d67-ddb6-4e66-90ca-fdaf8826c532
2026-09-28 19:04:17 | INFO     | exam.auth                    | Login: examiner@exam.edu (examiner/approved)
2026-09-28 19:04:20 | INFO     | exam.auth                    | Profile updated for examiner@exam.edu
2026-09-29 01:30:04 | INFO     | exam.app                     | Shutdown complete
2026-09-29 15:49:29 | INFO     | exam                         | Logging initialised -> D:\AI_Based_Examination_platform\logs
2026-09-29 15:49:32 | INFO     | exam                         | Logging initialised -> D:\AI_Based_Examination_platform\logs
2026-09-29 15:49:34 | INFO     | exam                         | Logging initialised -> D:\AI_Based_Examination_platform\logs
2026-09-29 15:49:40 | INFO     | exam                         | Logging initialised -> D:\AI_Based_Examination_platform\logs
2026-09-29 15:50:03 | INFO     | exam                         | Logging initialised -> D:\AI_Based_Examination_platform\logs
2026-09-29 15:50:04 | INFO     | exam.app                     | Starting AI-Based Intelligent Examination Platform (development)
2026-09-29 15:50:05 | INFO     | exam.app                     | Object storage ready: bucket exam-media
2026-09-29 15:50:05 | INFO     | exam.app                     | Session sweeper started (every 60s)
2026-09-29 15:50:13 | INFO     | exam                         | Logging initialised -> D:\AI_Based_Examination_platform\logs
2026-09-29 15:50:14 | INFO     | exam.app                     | Starting AI-Based Intelligent Examination Platform (development)
2026-09-29 15:50:14 | INFO     | exam.app                     | Object storage ready: bucket exam-media
2026-09-29 15:50:14 | INFO     | exam.app                     | Session sweeper started (every 60s)
2026-09-29 15:50:14 | INFO     | exam.app                     | Shutdown complete
2026-09-29 15:51:17 | INFO     | exam.auth                    | Login: admin@exam.edu (admin/approved)
2026-09-29 15:51:25 | INFO     | exam.auth                    | Profile updated for admin@exam.edu
2026-09-29 15:52:01 | INFO     | exam.auth                    | Login: admin@exam.edu (admin/approved)
2026-09-29 15:54:16 | INFO     | exam.auth                    | Profile updated for admin@exam.edu
2026-09-29 15:57:37 | INFO     | exam.auth                    | Login: snehashalomjb@gmail.com (candidate/approved, login=approved)
2026-09-29 15:57:40 | INFO     | exam.auth                    | Login: snehashalomjb@gmail.com (candidate/approved, login=approved)
2026-09-29 15:57:54 | INFO     | exam.auth                    | Profile updated for snehashalomjb@gmail.com
2026-09-29 16:07:11 | INFO     | exam.auth                    | Login: snehashalomjb@gmail.com (candidate/approved, login=approved)
2026-09-29 16:07:19 | INFO     | exam.auth                    | Login: examiner@exam.edu (examiner/approved)
2026-09-29 16:07:19 | WARNING  | exam.app                     | SLOW POST /api/v1/auth/login took 1244ms
2026-09-29 16:07:25 | INFO     | exam.auth                    | Login: examiner@exam.edu (examiner/approved)
2026-09-29 16:07:25 | WARNING  | exam.app                     | SLOW POST /api/v1/auth/login took 1786ms
2026-09-29 16:07:33 | INFO     | exam.auth                    | Profile updated for examiner@exam.edu
2026-09-29 21:10:21 | INFO     | exam.app                     | Shutdown complete
2026-09-29 21:10:26 | INFO     | exam                         | Logging initialised -> D:\AI_Based_Examination_platform\logs
2026-09-29 21:10:31 | INFO     | exam.app                     | Starting AI-Based Intelligent Examination Platform (development)
2026-09-29 21:10:32 | INFO     | exam.app                     | Object storage ready: bucket exam-media
2026-09-29 21:10:32 | INFO     | exam.app                     | Session sweeper started (every 60s)
2026-09-29 21:10:49 | INFO     | exam.app                     | Shutdown complete
