2026-09-24 10:18:17 | WARNING  | exam.proctor                 | Session 6be5d2d3-63ac-4380-bf50-13f94c59ac61 flagged: score=106.9 tab_switches=0 left_exam=0
2026-09-24 10:18:17 | WARNING  | exam.proctor                 | Session 6be5d2d3-63ac-4380-bf50-13f94c59ac61 TERMINATED at score 106.9
2026-09-24 10:18:36 | WARNING  | exam.proctor                 | Session a6d90bd8-c124-42ef-802a-709223bd5a54 flagged: score=23.1 tab_switches=3 left_exam=3
2026-09-24 10:18:36 | WARNING  | exam.proctor                 | Session a6d90bd8-c124-42ef-802a-709223bd5a54 AUTO-SUBMITTED after 3 focus violation(s)
2026-09-24 10:18:36 | WARNING  | exam.proctor                 | Session 2565f45a-6a55-4a2f-a977-60c4593d3e0d flagged: score=24.0 tab_switches=1 left_exam=3
2026-09-24 10:18:36 | WARNING  | exam.proctor                 | Session 2565f45a-6a55-4a2f-a977-60c4593d3e0d AUTO-SUBMITTED after 3 focus violation(s)
2026-09-24 10:18:37 | WARNING  | exam.proctor                 | Session 20808ea9-ffd6-44a1-888c-8820a14347e1 flagged: score=23.1 tab_switches=3 left_exam=3
2026-09-24 10:18:37 | WARNING  | exam.proctor                 | Session 20808ea9-ffd6-44a1-888c-8820a14347e1 AUTO-SUBMITTED after 3 focus violation(s)
2026-09-24 10:18:37 | WARNING  | exam.proctor                 | Session 31ac81c2-5fc5-418f-9c1c-38b55dd025e8 flagged: score=23.1 tab_switches=3 left_exam=3
2026-09-24 10:18:37 | WARNING  | exam.proctor                 | Session 31ac81c2-5fc5-418f-9c1c-38b55dd025e8 AUTO-SUBMITTED after 3 focus violation(s)
2026-09-24 10:18:38 | WARNING  | exam.proctor                 | Session 10ab0502-08ad-4246-8761-40c3112acb32 flagged: score=23.1 tab_switches=3 left_exam=3
2026-09-24 10:18:38 | WARNING  | exam.proctor                 | Session 10ab0502-08ad-4246-8761-40c3112acb32 AUTO-SUBMITTED after 3 focus violation(s)
2026-09-24 10:18:38 | WARNING  | exam.proctor                 | Session 242a1ac7-f026-4f08-96f5-9f9b11f56ee4 flagged: score=23.1 tab_switches=3 left_exam=3
2026-09-24 10:18:38 | WARNING  | exam.proctor                 | Session 242a1ac7-f026-4f08-96f5-9f9b11f56ee4 AUTO-SUBMITTED after 3 focus violation(s)
2026-09-24 10:18:39 | WARNING  | exam.proctor                 | Session dcc4c8fc-d256-4c1f-953f-2a030cb6fc5e flagged: score=23.1 tab_switches=3 left_exam=3
2026-09-24 10:18:39 | WARNING  | exam.proctor                 | Session dcc4c8fc-d256-4c1f-953f-2a030cb6fc5e AUTO-SUBMITTED after 3 focus violation(s)
2026-09-24 10:18:39 | WARNING  | exam.proctor                 | Session 46ab0d82-1b5e-4cc6-97cf-6e107cdb01ee flagged: score=23.1 tab_switches=3 left_exam=3
2026-09-24 10:18:39 | WARNING  | exam.proctor                 | Session 46ab0d82-1b5e-4cc6-97cf-6e107cdb01ee AUTO-SUBMITTED after 3 focus violation(s)
2026-09-24 10:18:40 | INFO     | exam.proctor                 | examiner-4dd83647@test.edu ruled session 46ab0d82-1b5e-4cc6-97cf-6e107cdb01ee as cleared
2026-09-24 10:18:41 | WARNING  | exam.proctor                 | Session 2ad45669-1de6-44d3-a02d-db3489ea606f flagged: score=27.3 tab_switches=4 left_exam=4
2026-09-24 10:18:42 | WARNING  | exam.proctor                 | Session 830ebb3c-60ce-440b-a4ed-4da58444761a flagged: score=10.0 tab_switches=1 left_exam=1
2026-09-24 10:18:42 | WARNING  | exam.proctor                 | Session 830ebb3c-60ce-440b-a4ed-4da58444761a AUTO-SUBMITTED after 1 focus violation(s)
2026-09-24 10:18:45 | INFO     | exam.proctor                 | examiner-4e352c2c@test.edu ruled session 61adac07-d132-4f18-a56f-8cbf35858817 as cleared
2026-09-24 10:18:46 | INFO     | exam.proctor                 | examiner-6520aac5@test.edu ruled session ae5a22e2-99a1-41cc-9cec-5df68db2de3e as malpractice
2026-09-24 10:18:47 | INFO     | exam.proctor                 | examiner-e9120688@test.edu ruled session 1be84659-4d62-48dd-abc3-6b596353eb44 as cleared
2026-09-24 10:18:48 | INFO     | exam.proctor                 | examiner-8640093c@test.edu ruled session d535d5c0-518b-4495-ab24-a1ced6d1b5c6 as malpractice
2026-09-24 10:18:50 | INFO     | exam.proctor                 | examiner-c6200c87@test.edu ruled session a5fa40b7-21ad-4e78-938e-4293f4c95b6e as malpractice
2026-09-24 10:18:51 | INFO     | exam.proctor                 | examiner-f7d9b2fc@test.edu ruled session 242549ea-f192-4f1c-a5d2-4be8491427c9 as malpractice
2026-09-24 10:18:52 | INFO     | exam.proctor                 | examiner-42356bf8@test.edu ruled session 78d2b584-459a-4082-b8be-f6c3df08f34d as cleared
2026-09-24 10:19:15 | INFO     | exam.proctor                 | Proctor socket open for session 5dcf11dd-9edc-46ae-8aab-3d7352af6c55
2026-09-24 10:19:15 | INFO     | exam.proctor                 | Proctor socket closed for session 5dcf11dd-9edc-46ae-8aab-3d7352af6c55
2026-09-24 10:19:17 | INFO     | exam.proctor                 | Proctor socket open for session c46e14fe-3f63-4345-bf0d-0fbcff00015f
2026-09-24 10:19:17 | INFO     | exam.proctor                 | Proctor socket closed for session c46e14fe-3f63-4345-bf0d-0fbcff00015f
2026-09-24 10:19:17 | INFO     | exam.proctor                 | Proctor socket open for session ffa15dc7-549b-45c8-bd99-8853b1a89084
2026-09-24 10:19:17 | INFO     | exam.proctor                 | Proctor socket closed for session ffa15dc7-549b-45c8-bd99-8853b1a89084
2026-09-24 10:19:18 | INFO     | exam.proctor                 | Proctor socket open for session 753603b3-019c-4698-8899-ab622d03943c
2026-09-24 10:19:18 | WARNING  | exam.proctor                 | Session 753603b3-019c-4698-8899-ab622d03943c flagged: score=23.1 tab_switches=3 left_exam=3
2026-09-24 10:19:18 | WARNING  | exam.proctor                 | Session 753603b3-019c-4698-8899-ab622d03943c AUTO-SUBMITTED after 3 focus violation(s)
2026-09-24 10:19:18 | INFO     | exam.proctor                 | Proctor socket open for session 82b9e943-a444-4581-99d2-b4074bee94c2
2026-09-24 10:19:18 | INFO     | exam.proctor                 | Proctor socket closed for session 82b9e943-a444-4581-99d2-b4074bee94c2
2026-09-24 10:19:19 | INFO     | exam.proctor                 | Proctor socket open for session 1c4cc579-991e-43bc-ba63-39336f70e060
2026-09-24 10:19:19 | INFO     | exam.proctor                 | Proctor socket closed for session 1c4cc579-991e-43bc-ba63-39336f70e060
2026-09-24 10:19:19 | INFO     | exam.proctor                 | Proctor socket open for session 276bdd42-a475-4473-a2de-97b4eef7d047
2026-09-24 10:19:19 | INFO     | exam.proctor                 | Proctor socket closed for session 276bdd42-a475-4473-a2de-97b4eef7d047
2026-09-24 10:19:19 | INFO     | exam.proctor                 | Proctor socket open for session f3c0b22e-2c06-476a-824e-b7570074cc8b
2026-09-24 10:19:19 | INFO     | exam.proctor                 | Proctor socket closed for session f3c0b22e-2c06-476a-824e-b7570074cc8b
2026-09-24 10:20:27 | WARNING  | exam.proctor                 | Session 0018cc99-1ec4-4925-a8b1-b1f646d91804 flagged: score=106.9 tab_switches=0 left_exam=0
2026-09-24 10:20:27 | WARNING  | exam.proctor                 | Session 0018cc99-1ec4-4925-a8b1-b1f646d91804 TERMINATED at score 106.9
2026-09-24 10:20:48 | WARNING  | exam.proctor                 | Session e24ccf2d-e8a4-41fb-9143-b386d1c771ac flagged: score=23.1 tab_switches=3 left_exam=3
2026-09-24 10:20:48 | WARNING  | exam.proctor                 | Session e24ccf2d-e8a4-41fb-9143-b386d1c771ac AUTO-SUBMITTED after 3 focus violation(s)
2026-09-24 10:20:48 | WARNING  | exam.proctor                 | Session 2b190b3d-b81c-487c-a5e4-0f3a957b1777 flagged: score=24.0 tab_switches=1 left_exam=3
2026-09-24 10:20:48 | WARNING  | exam.proctor                 | Session 2b190b3d-b81c-487c-a5e4-0f3a957b1777 AUTO-SUBMITTED after 3 focus violation(s)
2026-09-24 10:20:49 | WARNING  | exam.proctor                 | Session e9613438-615b-4b0a-94b1-af5fd9f1ec65 flagged: score=23.1 tab_switches=3 left_exam=3
2026-09-24 10:20:49 | WARNING  | exam.proctor                 | Session e9613438-615b-4b0a-94b1-af5fd9f1ec65 AUTO-SUBMITTED after 3 focus violation(s)
2026-09-24 10:20:50 | WARNING  | exam.proctor                 | Session 89bb2e86-3c86-4f87-b844-0187ccce1242 flagged: score=23.1 tab_switches=3 left_exam=3
2026-09-24 10:20:50 | WARNING  | exam.proctor                 | Session 89bb2e86-3c86-4f87-b844-0187ccce1242 AUTO-SUBMITTED after 3 focus violation(s)
2026-09-24 10:20:50 | WARNING  | exam.proctor                 | Session 594c8e29-d7c6-493b-826a-ed4c12174dc5 flagged: score=23.1 tab_switches=3 left_exam=3
2026-09-24 10:20:50 | WARNING  | exam.proctor                 | Session 594c8e29-d7c6-493b-826a-ed4c12174dc5 AUTO-SUBMITTED after 3 focus violation(s)
2026-09-24 10:20:51 | WARNING  | exam.proctor                 | Session 4b71a0bf-6002-43d9-bfa4-7c2c0e146fa2 flagged: score=23.1 tab_switches=3 left_exam=3
2026-09-24 10:20:51 | WARNING  | exam.proctor                 | Session 4b71a0bf-6002-43d9-bfa4-7c2c0e146fa2 AUTO-SUBMITTED after 3 focus violation(s)
2026-09-24 10:20:51 | WARNING  | exam.proctor                 | Session 53bf0b9a-67ac-455f-9aa1-586698a2461c flagged: score=23.1 tab_switches=3 left_exam=3
2026-09-24 10:20:51 | WARNING  | exam.proctor                 | Session 53bf0b9a-67ac-455f-9aa1-586698a2461c AUTO-SUBMITTED after 3 focus violation(s)
2026-09-24 10:20:52 | WARNING  | exam.proctor                 | Session b2a2aaa6-5485-4270-a583-415c8036303a flagged: score=23.1 tab_switches=3 left_exam=3
2026-09-24 10:20:52 | WARNING  | exam.proctor                 | Session b2a2aaa6-5485-4270-a583-415c8036303a AUTO-SUBMITTED after 3 focus violation(s)
2026-09-24 10:20:52 | INFO     | exam.proctor                 | examiner-d1fc6563@test.edu ruled session b2a2aaa6-5485-4270-a583-415c8036303a as cleared
2026-09-24 10:20:54 | WARNING  | exam.proctor                 | Session e0e21c16-102d-4760-a15d-a1f4339f1fde flagged: score=27.3 tab_switches=4 left_exam=4
2026-09-24 10:20:55 | WARNING  | exam.proctor                 | Session d63eca75-35fa-4c01-bca1-36c8a0497fb6 flagged: score=10.0 tab_switches=1 left_exam=1
2026-09-24 10:20:55 | WARNING  | exam.proctor                 | Session d63eca75-35fa-4c01-bca1-36c8a0497fb6 AUTO-SUBMITTED after 1 focus violation(s)
2026-09-24 10:20:59 | INFO     | exam.proctor                 | examiner-49e15e3c@test.edu ruled session 43735dc9-a6aa-4dff-a455-a479d61d5386 as cleared
2026-09-24 10:20:59 | INFO     | exam.proctor                 | examiner-95dc3bf1@test.edu ruled session 29ef50b4-1aef-4eae-8bbe-73a191c44e1e as malpractice
2026-09-24 10:21:02 | INFO     | exam.proctor                 | examiner-ca7d91e0@test.edu ruled session ab3f12dc-d867-4cd9-835e-78f13fe94361 as cleared
2026-09-24 10:21:03 | INFO     | exam.proctor                 | examiner-8e1db826@test.edu ruled session 277f9bb1-f687-42e6-a3ed-3e0181fff47b as malpractice
2026-09-24 10:21:05 | INFO     | exam.proctor                 | examiner-841a7d8b@test.edu ruled session be85868f-4579-4c1c-9b31-ccd67e946866 as malpractice
2026-09-24 10:21:06 | INFO     | exam.proctor                 | examiner-3ebc0326@test.edu ruled session c3d0cdd9-b1b6-4289-8e2a-ed4021693a12 as malpractice
2026-09-24 10:21:06 | INFO     | exam.proctor                 | examiner-a4330e71@test.edu ruled session f4dc62df-059d-4b0c-b89b-fd6728344a06 as cleared
2026-09-24 10:21:28 | INFO     | exam.proctor                 | Proctor socket open for session a63797d1-ef0b-4f23-975a-3ea0ea3ed23e
2026-09-24 10:21:28 | INFO     | exam.proctor                 | Proctor socket closed for session a63797d1-ef0b-4f23-975a-3ea0ea3ed23e
2026-09-24 10:21:30 | INFO     | exam.proctor                 | Proctor socket open for session 8279db8e-d070-4f95-88da-6f8c3de2ac84
2026-09-24 10:21:30 | INFO     | exam.proctor                 | Proctor socket closed for session 8279db8e-d070-4f95-88da-6f8c3de2ac84
2026-09-24 10:21:31 | INFO     | exam.proctor                 | Proctor socket open for session 31649a90-9e57-4672-8f48-b50c455e718e
2026-09-24 10:21:31 | INFO     | exam.proctor                 | Proctor socket closed for session 31649a90-9e57-4672-8f48-b50c455e718e
2026-09-24 10:21:31 | INFO     | exam.proctor                 | Proctor socket open for session 80dfa2a4-5970-459e-aa5f-d977f995bbcc
2026-09-24 10:21:31 | WARNING  | exam.proctor                 | Session 80dfa2a4-5970-459e-aa5f-d977f995bbcc flagged: score=23.1 tab_switches=3 left_exam=3
2026-09-24 10:21:31 | WARNING  | exam.proctor                 | Session 80dfa2a4-5970-459e-aa5f-d977f995bbcc AUTO-SUBMITTED after 3 focus violation(s)
2026-09-24 10:21:32 | INFO     | exam.proctor                 | Proctor socket open for session 7b8cc77e-290d-4201-a42f-b6a2e81ce2e3
2026-09-24 10:21:32 | INFO     | exam.proctor                 | Proctor socket closed for session 7b8cc77e-290d-4201-a42f-b6a2e81ce2e3
2026-09-24 10:21:32 | INFO     | exam.proctor                 | Proctor socket open for session 1f6e23e4-94c5-42cf-b422-a1e941167758
2026-09-24 10:21:32 | INFO     | exam.proctor                 | Proctor socket closed for session 1f6e23e4-94c5-42cf-b422-a1e941167758
2026-09-24 10:21:33 | INFO     | exam.proctor                 | Proctor socket open for session d27b7123-212f-40b2-b711-e7f7e24fb68a
2026-09-24 10:21:33 | INFO     | exam.proctor                 | Proctor socket closed for session d27b7123-212f-40b2-b711-e7f7e24fb68a
2026-09-24 10:21:33 | INFO     | exam.proctor                 | Proctor socket open for session 10adc41d-e516-4c0c-8419-8ea178a786b7
2026-09-24 10:21:33 | INFO     | exam.proctor                 | Proctor socket closed for session 10adc41d-e516-4c0c-8419-8ea178a786b7
2026-09-24 10:22:40 | WARNING  | exam.proctor                 | Session 6dceb843-2df3-45e6-894c-40af6a6dd9cb flagged: score=106.9 tab_switches=0 left_exam=0
2026-09-24 10:22:40 | WARNING  | exam.proctor                 | Session 6dceb843-2df3-45e6-894c-40af6a6dd9cb TERMINATED at score 106.9
2026-09-24 10:22:58 | WARNING  | exam.proctor                 | Session d83d7642-eaad-4524-ae0f-b2997e928fa9 flagged: score=23.1 tab_switches=3 left_exam=3
2026-09-24 10:22:58 | WARNING  | exam.proctor                 | Session d83d7642-eaad-4524-ae0f-b2997e928fa9 AUTO-SUBMITTED after 3 focus violation(s)
2026-09-24 10:22:59 | WARNING  | exam.proctor                 | Session 564f2140-2e66-42f5-b957-4988e50c5863 flagged: score=24.0 tab_switches=1 left_exam=3
2026-09-24 10:22:59 | WARNING  | exam.proctor                 | Session 564f2140-2e66-42f5-b957-4988e50c5863 AUTO-SUBMITTED after 3 focus violation(s)
2026-09-24 10:22:59 | WARNING  | exam.proctor                 | Session 9089a809-a2b2-4be1-a602-21277576a6d8 flagged: score=23.1 tab_switches=3 left_exam=3
2026-09-24 10:22:59 | WARNING  | exam.proctor                 | Session 9089a809-a2b2-4be1-a602-21277576a6d8 AUTO-SUBMITTED after 3 focus violation(s)
2026-09-24 10:23:00 | WARNING  | exam.proctor                 | Session 392c8a2c-6c57-46bf-a99e-123d11f45568 flagged: score=23.1 tab_switches=3 left_exam=3
2026-09-24 10:23:00 | WARNING  | exam.proctor                 | Session 392c8a2c-6c57-46bf-a99e-123d11f45568 AUTO-SUBMITTED after 3 focus violation(s)
2026-09-24 10:23:00 | WARNING  | exam.proctor                 | Session fcfeb9b9-e557-43f2-b619-7e8c958c059a flagged: score=23.1 tab_switches=3 left_exam=3
2026-09-24 10:23:00 | WARNING  | exam.proctor                 | Session fcfeb9b9-e557-43f2-b619-7e8c958c059a AUTO-SUBMITTED after 3 focus violation(s)
2026-09-24 10:23:01 | WARNING  | exam.proctor                 | Session 105c9abb-65d8-4eef-8262-2d0d72fa917f flagged: score=23.1 tab_switches=3 left_exam=3
2026-09-24 10:23:01 | WARNING  | exam.proctor                 | Session 105c9abb-65d8-4eef-8262-2d0d72fa917f AUTO-SUBMITTED after 3 focus violation(s)
2026-09-24 10:23:01 | WARNING  | exam.proctor                 | Session d058b34a-b848-4016-be54-905d2a7f79c2 flagged: score=23.1 tab_switches=3 left_exam=3
2026-09-24 10:23:01 | WARNING  | exam.proctor                 | Session d058b34a-b848-4016-be54-905d2a7f79c2 AUTO-SUBMITTED after 3 focus violation(s)
2026-09-24 10:23:02 | WARNING  | exam.proctor                 | Session bf7d5fe1-00fa-4037-be6a-dee108d167dc flagged: score=23.1 tab_switches=3 left_exam=3
2026-09-24 10:23:02 | WARNING  | exam.proctor                 | Session bf7d5fe1-00fa-4037-be6a-dee108d167dc AUTO-SUBMITTED after 3 focus violation(s)
2026-09-24 10:23:02 | INFO     | exam.proctor                 | examiner-825d2d3b@test.edu ruled session bf7d5fe1-00fa-4037-be6a-dee108d167dc as cleared
2026-09-24 10:23:04 | WARNING  | exam.proctor                 | Session 31f66fed-ffa0-4ba7-9fc7-1cf68151a2a5 flagged: score=27.3 tab_switches=4 left_exam=4
2026-09-24 10:23:04 | WARNING  | exam.proctor                 | Session c37f87bf-6081-41b0-ac6f-379ce11e837e flagged: score=10.0 tab_switches=1 left_exam=1
2026-09-24 10:23:04 | WARNING  | exam.proctor                 | Session c37f87bf-6081-41b0-ac6f-379ce11e837e AUTO-SUBMITTED after 1 focus violation(s)
2026-09-24 10:23:08 | INFO     | exam.proctor                 | examiner-cb307e56@test.edu ruled session c19b51b7-4f35-4353-9315-b70c467e1e4a as cleared
2026-09-24 10:23:09 | INFO     | exam.proctor                 | examiner-0097c5c8@test.edu ruled session 2bc2eb18-33e3-4383-b0f1-f1a49e0b5b1b as malpractice
2026-09-24 10:23:11 | INFO     | exam.proctor                 | examiner-fa8485f0@test.edu ruled session 331549c9-161d-42aa-b927-554a5d0f3916 as cleared
2026-09-24 10:23:12 | INFO     | exam.proctor                 | examiner-ad482d2a@test.edu ruled session 8211f8c5-6ec8-49a4-9c5f-9c7f0b065e7d as malpractice
2026-09-24 10:23:14 | INFO     | exam.proctor                 | examiner-e4a245b4@test.edu ruled session 66c460d1-034c-4d72-878e-cdf6fd690cfd as malpractice
2026-09-24 10:23:15 | INFO     | exam.proctor                 | examiner-db414d20@test.edu ruled session 279ec1d7-6900-472c-8de0-7bf9944bd104 as malpractice
2026-09-24 10:23:16 | INFO     | exam.proctor                 | examiner-d17fb219@test.edu ruled session 94be21a5-a2cd-465c-b27b-0bbde8e6174e as cleared
2026-09-24 10:23:41 | INFO     | exam.proctor                 | Proctor socket open for session 7753054e-8be3-4a4f-81ef-1df41870d425
2026-09-24 10:23:41 | INFO     | exam.proctor                 | Proctor socket closed for session 7753054e-8be3-4a4f-81ef-1df41870d425
2026-09-24 10:23:43 | INFO     | exam.proctor                 | Proctor socket open for session 3416ca1e-224f-427e-bc7c-61a53b75f404
2026-09-24 10:23:43 | INFO     | exam.proctor                 | Proctor socket closed for session 3416ca1e-224f-427e-bc7c-61a53b75f404
2026-09-24 10:23:44 | INFO     | exam.proctor                 | Proctor socket open for session 38b671b8-4438-4d6c-bdbc-854b781d753e
2026-09-24 10:23:44 | INFO     | exam.proctor                 | Proctor socket closed for session 38b671b8-4438-4d6c-bdbc-854b781d753e
2026-09-24 10:23:44 | INFO     | exam.proctor                 | Proctor socket open for session 96535e19-29eb-41f8-be29-06d447d077b8
2026-09-24 10:23:44 | WARNING  | exam.proctor                 | Session 96535e19-29eb-41f8-be29-06d447d077b8 flagged: score=23.1 tab_switches=3 left_exam=3
2026-09-24 10:23:44 | WARNING  | exam.proctor                 | Session 96535e19-29eb-41f8-be29-06d447d077b8 AUTO-SUBMITTED after 3 focus violation(s)
2026-09-24 10:23:45 | INFO     | exam.proctor                 | Proctor socket open for session 2cc225ed-1005-46cb-b521-6bc973cf30ad
2026-09-24 10:23:45 | INFO     | exam.proctor                 | Proctor socket closed for session 2cc225ed-1005-46cb-b521-6bc973cf30ad
2026-09-24 10:23:45 | INFO     | exam.proctor                 | Proctor socket open for session 025db1cc-8e38-43b5-a367-3e981f3eba4d
2026-09-24 10:23:45 | INFO     | exam.proctor                 | Proctor socket closed for session 025db1cc-8e38-43b5-a367-3e981f3eba4d
2026-09-24 10:23:46 | INFO     | exam.proctor                 | Proctor socket open for session 931e2dd2-a9bb-4bfa-9646-8aa139779f3a
2026-09-24 10:23:46 | INFO     | exam.proctor                 | Proctor socket closed for session 931e2dd2-a9bb-4bfa-9646-8aa139779f3a
2026-09-24 10:23:46 | INFO     | exam.proctor                 | Proctor socket open for session 939d0055-c510-43cf-be9a-0d57a5b5edd3
2026-09-24 10:23:46 | INFO     | exam.proctor                 | Proctor socket closed for session 939d0055-c510-43cf-be9a-0d57a5b5edd3
2026-09-24 13:54:13 | WARNING  | exam.proctor                 | Session ba1a960b-4198-43c0-99fc-a089347447fd flagged: score=106.9 tab_switches=0 left_exam=0
2026-09-24 13:54:13 | WARNING  | exam.proctor                 | Session ba1a960b-4198-43c0-99fc-a089347447fd TERMINATED at score 106.9
2026-09-24 13:54:28 | WARNING  | exam.proctor                 | Session a8b52357-70ab-4122-8818-8b5b99526127 flagged: score=23.1 tab_switches=3 left_exam=3
2026-09-24 13:54:28 | WARNING  | exam.proctor                 | Session a8b52357-70ab-4122-8818-8b5b99526127 AUTO-SUBMITTED after 3 focus violation(s)
2026-09-24 13:54:29 | WARNING  | exam.proctor                 | Session dbeb4493-3c9d-41a9-a9fb-ab5f08bf0239 flagged: score=24.0 tab_switches=1 left_exam=3
2026-09-24 13:54:29 | WARNING  | exam.proctor                 | Session dbeb4493-3c9d-41a9-a9fb-ab5f08bf0239 AUTO-SUBMITTED after 3 focus violation(s)
2026-09-24 13:54:30 | WARNING  | exam.proctor                 | Session 1c2ccaa8-1ae0-4f48-b101-2ebc7988cf68 flagged: score=23.1 tab_switches=3 left_exam=3
2026-09-24 13:54:30 | WARNING  | exam.proctor                 | Session 1c2ccaa8-1ae0-4f48-b101-2ebc7988cf68 AUTO-SUBMITTED after 3 focus violation(s)
2026-09-24 13:54:30 | WARNING  | exam.proctor                 | Session 20ff759a-2489-4a1d-a24c-f576756c3f17 flagged: score=23.1 tab_switches=3 left_exam=3
2026-09-24 13:54:30 | WARNING  | exam.proctor                 | Session 20ff759a-2489-4a1d-a24c-f576756c3f17 AUTO-SUBMITTED after 3 focus violation(s)
2026-09-24 13:54:31 | WARNING  | exam.proctor                 | Session 03e0c32d-346c-48b1-8d2d-2087ebad176c flagged: score=23.1 tab_switches=3 left_exam=3
2026-09-24 13:54:31 | WARNING  | exam.proctor                 | Session 03e0c32d-346c-48b1-8d2d-2087ebad176c AUTO-SUBMITTED after 3 focus violation(s)
2026-09-24 13:54:31 | WARNING  | exam.proctor                 | Session ea5490af-9a4e-4f60-b885-575ce2fcff1e flagged: score=23.1 tab_switches=3 left_exam=3
2026-09-24 13:54:31 | WARNING  | exam.proctor                 | Session ea5490af-9a4e-4f60-b885-575ce2fcff1e AUTO-SUBMITTED after 3 focus violation(s)
2026-09-24 13:54:31 | WARNING  | exam.proctor                 | Session c139a9f9-d275-4673-b4c2-28026b996226 flagged: score=23.1 tab_switches=3 left_exam=3
2026-09-24 13:54:31 | WARNING  | exam.proctor                 | Session c139a9f9-d275-4673-b4c2-28026b996226 AUTO-SUBMITTED after 3 focus violation(s)
2026-09-24 13:54:32 | WARNING  | exam.proctor                 | Session d7f7a1a2-3faa-4d9e-a151-99209bfd831a flagged: score=23.1 tab_switches=3 left_exam=3
2026-09-24 13:54:32 | WARNING  | exam.proctor                 | Session d7f7a1a2-3faa-4d9e-a151-99209bfd831a AUTO-SUBMITTED after 3 focus violation(s)
2026-09-24 13:54:32 | INFO     | exam.proctor                 | examiner-4625e9be@test.edu ruled session d7f7a1a2-3faa-4d9e-a151-99209bfd831a as cleared
2026-09-24 13:54:34 | WARNING  | exam.proctor                 | Session 145804af-103a-42fd-a5b0-92a26b5d90dd flagged: score=27.3 tab_switches=4 left_exam=4
2026-09-24 13:54:34 | WARNING  | exam.proctor                 | Session 0023db75-d99f-4c1a-8d15-09aa2fdfbc43 flagged: score=10.0 tab_switches=1 left_exam=1
2026-09-24 13:54:34 | WARNING  | exam.proctor                 | Session 0023db75-d99f-4c1a-8d15-09aa2fdfbc43 AUTO-SUBMITTED after 1 focus violation(s)
2026-09-24 13:54:38 | INFO     | exam.proctor                 | examiner-bdc68447@test.edu ruled session b1954e35-2a6b-47e1-9f57-5d4b5ae6654f as cleared
2026-09-24 13:54:38 | INFO     | exam.proctor                 | examiner-6089bcc3@test.edu ruled session d1ebd141-79d0-465e-bfc2-e99a56959f93 as malpractice
2026-09-24 13:54:40 | INFO     | exam.proctor                 | examiner-4bb71926@test.edu ruled session 83495a60-b2c2-4118-b3fb-4197b432d624 as cleared
2026-09-24 13:54:41 | INFO     | exam.proctor                 | examiner-1be799f5@test.edu ruled session 6a32167b-01a5-4a0e-bbd6-3babd2bfa1d6 as malpractice
2026-09-24 13:54:42 | INFO     | exam.proctor                 | examiner-e09d7fbe@test.edu ruled session c87cfb61-9ac2-4c94-8ae8-d452731787a9 as malpractice
2026-09-24 13:54:44 | INFO     | exam.proctor                 | examiner-de4dafe0@test.edu ruled session e4a86028-f301-4ecf-9bce-fabc5dc07216 as malpractice
2026-09-24 13:54:44 | INFO     | exam.proctor                 | examiner-9987ec28@test.edu ruled session 0db99ffd-3541-4b4c-9727-c15a878a02b6 as cleared
2026-09-24 13:55:10 | INFO     | exam.proctor                 | Proctor socket open for session defd0c0e-3731-4175-80cb-4060d3030937
2026-09-24 13:55:10 | INFO     | exam.proctor                 | Proctor socket closed for session defd0c0e-3731-4175-80cb-4060d3030937
2026-09-24 13:55:14 | INFO     | exam.proctor                 | Proctor socket open for session ce71d55a-b166-4d50-ba4e-71e2b932bde9
2026-09-24 13:55:14 | INFO     | exam.proctor                 | Proctor socket closed for session ce71d55a-b166-4d50-ba4e-71e2b932bde9
2026-09-24 13:55:14 | INFO     | exam.proctor                 | Proctor socket open for session eb989401-a9ef-4350-8f47-87bc312f65ca
2026-09-24 13:55:14 | INFO     | exam.proctor                 | Proctor socket closed for session eb989401-a9ef-4350-8f47-87bc312f65ca
2026-09-24 13:55:15 | INFO     | exam.proctor                 | Proctor socket open for session 34bad9c2-a76e-4601-a0f0-8d78289c9043
2026-09-24 13:55:15 | WARNING  | exam.proctor                 | Session 34bad9c2-a76e-4601-a0f0-8d78289c9043 flagged: score=23.1 tab_switches=3 left_exam=3
2026-09-24 13:55:15 | WARNING  | exam.proctor                 | Session 34bad9c2-a76e-4601-a0f0-8d78289c9043 AUTO-SUBMITTED after 3 focus violation(s)
2026-09-24 13:55:15 | INFO     | exam.proctor                 | Proctor socket open for session 330bb028-872e-4ff9-9126-e3f6c97334ac
2026-09-24 13:55:15 | INFO     | exam.proctor                 | Proctor socket closed for session 330bb028-872e-4ff9-9126-e3f6c97334ac
2026-09-24 13:55:16 | INFO     | exam.proctor                 | Proctor socket open for session 32fb0860-446e-4226-940b-3c616586c673
2026-09-24 13:55:16 | INFO     | exam.proctor                 | Proctor socket closed for session 32fb0860-446e-4226-940b-3c616586c673
2026-09-24 13:55:17 | INFO     | exam.proctor                 | Proctor socket open for session 25660fc7-e28d-4f79-9cf6-77383959bb68
2026-09-24 13:55:17 | INFO     | exam.proctor                 | Proctor socket closed for session 25660fc7-e28d-4f79-9cf6-77383959bb68
2026-09-24 13:55:17 | INFO     | exam.proctor                 | Proctor socket open for session ea20f536-06ad-441d-8af6-78412d028ffd
2026-09-24 13:55:17 | INFO     | exam.proctor                 | Proctor socket closed for session ea20f536-06ad-441d-8af6-78412d028ffd
2026-09-24 15:05:56 | INFO     | exam.proctor                 | Proctor socket open for session 7966ab48-e658-4e17-be79-d1e5ac4ac548
2026-09-24 15:06:07 | INFO     | exam.proctor                 | Proctor socket closed for session 7966ab48-e658-4e17-be79-d1e5ac4ac548
2026-09-24 15:06:47 | INFO     | exam.proctor                 | Proctor socket open for session 7966ab48-e658-4e17-be79-d1e5ac4ac548
2026-09-24 15:06:58 | INFO     | exam.proctor                 | Proctor socket closed for session 7966ab48-e658-4e17-be79-d1e5ac4ac548
2026-09-24 15:07:22 | INFO     | exam.proctor                 | Proctor socket open for session 7966ab48-e658-4e17-be79-d1e5ac4ac548
2026-09-24 15:07:42 | INFO     | exam.proctor                 | Proctor socket closed for session 7966ab48-e658-4e17-be79-d1e5ac4ac548
2026-09-24 15:07:42 | INFO     | exam.proctor                 | Proctor socket open for session 7966ab48-e658-4e17-be79-d1e5ac4ac548
2026-09-24 15:07:44 | INFO     | exam.proctor                 | Proctor socket closed for session 7966ab48-e658-4e17-be79-d1e5ac4ac548
2026-09-24 15:08:09 | INFO     | exam.proctor                 | Proctor socket open for session 7966ab48-e658-4e17-be79-d1e5ac4ac548
2026-09-24 15:08:29 | INFO     | exam.proctor                 | Proctor socket open for session 7966ab48-e658-4e17-be79-d1e5ac4ac548
2026-09-24 15:08:29 | INFO     | exam.proctor                 | Proctor socket closed for session 7966ab48-e658-4e17-be79-d1e5ac4ac548
2026-09-24 15:08:29 | WARNING  | exam.proctor                 | Session 7966ab48-e658-4e17-be79-d1e5ac4ac548 flagged: score=46.4 tab_switches=0 left_exam=0
2026-09-24 15:08:32 | INFO     | exam.proctor                 | Proctor socket closed for session 7966ab48-e658-4e17-be79-d1e5ac4ac548
2026-09-24 15:08:32 | INFO     | exam.proctor                 | Proctor socket open for session 7966ab48-e658-4e17-be79-d1e5ac4ac548
2026-09-24 15:08:37 | INFO     | exam.proctor                 | Proctor socket closed for session 7966ab48-e658-4e17-be79-d1e5ac4ac548
2026-09-24 15:33:42 | INFO     | exam.proctor                 | Proctor socket open for session ed5e9357-3b5a-4558-99b8-1e3bdf2fdd02
2026-09-24 15:33:42 | INFO     | exam.proctor                 | Proctor socket closed for session ed5e9357-3b5a-4558-99b8-1e3bdf2fdd02
2026-09-24 15:33:42 | INFO     | exam.proctor                 | Proctor socket open for session ed5e9357-3b5a-4558-99b8-1e3bdf2fdd02
2026-09-24 15:33:59 | INFO     | exam.proctor                 | Proctor socket closed for session ed5e9357-3b5a-4558-99b8-1e3bdf2fdd02
2026-09-24 15:33:59 | INFO     | exam.proctor                 | Proctor socket open for session ed5e9357-3b5a-4558-99b8-1e3bdf2fdd02
2026-09-24 15:34:18 | INFO     | exam.proctor                 | Proctor socket closed for session ed5e9357-3b5a-4558-99b8-1e3bdf2fdd02
2026-09-24 15:34:18 | INFO     | exam.proctor                 | Proctor socket open for session ed5e9357-3b5a-4558-99b8-1e3bdf2fdd02
2026-09-24 15:34:49 | INFO     | exam.proctor                 | Proctor socket closed for session ed5e9357-3b5a-4558-99b8-1e3bdf2fdd02
2026-09-24 15:40:08 | INFO     | exam.proctor                 | examiner@exam.edu ruled session 1cdeea2c-0867-4fe9-a4c7-adb3b375f637 as cleared
2026-09-24 15:40:10 | INFO     | exam.proctor                 | examiner@exam.edu ruled session 1cdeea2c-0867-4fe9-a4c7-adb3b375f637 as cleared
2026-09-24 15:40:11 | INFO     | exam.proctor                 | examiner@exam.edu ruled session 1cdeea2c-0867-4fe9-a4c7-adb3b375f637 as cleared
2026-09-24 16:07:21 | WARNING  | exam.proctor                 | Session b94822bb-8367-4ec4-b18e-bd7748b96051 flagged: score=106.9 tab_switches=0 left_exam=0
2026-09-24 16:07:21 | WARNING  | exam.proctor                 | Session b94822bb-8367-4ec4-b18e-bd7748b96051 TERMINATED at score 106.9
2026-09-24 16:07:38 | WARNING  | exam.proctor                 | Session 8b4ed6de-ddad-4127-bd0b-ce02be7c9435 flagged: score=23.1 tab_switches=3 left_exam=3
2026-09-24 16:07:38 | WARNING  | exam.proctor                 | Session 8b4ed6de-ddad-4127-bd0b-ce02be7c9435 AUTO-SUBMITTED after 3 focus violation(s)
2026-09-24 16:07:39 | WARNING  | exam.proctor                 | Session 12aa922b-1395-4b06-b409-9a959436af5b flagged: score=24.0 tab_switches=1 left_exam=3
2026-09-24 16:07:39 | WARNING  | exam.proctor                 | Session 12aa922b-1395-4b06-b409-9a959436af5b AUTO-SUBMITTED after 3 focus violation(s)
2026-09-24 16:07:39 | WARNING  | exam.proctor                 | Session 947e2b3d-df66-45f8-a555-6837518e58d6 flagged: score=23.1 tab_switches=3 left_exam=3
2026-09-24 16:07:39 | WARNING  | exam.proctor                 | Session 947e2b3d-df66-45f8-a555-6837518e58d6 AUTO-SUBMITTED after 3 focus violation(s)
2026-09-24 16:07:40 | WARNING  | exam.proctor                 | Session 78b71815-bc5e-4233-bb54-f5d05c697968 flagged: score=23.1 tab_switches=3 left_exam=3
2026-09-24 16:07:40 | WARNING  | exam.proctor                 | Session 78b71815-bc5e-4233-bb54-f5d05c697968 AUTO-SUBMITTED after 3 focus violation(s)
2026-09-24 16:07:40 | WARNING  | exam.proctor                 | Session 8435da51-fcfb-409a-a217-bfb854740a0b flagged: score=23.1 tab_switches=3 left_exam=3
2026-09-24 16:07:40 | WARNING  | exam.proctor                 | Session 8435da51-fcfb-409a-a217-bfb854740a0b AUTO-SUBMITTED after 3 focus violation(s)
2026-09-24 16:07:41 | WARNING  | exam.proctor                 | Session 0e039cf8-0623-4fba-8020-6782dec8c611 flagged: score=23.1 tab_switches=3 left_exam=3
2026-09-24 16:07:41 | WARNING  | exam.proctor                 | Session 0e039cf8-0623-4fba-8020-6782dec8c611 AUTO-SUBMITTED after 3 focus violation(s)
2026-09-24 16:07:42 | WARNING  | exam.proctor                 | Session d407c0c6-5d10-468b-ae98-d49d2a84966c flagged: score=23.1 tab_switches=3 left_exam=3
2026-09-24 16:07:42 | WARNING  | exam.proctor                 | Session d407c0c6-5d10-468b-ae98-d49d2a84966c AUTO-SUBMITTED after 3 focus violation(s)
2026-09-24 16:07:42 | WARNING  | exam.proctor                 | Session 2094ed5e-3d5d-4f8c-8b17-72a1484c3dda flagged: score=23.1 tab_switches=3 left_exam=3
2026-09-24 16:07:42 | WARNING  | exam.proctor                 | Session 2094ed5e-3d5d-4f8c-8b17-72a1484c3dda AUTO-SUBMITTED after 3 focus violation(s)
2026-09-24 16:07:42 | INFO     | exam.proctor                 | examiner-91cddfba@test.edu ruled session 2094ed5e-3d5d-4f8c-8b17-72a1484c3dda as cleared
2026-09-24 16:07:44 | WARNING  | exam.proctor                 | Session 251aa8a3-3c13-4167-bd92-117e09e85aa8 flagged: score=27.3 tab_switches=4 left_exam=4
2026-09-24 16:07:45 | WARNING  | exam.proctor                 | Session 2ae343c7-83c5-47ac-aa80-75caed48a39b flagged: score=10.0 tab_switches=1 left_exam=1
2026-09-24 16:07:45 | WARNING  | exam.proctor                 | Session 2ae343c7-83c5-47ac-aa80-75caed48a39b AUTO-SUBMITTED after 1 focus violation(s)
2026-09-24 16:07:48 | INFO     | exam.proctor                 | examiner-530cc999@test.edu ruled session 74961b49-115d-435e-9e02-a49f460ebf61 as cleared
2026-09-24 16:07:49 | INFO     | exam.proctor                 | examiner-f2842505@test.edu ruled session 090708f3-97bc-4389-9c89-bda2c55bc3ea as malpractice
2026-09-24 16:07:50 | INFO     | exam.proctor                 | examiner-0bb2be74@test.edu ruled session ac24463b-8fa6-4ffa-8933-aa3eede64f1a as cleared
2026-09-24 16:07:51 | INFO     | exam.proctor                 | examiner-ab72ee3f@test.edu ruled session 05c815d3-4da0-42ba-8d3f-778040fac1b2 as malpractice
2026-09-24 16:07:53 | INFO     | exam.proctor                 | examiner-cc342c44@test.edu ruled session 158356f9-9ed3-4c65-8719-46000f334a85 as malpractice
2026-09-24 16:07:54 | INFO     | exam.proctor                 | examiner-dae4b9b5@test.edu ruled session c3cd81ac-c3cd-4404-b037-bc8a277e09bc as malpractice
2026-09-24 16:07:54 | INFO     | exam.proctor                 | examiner-60698230@test.edu ruled session 101ee026-d642-4352-ba41-b4d2fddb4370 as cleared
2026-09-24 16:08:18 | INFO     | exam.proctor                 | Proctor socket open for session f26a7d19-d237-42a8-a8ae-434f79d78b26
2026-09-24 16:08:18 | INFO     | exam.proctor                 | Proctor socket closed for session f26a7d19-d237-42a8-a8ae-434f79d78b26
2026-09-24 16:08:20 | INFO     | exam.proctor                 | Proctor socket open for session 2424ad0e-cff2-4d01-8d67-1165b79d4cc1
2026-09-24 16:08:20 | INFO     | exam.proctor                 | Proctor socket closed for session 2424ad0e-cff2-4d01-8d67-1165b79d4cc1
2026-09-24 16:08:21 | INFO     | exam.proctor                 | Proctor socket open for session 76eb44aa-6b08-4a61-9839-8b67250a4ec7
2026-09-24 16:08:21 | INFO     | exam.proctor                 | Proctor socket closed for session 76eb44aa-6b08-4a61-9839-8b67250a4ec7
2026-09-24 16:08:21 | INFO     | exam.proctor                 | Proctor socket open for session f7eb0a4c-5f7b-4401-b6bc-cd871548eb6a
2026-09-24 16:08:21 | WARNING  | exam.proctor                 | Session f7eb0a4c-5f7b-4401-b6bc-cd871548eb6a flagged: score=23.1 tab_switches=3 left_exam=3
2026-09-24 16:08:21 | WARNING  | exam.proctor                 | Session f7eb0a4c-5f7b-4401-b6bc-cd871548eb6a AUTO-SUBMITTED after 3 focus violation(s)
2026-09-24 16:08:22 | INFO     | exam.proctor                 | Proctor socket open for session 34722cc0-bb3e-491c-ba57-fec01a284dca
2026-09-24 16:08:22 | INFO     | exam.proctor                 | Proctor socket closed for session 34722cc0-bb3e-491c-ba57-fec01a284dca
2026-09-24 16:08:22 | INFO     | exam.proctor                 | Proctor socket open for session a36d1bb8-3110-4955-8202-dd2fe79e8598
2026-09-24 16:08:22 | INFO     | exam.proctor                 | Proctor socket closed for session a36d1bb8-3110-4955-8202-dd2fe79e8598
2026-09-24 16:08:23 | INFO     | exam.proctor                 | Proctor socket open for session b0e34296-ebd7-4875-9c42-75a55219d166
2026-09-24 16:08:23 | INFO     | exam.proctor                 | Proctor socket closed for session b0e34296-ebd7-4875-9c42-75a55219d166
2026-09-24 16:08:23 | INFO     | exam.proctor                 | Proctor socket open for session d6664c5f-15d7-42a2-8a6a-ae92611763d7
2026-09-24 16:08:23 | INFO     | exam.proctor                 | Proctor socket closed for session d6664c5f-15d7-42a2-8a6a-ae92611763d7
2026-09-24 16:14:31 | WARNING  | exam.proctor                 | Session 4baf2e6d-ea3f-4276-baea-92ff0e5cbeb2 flagged: score=106.9 tab_switches=0 left_exam=0
2026-09-24 16:14:31 | WARNING  | exam.proctor                 | Session 4baf2e6d-ea3f-4276-baea-92ff0e5cbeb2 TERMINATED at score 106.9
2026-09-24 16:14:50 | WARNING  | exam.proctor                 | Session e99446f8-a631-4b14-bbb1-af6460bd5c55 flagged: score=23.1 tab_switches=3 left_exam=3
2026-09-24 16:14:50 | WARNING  | exam.proctor                 | Session e99446f8-a631-4b14-bbb1-af6460bd5c55 AUTO-SUBMITTED after 3 focus violation(s)
2026-09-24 16:14:51 | WARNING  | exam.proctor                 | Session df7fad7e-d43c-4fb2-9433-4b37c2002cde flagged: score=24.0 tab_switches=1 left_exam=3
2026-09-24 16:14:51 | WARNING  | exam.proctor                 | Session df7fad7e-d43c-4fb2-9433-4b37c2002cde AUTO-SUBMITTED after 3 focus violation(s)
2026-09-24 16:14:51 | WARNING  | exam.proctor                 | Session d7d82ab4-8ec3-4102-86c7-ef334290eef6 flagged: score=23.1 tab_switches=3 left_exam=3
2026-09-24 16:14:52 | WARNING  | exam.proctor                 | Session d7d82ab4-8ec3-4102-86c7-ef334290eef6 AUTO-SUBMITTED after 3 focus violation(s)
2026-09-24 16:14:52 | WARNING  | exam.proctor                 | Session 63d8cde8-5944-490d-9242-f5aad2e8935d flagged: score=23.1 tab_switches=3 left_exam=3
2026-09-24 16:14:52 | WARNING  | exam.proctor                 | Session 63d8cde8-5944-490d-9242-f5aad2e8935d AUTO-SUBMITTED after 3 focus violation(s)
2026-09-24 16:14:53 | WARNING  | exam.proctor                 | Session a0ed01c0-088c-49f6-86bb-a050a1e7f74e flagged: score=23.1 tab_switches=3 left_exam=3
2026-09-24 16:14:53 | WARNING  | exam.proctor                 | Session a0ed01c0-088c-49f6-86bb-a050a1e7f74e AUTO-SUBMITTED after 3 focus violation(s)
2026-09-24 16:14:53 | WARNING  | exam.proctor                 | Session 504b187a-a6e3-4211-b96d-2e4c29e5c2a7 flagged: score=23.1 tab_switches=3 left_exam=3
2026-09-24 16:14:53 | WARNING  | exam.proctor                 | Session 504b187a-a6e3-4211-b96d-2e4c29e5c2a7 AUTO-SUBMITTED after 3 focus violation(s)
2026-09-24 16:14:54 | WARNING  | exam.proctor                 | Session 81948d4e-df86-414c-b2c1-ece2fffb1491 flagged: score=23.1 tab_switches=3 left_exam=3
2026-09-24 16:14:54 | WARNING  | exam.proctor                 | Session 81948d4e-df86-414c-b2c1-ece2fffb1491 AUTO-SUBMITTED after 3 focus violation(s)
2026-09-24 16:14:55 | WARNING  | exam.proctor                 | Session 83b1422c-461a-4d64-953c-245bc79efc8e flagged: score=23.1 tab_switches=3 left_exam=3
2026-09-24 16:14:55 | WARNING  | exam.proctor                 | Session 83b1422c-461a-4d64-953c-245bc79efc8e AUTO-SUBMITTED after 3 focus violation(s)
2026-09-24 16:14:55 | INFO     | exam.proctor                 | examiner-30393f7f@test.edu ruled session 83b1422c-461a-4d64-953c-245bc79efc8e as cleared
2026-09-24 16:14:56 | WARNING  | exam.proctor                 | Session e8730ad0-d5a7-431a-95b2-9c2ec8095528 flagged: score=27.3 tab_switches=4 left_exam=4
2026-09-24 16:14:57 | WARNING  | exam.proctor                 | Session 0cc9aa5f-e1d2-4f02-997e-94ce3c68c311 flagged: score=10.0 tab_switches=1 left_exam=1
2026-09-24 16:14:57 | WARNING  | exam.proctor                 | Session 0cc9aa5f-e1d2-4f02-997e-94ce3c68c311 AUTO-SUBMITTED after 1 focus violation(s)
2026-09-24 16:15:01 | INFO     | exam.proctor                 | examiner-1c23fd50@test.edu ruled session 1169b0df-ea8c-4bbd-a8e6-2e84e14e380d as cleared
2026-09-24 16:15:01 | INFO     | exam.proctor                 | examiner-7dc670d9@test.edu ruled session da5a8953-9495-4193-b6b6-a0570d3e75ff as malpractice
2026-09-24 16:15:03 | INFO     | exam.proctor                 | examiner-0fd09f4e@test.edu ruled session 48036d06-db2e-43b9-ad09-5ea3b0890d24 as cleared
2026-09-24 16:15:04 | INFO     | exam.proctor                 | examiner-c0a962cd@test.edu ruled session eaf5dac4-e937-4c8b-8d66-04816b0b6b6a as malpractice
2026-09-24 16:15:06 | INFO     | exam.proctor                 | examiner-8e0e3d69@test.edu ruled session 5ebd9ad0-036d-4274-819c-8667ecf877f9 as malpractice
2026-09-24 16:15:07 | INFO     | exam.proctor                 | examiner-bfdf0bcb@test.edu ruled session fa1b94d2-76c5-4e1a-9df3-e63524c514ac as malpractice
2026-09-24 16:15:08 | INFO     | exam.proctor                 | examiner-7bafef99@test.edu ruled session b147a264-859f-4f71-aae9-cdc8e6f68849 as cleared
2026-09-24 16:15:34 | INFO     | exam.proctor                 | Proctor socket open for session 46710d84-73c9-4b7a-8c22-14e848d84633
2026-09-24 16:15:34 | INFO     | exam.proctor                 | Proctor socket closed for session 46710d84-73c9-4b7a-8c22-14e848d84633
2026-09-24 16:15:36 | INFO     | exam.proctor                 | Proctor socket open for session 51048955-838c-430b-9cb6-56a75f3ccd1a
2026-09-24 16:15:36 | INFO     | exam.proctor                 | Proctor socket closed for session 51048955-838c-430b-9cb6-56a75f3ccd1a
2026-09-24 16:15:37 | INFO     | exam.proctor                 | Proctor socket open for session e50923f6-69e0-4313-a04a-cc922376cd11
2026-09-24 16:15:37 | INFO     | exam.proctor                 | Proctor socket closed for session e50923f6-69e0-4313-a04a-cc922376cd11
2026-09-24 16:15:37 | INFO     | exam.proctor                 | Proctor socket open for session ec15851c-9849-42ce-ab06-cf2fd892454d
2026-09-24 16:15:37 | WARNING  | exam.proctor                 | Session ec15851c-9849-42ce-ab06-cf2fd892454d flagged: score=23.1 tab_switches=3 left_exam=3
2026-09-24 16:15:37 | WARNING  | exam.proctor                 | Session ec15851c-9849-42ce-ab06-cf2fd892454d AUTO-SUBMITTED after 3 focus violation(s)
2026-09-24 16:15:38 | INFO     | exam.proctor                 | Proctor socket open for session 447893d0-37f8-484f-9ba5-26c5756e8f5d
2026-09-24 16:15:38 | INFO     | exam.proctor                 | Proctor socket closed for session 447893d0-37f8-484f-9ba5-26c5756e8f5d
2026-09-24 16:15:38 | INFO     | exam.proctor                 | Proctor socket open for session e53a60b8-741e-4779-a42d-23632285fd98
2026-09-24 16:15:38 | INFO     | exam.proctor                 | Proctor socket closed for session e53a60b8-741e-4779-a42d-23632285fd98
2026-09-24 16:15:39 | INFO     | exam.proctor                 | Proctor socket open for session af532b4d-de2e-4db7-81fc-67dc4596fc24
2026-09-24 16:15:39 | INFO     | exam.proctor                 | Proctor socket closed for session af532b4d-de2e-4db7-81fc-67dc4596fc24
2026-09-24 16:15:39 | INFO     | exam.proctor                 | Proctor socket open for session 7f27d95a-1f30-4aab-83a3-b075c952ba53
2026-09-24 16:15:39 | INFO     | exam.proctor                 | Proctor socket closed for session 7f27d95a-1f30-4aab-83a3-b075c952ba53
2026-09-24 16:46:35 | WARNING  | exam.proctor                 | Session be19eb49-e23d-4ed6-aba9-672e469b0396 flagged: score=106.9 tab_switches=0 left_exam=0
2026-09-24 16:46:35 | WARNING  | exam.proctor                 | Session be19eb49-e23d-4ed6-aba9-672e469b0396 TERMINATED at score 106.9
2026-09-24 16:46:59 | WARNING  | exam.proctor                 | Session 98c0f458-4923-408c-8256-776a49eec0fb flagged: score=23.1 tab_switches=3 left_exam=3
2026-09-24 16:46:59 | WARNING  | exam.proctor                 | Session 98c0f458-4923-408c-8256-776a49eec0fb AUTO-SUBMITTED after 3 focus violation(s)
2026-09-24 16:47:00 | WARNING  | exam.proctor                 | Session 73b6f451-8fea-4d6c-86e8-44e4ed8c3570 flagged: score=24.0 tab_switches=1 left_exam=3
2026-09-24 16:47:00 | WARNING  | exam.proctor                 | Session 73b6f451-8fea-4d6c-86e8-44e4ed8c3570 AUTO-SUBMITTED after 3 focus violation(s)
2026-09-24 16:47:04 | WARNING  | exam.proctor                 | Session 422bbd02-6cf2-4929-88f7-6f96cdda3c09 flagged: score=23.1 tab_switches=3 left_exam=3
2026-09-24 16:47:04 | WARNING  | exam.proctor                 | Session 422bbd02-6cf2-4929-88f7-6f96cdda3c09 AUTO-SUBMITTED after 3 focus violation(s)
2026-09-24 16:47:06 | WARNING  | exam.proctor                 | Session 4a6ee591-0a1b-4429-8195-28a65785e31f flagged: score=23.1 tab_switches=3 left_exam=3
2026-09-24 16:47:06 | WARNING  | exam.proctor                 | Session 4a6ee591-0a1b-4429-8195-28a65785e31f AUTO-SUBMITTED after 3 focus violation(s)
2026-09-24 16:47:08 | WARNING  | exam.proctor                 | Session 0adc1a52-3db3-4da2-8dea-f260ea820c65 flagged: score=23.1 tab_switches=3 left_exam=3
2026-09-24 16:47:08 | WARNING  | exam.proctor                 | Session 0adc1a52-3db3-4da2-8dea-f260ea820c65 AUTO-SUBMITTED after 3 focus violation(s)
2026-09-24 16:47:10 | WARNING  | exam.proctor                 | Session 8b4b7011-7bc0-4bd2-9515-65c0bde2cd66 flagged: score=23.1 tab_switches=3 left_exam=3
2026-09-24 16:47:10 | WARNING  | exam.proctor                 | Session 8b4b7011-7bc0-4bd2-9515-65c0bde2cd66 AUTO-SUBMITTED after 3 focus violation(s)
2026-09-24 16:47:11 | WARNING  | exam.proctor                 | Session 89a18c2f-a0b3-41f2-9936-076f2bb3292f flagged: score=23.1 tab_switches=3 left_exam=3
2026-09-24 16:47:11 | WARNING  | exam.proctor                 | Session 89a18c2f-a0b3-41f2-9936-076f2bb3292f AUTO-SUBMITTED after 3 focus violation(s)
2026-09-24 16:47:12 | WARNING  | exam.proctor                 | Session e0b68555-eddb-423d-abb9-bec8c7439188 flagged: score=23.1 tab_switches=3 left_exam=3
2026-09-24 16:47:12 | WARNING  | exam.proctor                 | Session e0b68555-eddb-423d-abb9-bec8c7439188 AUTO-SUBMITTED after 3 focus violation(s)
2026-09-24 16:47:12 | INFO     | exam.proctor                 | examiner-616ceae3@test.edu ruled session e0b68555-eddb-423d-abb9-bec8c7439188 as cleared
2026-09-24 16:47:17 | WARNING  | exam.proctor                 | Session 142c4656-dd9c-4e9c-bdd8-231b4877a7be flagged: score=27.3 tab_switches=4 left_exam=4
2026-09-24 16:47:18 | WARNING  | exam.proctor                 | Session a8e9a369-90a3-4cbd-badf-de865beecb0b flagged: score=10.0 tab_switches=1 left_exam=1
2026-09-24 16:47:18 | WARNING  | exam.proctor                 | Session a8e9a369-90a3-4cbd-badf-de865beecb0b AUTO-SUBMITTED after 1 focus violation(s)
2026-09-24 16:47:28 | INFO     | exam.proctor                 | examiner-a85e7732@test.edu ruled session 086dd565-37f8-4a9c-94e7-3fb040ff69c1 as cleared
2026-09-24 16:47:29 | INFO     | exam.proctor                 | examiner-ddee6254@test.edu ruled session a3ab9467-03b2-4343-9597-b8314f9959d7 as malpractice
2026-09-24 16:47:33 | INFO     | exam.proctor                 | examiner-d9e715ca@test.edu ruled session 956c3eaa-3a1c-407f-a13f-cd8fe9a0a6c5 as cleared
2026-09-24 16:47:35 | INFO     | exam.proctor                 | examiner-a3a79344@test.edu ruled session d700e9d0-dfca-4d82-b3b1-546a566aaea2 as malpractice
2026-09-24 16:47:40 | INFO     | exam.proctor                 | examiner-8b7ced74@test.edu ruled session 8c24b628-721c-4042-878b-8c3423ce071b as malpractice
2026-09-24 16:47:42 | INFO     | exam.proctor                 | examiner-73592160@test.edu ruled session c3894fdf-19b9-4970-b823-009634cc66a6 as malpractice
2026-09-24 16:47:44 | INFO     | exam.proctor                 | examiner-55cf242f@test.edu ruled session 8ac6f716-62a8-4d59-9abf-d2a599dfe4a4 as cleared
2026-09-24 16:48:43 | INFO     | exam.proctor                 | Proctor socket open for session fa98a652-2c37-4303-9060-9b1efeb96fc3
2026-09-24 16:48:43 | INFO     | exam.proctor                 | Proctor socket closed for session fa98a652-2c37-4303-9060-9b1efeb96fc3
2026-09-24 16:48:49 | INFO     | exam.proctor                 | Proctor socket open for session 82ff330e-eb62-4168-aca6-0dd9c6ddd051
2026-09-24 16:48:49 | INFO     | exam.proctor                 | Proctor socket closed for session 82ff330e-eb62-4168-aca6-0dd9c6ddd051
2026-09-24 16:48:50 | INFO     | exam.proctor                 | Proctor socket open for session 42069252-271f-4bbf-9377-638f9a8f6153
2026-09-24 16:48:50 | INFO     | exam.proctor                 | Proctor socket closed for session 42069252-271f-4bbf-9377-638f9a8f6153
2026-09-24 16:48:51 | INFO     | exam.proctor                 | Proctor socket open for session 389b3e7c-d488-4da6-8819-516a2b7367b5
2026-09-24 16:48:51 | WARNING  | exam.proctor                 | Session 389b3e7c-d488-4da6-8819-516a2b7367b5 flagged: score=23.1 tab_switches=3 left_exam=3
2026-09-24 16:48:52 | WARNING  | exam.proctor                 | Session 389b3e7c-d488-4da6-8819-516a2b7367b5 AUTO-SUBMITTED after 3 focus violation(s)
2026-09-24 16:48:53 | INFO     | exam.proctor                 | Proctor socket open for session c0df3ca6-6dd2-4ae7-b903-59c1f409613e
2026-09-24 16:48:53 | INFO     | exam.proctor                 | Proctor socket closed for session c0df3ca6-6dd2-4ae7-b903-59c1f409613e
2026-09-24 16:48:54 | INFO     | exam.proctor                 | Proctor socket open for session fa211f49-ae91-415e-9a2f-abaf0189ab50
2026-09-24 16:48:54 | INFO     | exam.proctor                 | Proctor socket closed for session fa211f49-ae91-415e-9a2f-abaf0189ab50
2026-09-24 16:48:55 | INFO     | exam.proctor                 | Proctor socket open for session 0bbd5212-5539-4c73-9255-abc418a9214e
2026-09-24 16:48:55 | INFO     | exam.proctor                 | Proctor socket closed for session 0bbd5212-5539-4c73-9255-abc418a9214e
2026-09-24 16:48:56 | INFO     | exam.proctor                 | Proctor socket open for session d1707516-9eca-4d75-8439-624856b0557d
2026-09-24 16:48:56 | INFO     | exam.proctor                 | Proctor socket closed for session d1707516-9eca-4d75-8439-624856b0557d
2026-09-24 16:50:41 | WARNING  | exam.proctor                 | Session 2e80dbd5-0ffd-456d-8e16-39bd05b01211 flagged: score=106.9 tab_switches=0 left_exam=0
2026-09-24 16:50:41 | WARNING  | exam.proctor                 | Session 2e80dbd5-0ffd-456d-8e16-39bd05b01211 TERMINATED at score 106.9
2026-09-24 16:50:58 | WARNING  | exam.proctor                 | Session b27c8e5a-6ae9-4f64-b259-9364756d65bf flagged: score=23.1 tab_switches=3 left_exam=3
2026-09-24 16:50:58 | WARNING  | exam.proctor                 | Session b27c8e5a-6ae9-4f64-b259-9364756d65bf AUTO-SUBMITTED after 3 focus violation(s)
2026-09-24 16:50:59 | WARNING  | exam.proctor                 | Session 5cacb828-937f-42e7-899d-88da53405e08 flagged: score=24.0 tab_switches=1 left_exam=3
2026-09-24 16:50:59 | WARNING  | exam.proctor                 | Session 5cacb828-937f-42e7-899d-88da53405e08 AUTO-SUBMITTED after 3 focus violation(s)
2026-09-24 16:50:59 | WARNING  | exam.proctor                 | Session a8db1eac-c58b-4a14-86f5-597840c0e637 flagged: score=23.1 tab_switches=3 left_exam=3
2026-09-24 16:51:00 | WARNING  | exam.proctor                 | Session a8db1eac-c58b-4a14-86f5-597840c0e637 AUTO-SUBMITTED after 3 focus violation(s)
2026-09-24 16:51:00 | WARNING  | exam.proctor                 | Session 5b79a649-6945-4691-9a42-79827a859297 flagged: score=23.1 tab_switches=3 left_exam=3
2026-09-24 16:51:00 | WARNING  | exam.proctor                 | Session 5b79a649-6945-4691-9a42-79827a859297 AUTO-SUBMITTED after 3 focus violation(s)
2026-09-24 16:51:00 | WARNING  | exam.proctor                 | Session e78788c6-fb2a-4bda-a7f0-08734c767be4 flagged: score=23.1 tab_switches=3 left_exam=3
2026-09-24 16:51:00 | WARNING  | exam.proctor                 | Session e78788c6-fb2a-4bda-a7f0-08734c767be4 AUTO-SUBMITTED after 3 focus violation(s)
2026-09-24 16:51:01 | WARNING  | exam.proctor                 | Session 880a3867-6149-4d63-8531-ee0253f9ad46 flagged: score=23.1 tab_switches=3 left_exam=3
2026-09-24 16:51:01 | WARNING  | exam.proctor                 | Session 880a3867-6149-4d63-8531-ee0253f9ad46 AUTO-SUBMITTED after 3 focus violation(s)
2026-09-24 16:51:01 | WARNING  | exam.proctor                 | Session 484c7ec4-eccb-4f6f-bceb-bb18c37748a9 flagged: score=23.1 tab_switches=3 left_exam=3
2026-09-24 16:51:01 | WARNING  | exam.proctor                 | Session 484c7ec4-eccb-4f6f-bceb-bb18c37748a9 AUTO-SUBMITTED after 3 focus violation(s)
2026-09-24 16:51:02 | WARNING  | exam.proctor                 | Session bcb7ca99-cd85-4b5a-9efb-ed79c20f4de3 flagged: score=23.1 tab_switches=3 left_exam=3
2026-09-24 16:51:02 | WARNING  | exam.proctor                 | Session bcb7ca99-cd85-4b5a-9efb-ed79c20f4de3 AUTO-SUBMITTED after 3 focus violation(s)
2026-09-24 16:51:02 | INFO     | exam.proctor                 | examiner-f2ff64bb@test.edu ruled session bcb7ca99-cd85-4b5a-9efb-ed79c20f4de3 as cleared
2026-09-24 16:51:04 | WARNING  | exam.proctor                 | Session cdfa143c-f9d4-4548-85da-b78a62f97027 flagged: score=27.3 tab_switches=4 left_exam=4
2026-09-24 16:51:04 | WARNING  | exam.proctor                 | Session 3dcbdbb0-4c06-4ac6-9db4-36638a4fc9ac flagged: score=10.0 tab_switches=1 left_exam=1
2026-09-24 16:51:04 | WARNING  | exam.proctor                 | Session 3dcbdbb0-4c06-4ac6-9db4-36638a4fc9ac AUTO-SUBMITTED after 1 focus violation(s)
2026-09-24 16:51:09 | INFO     | exam.proctor                 | examiner-7416c315@test.edu ruled session 7b6fdbbb-e859-4ade-bb3d-7c44f61d77dd as cleared
2026-09-24 16:51:09 | INFO     | exam.proctor                 | examiner-02c412f7@test.edu ruled session 9826d65e-197a-468b-b4e9-4d41c97ec6cc as malpractice
2026-09-24 16:51:11 | INFO     | exam.proctor                 | examiner-36940282@test.edu ruled session 0188fe96-aefc-4605-ad37-61b1f288ef66 as cleared
2026-09-24 16:51:12 | INFO     | exam.proctor                 | examiner-3a9daa12@test.edu ruled session 334fa716-fdee-40b1-a29c-b53dd7de209d as malpractice
2026-09-24 16:51:13 | INFO     | exam.proctor                 | examiner-53ae5d7d@test.edu ruled session 8cf5f72b-462a-4aa6-9a37-3875ec76d298 as malpractice
2026-09-24 16:51:15 | INFO     | exam.proctor                 | examiner-417853c6@test.edu ruled session f35386d3-1a5b-4ced-b077-7bd66d8d7978 as malpractice
2026-09-24 16:51:15 | INFO     | exam.proctor                 | examiner-77777cbd@test.edu ruled session c0ae2e01-97b2-4d5d-b006-f7a76ae3e542 as cleared
2026-09-24 16:51:37 | INFO     | exam.proctor                 | Proctor socket open for session 20e809f7-76e3-4054-86cf-31d0f5070e70
2026-09-24 16:51:37 | INFO     | exam.proctor                 | Proctor socket closed for session 20e809f7-76e3-4054-86cf-31d0f5070e70
2026-09-24 16:51:40 | INFO     | exam.proctor                 | Proctor socket open for session f8f4598d-71b3-4638-806f-ae03aa678c19
2026-09-24 16:51:40 | INFO     | exam.proctor                 | Proctor socket closed for session f8f4598d-71b3-4638-806f-ae03aa678c19
2026-09-24 16:51:40 | INFO     | exam.proctor                 | Proctor socket open for session d01c6d1c-272e-4abf-9d51-d844678fd35f
2026-09-24 16:51:40 | INFO     | exam.proctor                 | Proctor socket closed for session d01c6d1c-272e-4abf-9d51-d844678fd35f
2026-09-24 16:51:40 | INFO     | exam.proctor                 | Proctor socket open for session 022b9a21-096c-4a43-8369-cdfa3e76b6a5
2026-09-24 16:51:40 | WARNING  | exam.proctor                 | Session 022b9a21-096c-4a43-8369-cdfa3e76b6a5 flagged: score=23.1 tab_switches=3 left_exam=3
2026-09-24 16:51:41 | WARNING  | exam.proctor                 | Session 022b9a21-096c-4a43-8369-cdfa3e76b6a5 AUTO-SUBMITTED after 3 focus violation(s)
2026-09-24 16:51:41 | INFO     | exam.proctor                 | Proctor socket open for session 9e4c75d4-175a-45a7-99fb-c4fe3374e0b8
2026-09-24 16:51:41 | INFO     | exam.proctor                 | Proctor socket closed for session 9e4c75d4-175a-45a7-99fb-c4fe3374e0b8
2026-09-24 16:51:41 | INFO     | exam.proctor                 | Proctor socket open for session 2f03f3f9-ca21-458c-a0b3-9ee0780b7c63
2026-09-24 16:51:41 | INFO     | exam.proctor                 | Proctor socket closed for session 2f03f3f9-ca21-458c-a0b3-9ee0780b7c63
2026-09-24 16:51:42 | INFO     | exam.proctor                 | Proctor socket open for session 82a30153-341d-434f-ac5c-71c9aaa456f9
2026-09-24 16:51:42 | INFO     | exam.proctor                 | Proctor socket closed for session 82a30153-341d-434f-ac5c-71c9aaa456f9
2026-09-24 16:51:42 | INFO     | exam.proctor                 | Proctor socket open for session ec4b25cf-d1a1-47d8-9be6-de07a2181bbd
2026-09-24 16:51:42 | INFO     | exam.proctor                 | Proctor socket closed for session ec4b25cf-d1a1-47d8-9be6-de07a2181bbd
2026-09-25 01:55:18 | WARNING  | exam.proctor                 | Session 594ff3a6-e769-497e-8f0e-6fc42a2a2b33 flagged: score=106.9 tab_switches=0 left_exam=0
2026-09-25 01:55:18 | WARNING  | exam.proctor                 | Session 594ff3a6-e769-497e-8f0e-6fc42a2a2b33 TERMINATED at score 106.9
2026-09-25 01:56:06 | WARNING  | exam.proctor                 | Session 942e7a1a-66a2-46d7-8b4e-cccf5af1f756 flagged: score=106.9 tab_switches=0 left_exam=0
2026-09-25 01:56:06 | WARNING  | exam.proctor                 | Session 942e7a1a-66a2-46d7-8b4e-cccf5af1f756 TERMINATED at score 106.9
2026-09-25 01:56:21 | WARNING  | exam.proctor                 | Session f65af5c3-41c2-4c84-befe-d4d2782594e1 flagged: score=23.1 tab_switches=3 left_exam=3
2026-09-25 01:56:21 | WARNING  | exam.proctor                 | Session f65af5c3-41c2-4c84-befe-d4d2782594e1 AUTO-SUBMITTED after 3 focus violation(s)
2026-09-25 01:56:22 | WARNING  | exam.proctor                 | Session d0ebb021-2a3f-41b3-a6a3-e439c5ef0dce flagged: score=24.0 tab_switches=1 left_exam=3
2026-09-25 01:56:22 | WARNING  | exam.proctor                 | Session d0ebb021-2a3f-41b3-a6a3-e439c5ef0dce AUTO-SUBMITTED after 3 focus violation(s)
2026-09-25 01:56:22 | WARNING  | exam.proctor                 | Session 1ca40c99-fba7-4bc8-bed2-61f699f69345 flagged: score=23.1 tab_switches=3 left_exam=3
2026-09-25 01:56:22 | WARNING  | exam.proctor                 | Session 1ca40c99-fba7-4bc8-bed2-61f699f69345 AUTO-SUBMITTED after 3 focus violation(s)
2026-09-25 01:56:23 | WARNING  | exam.proctor                 | Session 67b080d5-269b-407d-b90e-a5e68258d203 flagged: score=23.1 tab_switches=3 left_exam=3
2026-09-25 01:56:23 | WARNING  | exam.proctor                 | Session 67b080d5-269b-407d-b90e-a5e68258d203 AUTO-SUBMITTED after 3 focus violation(s)
2026-09-25 01:56:23 | WARNING  | exam.proctor                 | Session 6b737d21-aeff-45c1-803d-c2c14223766c flagged: score=23.1 tab_switches=3 left_exam=3
2026-09-25 01:56:23 | WARNING  | exam.proctor                 | Session 6b737d21-aeff-45c1-803d-c2c14223766c AUTO-SUBMITTED after 3 focus violation(s)
2026-09-25 01:56:25 | WARNING  | exam.proctor                 | Session 5751af19-d7d2-4c78-8842-252cad215974 flagged: score=23.1 tab_switches=3 left_exam=3
2026-09-25 01:56:25 | WARNING  | exam.proctor                 | Session 5751af19-d7d2-4c78-8842-252cad215974 AUTO-SUBMITTED after 3 focus violation(s)
2026-09-25 01:56:25 | WARNING  | exam.proctor                 | Session 2788cb46-9862-4cb4-9399-f81f254e7a54 flagged: score=23.1 tab_switches=3 left_exam=3
2026-09-25 01:56:25 | WARNING  | exam.proctor                 | Session 2788cb46-9862-4cb4-9399-f81f254e7a54 AUTO-SUBMITTED after 3 focus violation(s)
2026-09-25 01:56:26 | WARNING  | exam.proctor                 | Session b53b4e41-0951-4ea7-a7bf-9a36beee4538 flagged: score=23.1 tab_switches=3 left_exam=3
2026-09-25 01:56:26 | WARNING  | exam.proctor                 | Session b53b4e41-0951-4ea7-a7bf-9a36beee4538 AUTO-SUBMITTED after 3 focus violation(s)
2026-09-25 01:56:26 | INFO     | exam.proctor                 | examiner-fffdb94d@test.edu ruled session b53b4e41-0951-4ea7-a7bf-9a36beee4538 as cleared
2026-09-25 01:56:27 | WARNING  | exam.proctor                 | Session 159875e2-606e-4980-bb48-77002613c3d4 flagged: score=27.3 tab_switches=4 left_exam=4
2026-09-25 01:56:28 | WARNING  | exam.proctor                 | Session 4f9d5496-9b29-421d-b02d-05f0feffedc7 flagged: score=10.0 tab_switches=1 left_exam=1
2026-09-25 01:56:28 | WARNING  | exam.proctor                 | Session 4f9d5496-9b29-421d-b02d-05f0feffedc7 AUTO-SUBMITTED after 1 focus violation(s)
2026-09-25 01:56:31 | INFO     | exam.proctor                 | examiner-ce40c1cc@test.edu ruled session 9cae7daa-88d8-4ae8-b348-c7a30605d542 as cleared
2026-09-25 01:56:32 | INFO     | exam.proctor                 | examiner-7cf8b156@test.edu ruled session 09bfcfc4-04a8-4d56-b52a-bb27f9d6d04a as malpractice
2026-09-25 01:56:34 | INFO     | exam.proctor                 | examiner-45e3f1f0@test.edu ruled session 17883140-c338-431b-b938-1227a12aeae6 as cleared
2026-09-25 01:56:35 | INFO     | exam.proctor                 | examiner-01a401f9@test.edu ruled session 41f0bd71-1790-4cad-a1c3-131bec9d924d as malpractice
2026-09-25 01:56:36 | INFO     | exam.proctor                 | examiner-6739f118@test.edu ruled session 01d702c0-7014-48af-a55b-8d8eb9f75595 as malpractice
2026-09-25 01:56:38 | INFO     | exam.proctor                 | examiner-db6ca7cf@test.edu ruled session 7e91097f-39a8-412d-927d-b0b45e24d396 as malpractice
2026-09-25 01:56:38 | INFO     | exam.proctor                 | examiner-108da80b@test.edu ruled session 30955b03-29f7-406d-b966-ec375861389c as cleared
2026-09-25 01:57:06 | INFO     | exam.proctor                 | Proctor socket open for session 551baafa-f856-420b-a048-96b6c2989c61
2026-09-25 01:57:06 | INFO     | exam.proctor                 | Proctor socket closed for session 551baafa-f856-420b-a048-96b6c2989c61
2026-09-25 01:57:08 | INFO     | exam.proctor                 | Proctor socket open for session def9f7be-e07d-46a9-b68f-092eb9ea71b5
2026-09-25 01:57:08 | INFO     | exam.proctor                 | Proctor socket closed for session def9f7be-e07d-46a9-b68f-092eb9ea71b5
2026-09-25 01:57:08 | INFO     | exam.proctor                 | Proctor socket open for session df9752ac-dc5d-43a5-9359-e687285912e3
2026-09-25 01:57:08 | INFO     | exam.proctor                 | Proctor socket closed for session df9752ac-dc5d-43a5-9359-e687285912e3
2026-09-25 01:57:08 | INFO     | exam.proctor                 | Proctor socket open for session 24a89368-0f3d-4b4c-a772-67a58587c2bf
2026-09-25 01:57:08 | WARNING  | exam.proctor                 | Session 24a89368-0f3d-4b4c-a772-67a58587c2bf flagged: score=23.1 tab_switches=3 left_exam=3
2026-09-25 01:57:08 | WARNING  | exam.proctor                 | Session 24a89368-0f3d-4b4c-a772-67a58587c2bf AUTO-SUBMITTED after 3 focus violation(s)
2026-09-25 01:57:09 | INFO     | exam.proctor                 | Proctor socket open for session 3e3dc41e-431e-466d-b914-51fbd7400f72
2026-09-25 01:57:09 | INFO     | exam.proctor                 | Proctor socket closed for session 3e3dc41e-431e-466d-b914-51fbd7400f72
2026-09-25 01:57:09 | INFO     | exam.proctor                 | Proctor socket open for session 166364e1-4d5e-489b-83d1-afc282ae261f
2026-09-25 01:57:09 | INFO     | exam.proctor                 | Proctor socket closed for session 166364e1-4d5e-489b-83d1-afc282ae261f
2026-09-25 01:57:09 | INFO     | exam.proctor                 | Proctor socket open for session 1c0f3224-4eff-436f-8c36-1253b2326020
2026-09-25 01:57:09 | INFO     | exam.proctor                 | Proctor socket closed for session 1c0f3224-4eff-436f-8c36-1253b2326020
2026-09-25 01:57:10 | INFO     | exam.proctor                 | Proctor socket open for session 9611e89d-7aaf-4ef1-850e-261625055400
2026-09-25 01:57:10 | INFO     | exam.proctor                 | Proctor socket closed for session 9611e89d-7aaf-4ef1-850e-261625055400
2026-09-25 02:01:42 | WARNING  | exam.proctor                 | Session 1848ce73-a7ab-4148-a09e-267a6008f992 flagged: score=106.9 tab_switches=0 left_exam=0
2026-09-25 02:01:42 | WARNING  | exam.proctor                 | Session 1848ce73-a7ab-4148-a09e-267a6008f992 TERMINATED at score 106.9
2026-09-25 02:01:54 | WARNING  | exam.proctor                 | Session 5bd84de2-6932-4fff-a96d-f4b088436004 flagged: score=23.1 tab_switches=3 left_exam=3
2026-09-25 02:01:54 | WARNING  | exam.proctor                 | Session 5bd84de2-6932-4fff-a96d-f4b088436004 AUTO-SUBMITTED after 3 focus violation(s)
2026-09-25 02:01:55 | WARNING  | exam.proctor                 | Session 309a3283-f586-4682-b13f-5d974806f444 flagged: score=24.0 tab_switches=1 left_exam=3
2026-09-25 02:01:55 | WARNING  | exam.proctor                 | Session 309a3283-f586-4682-b13f-5d974806f444 AUTO-SUBMITTED after 3 focus violation(s)
2026-09-25 02:01:55 | WARNING  | exam.proctor                 | Session 7cb1929f-e3f9-4ba0-a99f-6231fe700563 flagged: score=23.1 tab_switches=3 left_exam=3
2026-09-25 02:01:55 | WARNING  | exam.proctor                 | Session 7cb1929f-e3f9-4ba0-a99f-6231fe700563 AUTO-SUBMITTED after 3 focus violation(s)
2026-09-25 02:01:55 | WARNING  | exam.proctor                 | Session 88a8bff5-6819-4910-b251-15afb095a278 flagged: score=23.1 tab_switches=3 left_exam=3
2026-09-25 02:01:55 | WARNING  | exam.proctor                 | Session 88a8bff5-6819-4910-b251-15afb095a278 AUTO-SUBMITTED after 3 focus violation(s)
2026-09-25 02:01:56 | WARNING  | exam.proctor                 | Session a96e49ac-3a6d-46e8-92d7-188af9289eab flagged: score=23.1 tab_switches=3 left_exam=3
2026-09-25 02:01:56 | WARNING  | exam.proctor                 | Session a96e49ac-3a6d-46e8-92d7-188af9289eab AUTO-SUBMITTED after 3 focus violation(s)
2026-09-25 02:01:56 | WARNING  | exam.proctor                 | Session cdf1f277-a100-42d2-a356-791d2585b414 flagged: score=23.1 tab_switches=3 left_exam=3
2026-09-25 02:01:56 | WARNING  | exam.proctor                 | Session cdf1f277-a100-42d2-a356-791d2585b414 AUTO-SUBMITTED after 3 focus violation(s)
2026-09-25 02:01:56 | WARNING  | exam.proctor                 | Session d90d832d-6cf2-4856-89dd-1301f4e2ddbe flagged: score=23.1 tab_switches=3 left_exam=3
2026-09-25 02:01:56 | WARNING  | exam.proctor                 | Session d90d832d-6cf2-4856-89dd-1301f4e2ddbe AUTO-SUBMITTED after 3 focus violation(s)
2026-09-25 02:01:57 | WARNING  | exam.proctor                 | Session f6b0372a-aa67-44a5-8d57-31f9e419461e flagged: score=23.1 tab_switches=3 left_exam=3
2026-09-25 02:01:57 | WARNING  | exam.proctor                 | Session f6b0372a-aa67-44a5-8d57-31f9e419461e AUTO-SUBMITTED after 3 focus violation(s)
2026-09-25 02:01:57 | INFO     | exam.proctor                 | examiner-3868cb13@test.edu ruled session f6b0372a-aa67-44a5-8d57-31f9e419461e as cleared
2026-09-25 02:01:58 | WARNING  | exam.proctor                 | Session 060f674b-ef0a-40f0-9c68-0f33e3256f7f flagged: score=27.3 tab_switches=4 left_exam=4
2026-09-25 02:01:58 | WARNING  | exam.proctor                 | Session a3d7af83-b594-49e7-a6ae-0bd5ac9fa726 flagged: score=10.0 tab_switches=1 left_exam=1
2026-09-25 02:01:58 | WARNING  | exam.proctor                 | Session a3d7af83-b594-49e7-a6ae-0bd5ac9fa726 AUTO-SUBMITTED after 1 focus violation(s)
2026-09-25 02:02:01 | INFO     | exam.proctor                 | examiner-9d441ac2@test.edu ruled session 5962dced-7563-4c8f-b68b-d8b4cd4b2f83 as cleared
2026-09-25 02:02:01 | INFO     | exam.proctor                 | examiner-9ab296a1@test.edu ruled session feafb1b0-0af8-4997-b59d-e2fe85f0f637 as malpractice
2026-09-25 02:02:02 | INFO     | exam.proctor                 | examiner-84cc4856@test.edu ruled session 1d76d395-de80-4780-b9fe-f8a68d3b3bd5 as cleared
2026-09-25 02:02:03 | INFO     | exam.proctor                 | examiner-4364c177@test.edu ruled session 6c86aa84-c829-4249-a49a-d8d54b84de6b as malpractice
2026-09-25 02:02:04 | INFO     | exam.proctor                 | examiner-e3db64d5@test.edu ruled session 8f97dcee-bef7-41d3-96d3-65e6e3ef2da2 as malpractice
2026-09-25 02:02:05 | INFO     | exam.proctor                 | examiner-68c44cce@test.edu ruled session 8542daf2-8a53-4cb9-95dc-cd87b68f6e61 as malpractice
2026-09-25 02:02:05 | INFO     | exam.proctor                 | examiner-75c73bf6@test.edu ruled session c4840113-eb2f-42dd-ba48-71da5802b0c7 as cleared
2026-09-25 02:02:25 | INFO     | exam.proctor                 | Proctor socket open for session 8558f5b1-f0b1-4b4f-be4c-bf3839c28de7
2026-09-25 02:02:25 | INFO     | exam.proctor                 | Proctor socket closed for session 8558f5b1-f0b1-4b4f-be4c-bf3839c28de7
2026-09-25 02:02:27 | INFO     | exam.proctor                 | Proctor socket open for session 3a1f3c81-06ab-4d66-8439-acbae8aaa698
2026-09-25 02:02:27 | INFO     | exam.proctor                 | Proctor socket closed for session 3a1f3c81-06ab-4d66-8439-acbae8aaa698
2026-09-25 02:02:27 | INFO     | exam.proctor                 | Proctor socket open for session 864ebc29-2ded-4b2a-b6c3-147652fe39d0
2026-09-25 02:02:27 | INFO     | exam.proctor                 | Proctor socket closed for session 864ebc29-2ded-4b2a-b6c3-147652fe39d0
2026-09-25 02:02:27 | INFO     | exam.proctor                 | Proctor socket open for session 9e47b227-6462-4433-aff6-25268f3b7c6c
2026-09-25 02:02:27 | WARNING  | exam.proctor                 | Session 9e47b227-6462-4433-aff6-25268f3b7c6c flagged: score=23.1 tab_switches=3 left_exam=3
2026-09-25 02:02:27 | WARNING  | exam.proctor                 | Session 9e47b227-6462-4433-aff6-25268f3b7c6c AUTO-SUBMITTED after 3 focus violation(s)
2026-09-25 02:02:28 | INFO     | exam.proctor                 | Proctor socket open for session 439ef480-597d-4766-a798-773043d321f1
2026-09-25 02:02:28 | INFO     | exam.proctor                 | Proctor socket closed for session 439ef480-597d-4766-a798-773043d321f1
2026-09-25 02:02:28 | INFO     | exam.proctor                 | Proctor socket open for session b5423c0a-2bc7-432e-a5ee-6fcd37dc277a
2026-09-25 02:02:28 | INFO     | exam.proctor                 | Proctor socket closed for session b5423c0a-2bc7-432e-a5ee-6fcd37dc277a
2026-09-25 02:02:28 | INFO     | exam.proctor                 | Proctor socket open for session 8db69479-83ed-407e-89dc-d5c2a73052b8
2026-09-25 02:02:28 | INFO     | exam.proctor                 | Proctor socket closed for session 8db69479-83ed-407e-89dc-d5c2a73052b8
2026-09-25 02:02:28 | INFO     | exam.proctor                 | Proctor socket open for session ca4c2ca9-2f42-45ec-8609-baa26ef0899f
2026-09-25 02:02:28 | INFO     | exam.proctor                 | Proctor socket closed for session ca4c2ca9-2f42-45ec-8609-baa26ef0899f
2026-09-25 02:23:09 | INFO     | exam.proctor                 | Proctor socket open for session d34a3613-7f66-4a4d-934d-122ef005a349
2026-09-25 02:23:09 | INFO     | exam.proctor                 | Proctor socket closed for session d34a3613-7f66-4a4d-934d-122ef005a349
2026-09-25 02:23:09 | INFO     | exam.proctor                 | Proctor socket open for session d34a3613-7f66-4a4d-934d-122ef005a349
2026-09-25 02:23:27 | INFO     | exam.proctor                 | Proctor socket closed for session d34a3613-7f66-4a4d-934d-122ef005a349
2026-09-25 02:23:27 | INFO     | exam.proctor                 | Proctor socket open for session d34a3613-7f66-4a4d-934d-122ef005a349
2026-09-25 02:23:37 | INFO     | exam.proctor                 | Proctor socket closed for session d34a3613-7f66-4a4d-934d-122ef005a349
2026-09-25 02:23:37 | INFO     | exam.proctor                 | Proctor socket open for session d34a3613-7f66-4a4d-934d-122ef005a349
2026-09-25 02:24:29 | INFO     | exam.proctor                 | Proctor socket closed for session d34a3613-7f66-4a4d-934d-122ef005a349
2026-09-25 13:58:14 | WARNING  | exam.proctor                 | Session cba0db8b-4ee1-4271-9158-2de5668bab89 flagged: score=106.9 tab_switches=0 left_exam=0
2026-09-25 13:58:14 | WARNING  | exam.proctor                 | Session cba0db8b-4ee1-4271-9158-2de5668bab89 TERMINATED at score 106.9
2026-09-25 13:58:38 | WARNING  | exam.proctor                 | Session b6038d3e-8f03-469e-821b-2ad790f65ccc flagged: score=106.9 tab_switches=0 left_exam=0
2026-09-25 13:58:38 | WARNING  | exam.proctor                 | Session b6038d3e-8f03-469e-821b-2ad790f65ccc TERMINATED at score 106.9
2026-09-25 14:09:13 | WARNING  | exam.proctor                 | Session 4515fd2c-3fc6-481f-9564-d24154cbb4b5 flagged: score=106.9 tab_switches=0 left_exam=0
2026-09-25 14:09:13 | WARNING  | exam.proctor                 | Session 4515fd2c-3fc6-481f-9564-d24154cbb4b5 TERMINATED at score 106.9
2026-09-25 14:09:25 | WARNING  | exam.proctor                 | Session 040ef642-588d-47b1-a573-aa000cba4aa1 flagged: score=23.1 tab_switches=3 left_exam=3
2026-09-25 14:09:25 | WARNING  | exam.proctor                 | Session 040ef642-588d-47b1-a573-aa000cba4aa1 AUTO-SUBMITTED after 3 focus violation(s)
2026-09-25 14:09:25 | WARNING  | exam.proctor                 | Session 91d30e53-a24d-464f-ac14-95053615f689 flagged: score=24.0 tab_switches=1 left_exam=3
2026-09-25 14:09:25 | WARNING  | exam.proctor                 | Session 91d30e53-a24d-464f-ac14-95053615f689 AUTO-SUBMITTED after 3 focus violation(s)
2026-09-25 14:09:25 | WARNING  | exam.proctor                 | Session b0163840-11d3-4a0f-ba0f-2b90bbcc5f32 flagged: score=23.1 tab_switches=3 left_exam=3
2026-09-25 14:09:25 | WARNING  | exam.proctor                 | Session b0163840-11d3-4a0f-ba0f-2b90bbcc5f32 AUTO-SUBMITTED after 3 focus violation(s)
2026-09-25 14:09:26 | WARNING  | exam.proctor                 | Session e591824e-456c-4f56-9170-6eae7aa33988 flagged: score=23.1 tab_switches=3 left_exam=3
2026-09-25 14:09:26 | WARNING  | exam.proctor                 | Session e591824e-456c-4f56-9170-6eae7aa33988 AUTO-SUBMITTED after 3 focus violation(s)
2026-09-25 14:09:26 | WARNING  | exam.proctor                 | Session 66072390-746b-4a18-96c5-49f1c7b35909 flagged: score=23.1 tab_switches=3 left_exam=3
2026-09-25 14:09:26 | WARNING  | exam.proctor                 | Session 66072390-746b-4a18-96c5-49f1c7b35909 AUTO-SUBMITTED after 3 focus violation(s)
2026-09-25 14:09:26 | WARNING  | exam.proctor                 | Session 07aed78e-0d29-46d6-b8a0-dbbf7db21239 flagged: score=23.1 tab_switches=3 left_exam=3
2026-09-25 14:09:26 | WARNING  | exam.proctor                 | Session 07aed78e-0d29-46d6-b8a0-dbbf7db21239 AUTO-SUBMITTED after 3 focus violation(s)
2026-09-25 14:09:27 | WARNING  | exam.proctor                 | Session e2973af6-b0d6-441b-9d35-f04af1212b54 flagged: score=23.1 tab_switches=3 left_exam=3
2026-09-25 14:09:27 | WARNING  | exam.proctor                 | Session e2973af6-b0d6-441b-9d35-f04af1212b54 AUTO-SUBMITTED after 3 focus violation(s)
2026-09-25 14:09:27 | WARNING  | exam.proctor                 | Session 1de401f6-7d60-491d-99a7-dd0d076f3408 flagged: score=23.1 tab_switches=3 left_exam=3
2026-09-25 14:09:27 | WARNING  | exam.proctor                 | Session 1de401f6-7d60-491d-99a7-dd0d076f3408 AUTO-SUBMITTED after 3 focus violation(s)
2026-09-25 14:09:27 | INFO     | exam.proctor                 | examiner-7b7a6968@test.edu ruled session 1de401f6-7d60-491d-99a7-dd0d076f3408 as cleared
2026-09-25 14:09:28 | WARNING  | exam.proctor                 | Session 59d1b1b7-794c-4bb8-8ba9-f7c1f2c08513 flagged: score=27.3 tab_switches=4 left_exam=4
2026-09-25 14:09:29 | WARNING  | exam.proctor                 | Session 7c60a682-9d85-4c22-af4a-deab5f3425b7 flagged: score=10.0 tab_switches=1 left_exam=1
2026-09-25 14:09:29 | WARNING  | exam.proctor                 | Session 7c60a682-9d85-4c22-af4a-deab5f3425b7 AUTO-SUBMITTED after 1 focus violation(s)
2026-09-25 14:09:31 | INFO     | exam.proctor                 | examiner-7041b66d@test.edu ruled session c0a906f4-9d3b-4a36-8787-8ae2361dfbb5 as cleared
2026-09-25 14:09:32 | INFO     | exam.proctor                 | examiner-271e3543@test.edu ruled session 0e4d3748-7e9b-4db4-8e1f-aa49ae721752 as malpractice
2026-09-25 14:09:33 | INFO     | exam.proctor                 | examiner-6bac9746@test.edu ruled session 0d78e955-2e21-4b94-8a76-bb1f1cd11ea6 as cleared
2026-09-25 14:09:33 | INFO     | exam.proctor                 | examiner-ec87fd88@test.edu ruled session 7487c29e-9bce-4945-b9b2-1bdba8b28d9e as malpractice
2026-09-25 14:09:35 | INFO     | exam.proctor                 | examiner-c69b803c@test.edu ruled session ca0222bf-c469-42c5-9f14-1b436dd1c782 as malpractice
2026-09-25 14:09:36 | INFO     | exam.proctor                 | examiner-b803d412@test.edu ruled session 673a7188-8f29-429b-9f18-bb5c87c65125 as malpractice
2026-09-25 14:09:36 | INFO     | exam.proctor                 | examiner-f5817825@test.edu ruled session 075ad6fe-2898-418b-afd9-d6f9482b1ec8 as cleared
2026-09-25 14:09:57 | INFO     | exam.proctor                 | Proctor socket open for session 126df57e-452e-464b-9abd-78954ba4dc51
2026-09-25 14:09:57 | INFO     | exam.proctor                 | Proctor socket closed for session 126df57e-452e-464b-9abd-78954ba4dc51
2026-09-25 14:09:59 | INFO     | exam.proctor                 | Proctor socket open for session cde9cd7c-348d-4662-aea4-d032325d6dca
2026-09-25 14:09:59 | INFO     | exam.proctor                 | Proctor socket closed for session cde9cd7c-348d-4662-aea4-d032325d6dca
2026-09-25 14:09:59 | INFO     | exam.proctor                 | Proctor socket open for session 255173cd-df70-4b77-9cdb-cbda5bb98a10
2026-09-25 14:09:59 | INFO     | exam.proctor                 | Proctor socket closed for session 255173cd-df70-4b77-9cdb-cbda5bb98a10
2026-09-25 14:10:00 | INFO     | exam.proctor                 | Proctor socket open for session d97038ae-b0f6-456c-95ca-b565e8b68efd
2026-09-25 14:10:00 | WARNING  | exam.proctor                 | Session d97038ae-b0f6-456c-95ca-b565e8b68efd flagged: score=23.1 tab_switches=3 left_exam=3
2026-09-25 14:10:00 | WARNING  | exam.proctor                 | Session d97038ae-b0f6-456c-95ca-b565e8b68efd AUTO-SUBMITTED after 3 focus violation(s)
2026-09-25 14:10:00 | INFO     | exam.proctor                 | Proctor socket open for session 478b28bb-0945-43f1-9d63-7ed28573fb52
2026-09-25 14:10:00 | INFO     | exam.proctor                 | Proctor socket closed for session 478b28bb-0945-43f1-9d63-7ed28573fb52
2026-09-25 14:10:00 | INFO     | exam.proctor                 | Proctor socket open for session 03742295-7229-4246-a69a-6fef57696acc
2026-09-25 14:10:00 | INFO     | exam.proctor                 | Proctor socket closed for session 03742295-7229-4246-a69a-6fef57696acc
2026-09-25 14:10:01 | INFO     | exam.proctor                 | Proctor socket open for session d7bae1c5-7a69-4af0-b467-e4fc353f90a3
2026-09-25 14:10:01 | INFO     | exam.proctor                 | Proctor socket closed for session d7bae1c5-7a69-4af0-b467-e4fc353f90a3
2026-09-25 14:10:01 | INFO     | exam.proctor                 | Proctor socket open for session dc32776d-be2f-4279-9f8b-a2411e06836a
2026-09-25 14:10:01 | INFO     | exam.proctor                 | Proctor socket closed for session dc32776d-be2f-4279-9f8b-a2411e06836a
2026-09-25 14:29:23 | WARNING  | exam.proctor                 | Session cb97f8d0-05e0-44b4-a811-37cb0f63d8df flagged: score=106.9 tab_switches=0 left_exam=0
2026-09-25 14:29:23 | WARNING  | exam.proctor                 | Session cb97f8d0-05e0-44b4-a811-37cb0f63d8df TERMINATED at score 106.9
2026-09-25 14:29:35 | WARNING  | exam.proctor                 | Session ff7ecf0a-d9cb-498e-bdae-20beb767eef4 flagged: score=23.1 tab_switches=3 left_exam=3
2026-09-25 14:29:35 | WARNING  | exam.proctor                 | Session ff7ecf0a-d9cb-498e-bdae-20beb767eef4 AUTO-SUBMITTED after 3 focus violation(s)
2026-09-25 14:29:35 | WARNING  | exam.proctor                 | Session 5ee681e7-fdea-40da-ac11-168e5876938d flagged: score=24.0 tab_switches=1 left_exam=3
2026-09-25 14:29:35 | WARNING  | exam.proctor                 | Session 5ee681e7-fdea-40da-ac11-168e5876938d AUTO-SUBMITTED after 3 focus violation(s)
2026-09-25 14:29:35 | WARNING  | exam.proctor                 | Session 68dd35e9-d6f1-4072-9852-5f86f38c07ae flagged: score=23.1 tab_switches=3 left_exam=3
2026-09-25 14:29:36 | WARNING  | exam.proctor                 | Session 68dd35e9-d6f1-4072-9852-5f86f38c07ae AUTO-SUBMITTED after 3 focus violation(s)
2026-09-25 14:29:36 | WARNING  | exam.proctor                 | Session be6f3909-539d-40b7-92dc-2438f79766e9 flagged: score=23.1 tab_switches=3 left_exam=3
2026-09-25 14:29:36 | WARNING  | exam.proctor                 | Session be6f3909-539d-40b7-92dc-2438f79766e9 AUTO-SUBMITTED after 3 focus violation(s)
2026-09-25 14:29:36 | WARNING  | exam.proctor                 | Session 1ff1228d-4ff6-4c9e-a317-2a4bc77c9231 flagged: score=23.1 tab_switches=3 left_exam=3
2026-09-25 14:29:36 | WARNING  | exam.proctor                 | Session 1ff1228d-4ff6-4c9e-a317-2a4bc77c9231 AUTO-SUBMITTED after 3 focus violation(s)
2026-09-25 14:29:37 | WARNING  | exam.proctor                 | Session 58ccb3b7-ff91-4f15-8f2f-8a21ab572de5 flagged: score=23.1 tab_switches=3 left_exam=3
2026-09-25 14:29:37 | WARNING  | exam.proctor                 | Session 58ccb3b7-ff91-4f15-8f2f-8a21ab572de5 AUTO-SUBMITTED after 3 focus violation(s)
2026-09-25 14:29:37 | WARNING  | exam.proctor                 | Session ced8a481-9801-443a-962c-538954b54cb5 flagged: score=23.1 tab_switches=3 left_exam=3
2026-09-25 14:29:37 | WARNING  | exam.proctor                 | Session ced8a481-9801-443a-962c-538954b54cb5 AUTO-SUBMITTED after 3 focus violation(s)
2026-09-25 14:29:37 | WARNING  | exam.proctor                 | Session 6aebcd38-37bb-44d5-8d84-65763294aa67 flagged: score=23.1 tab_switches=3 left_exam=3
2026-09-25 14:29:37 | WARNING  | exam.proctor                 | Session 6aebcd38-37bb-44d5-8d84-65763294aa67 AUTO-SUBMITTED after 3 focus violation(s)
2026-09-25 14:29:37 | INFO     | exam.proctor                 | examiner-8861b555@test.edu ruled session 6aebcd38-37bb-44d5-8d84-65763294aa67 as cleared
2026-09-25 14:29:38 | WARNING  | exam.proctor                 | Session 51340bd0-28d6-4180-941f-505b7a18998c flagged: score=27.3 tab_switches=4 left_exam=4
2026-09-25 14:29:39 | WARNING  | exam.proctor                 | Session 3bf3aabd-2cd3-48d7-a6fc-3ab573ad615c flagged: score=10.0 tab_switches=1 left_exam=1
2026-09-25 14:29:39 | WARNING  | exam.proctor                 | Session 3bf3aabd-2cd3-48d7-a6fc-3ab573ad615c AUTO-SUBMITTED after 1 focus violation(s)
2026-09-25 14:29:41 | INFO     | exam.proctor                 | examiner-89e6f5bf@test.edu ruled session 365d14d3-19cb-4c5e-94e9-d31931677f58 as cleared
2026-09-25 14:29:41 | INFO     | exam.proctor                 | examiner-94724072@test.edu ruled session efe913d5-2dc0-42c9-81ac-15205a6c357f as malpractice
2026-09-25 14:29:43 | INFO     | exam.proctor                 | examiner-81ca311b@test.edu ruled session f5dd1ee7-2f77-4e53-85f1-c419f1458a22 as cleared
2026-09-25 14:29:43 | INFO     | exam.proctor                 | examiner-d95a9889@test.edu ruled session c57c60d6-2d79-41f9-85cb-e234c1512ec2 as malpractice
2026-09-25 14:29:45 | INFO     | exam.proctor                 | examiner-0f807a74@test.edu ruled session ff772f72-e0a5-47aa-98d3-19f26c944b4c as malpractice
2026-09-25 14:29:46 | INFO     | exam.proctor                 | examiner-a11596f5@test.edu ruled session eab54f9d-817f-417b-972a-c6da5a54c69d as malpractice
2026-09-25 14:29:46 | INFO     | exam.proctor                 | examiner-4ed212e0@test.edu ruled session 5429d658-fae8-45aa-9b24-0192fef1c25b as cleared
2026-09-25 14:30:21 | INFO     | exam.proctor                 | Proctor socket open for session 5b15291b-c522-473c-9deb-c98b4dcb2498
2026-09-25 14:30:21 | INFO     | exam.proctor                 | Proctor socket closed for session 5b15291b-c522-473c-9deb-c98b4dcb2498
2026-09-25 14:30:24 | INFO     | exam.proctor                 | Proctor socket open for session 78e60c23-6fba-412e-aecc-eb8b0d42722e
2026-09-25 14:30:24 | INFO     | exam.proctor                 | Proctor socket closed for session 78e60c23-6fba-412e-aecc-eb8b0d42722e
2026-09-25 14:30:25 | INFO     | exam.proctor                 | Proctor socket open for session 302afc17-a49a-4507-9530-d06e05f54dc0
2026-09-25 14:30:25 | INFO     | exam.proctor                 | Proctor socket closed for session 302afc17-a49a-4507-9530-d06e05f54dc0
2026-09-25 14:30:26 | INFO     | exam.proctor                 | Proctor socket open for session 4b710301-184a-46a1-a0a2-73ed86aabb29
2026-09-25 14:30:26 | WARNING  | exam.proctor                 | Session 4b710301-184a-46a1-a0a2-73ed86aabb29 flagged: score=23.1 tab_switches=3 left_exam=3
2026-09-25 14:30:26 | WARNING  | exam.proctor                 | Session 4b710301-184a-46a1-a0a2-73ed86aabb29 AUTO-SUBMITTED after 3 focus violation(s)
2026-09-25 14:30:26 | INFO     | exam.proctor                 | Proctor socket open for session ecd9dd9e-0dcd-48a2-aee7-666642a4119c
2026-09-25 14:30:26 | INFO     | exam.proctor                 | Proctor socket closed for session ecd9dd9e-0dcd-48a2-aee7-666642a4119c
2026-09-25 14:30:27 | INFO     | exam.proctor                 | Proctor socket open for session 8098d736-0186-4b0b-ad49-d1180151bc8e
2026-09-25 14:30:27 | INFO     | exam.proctor                 | Proctor socket closed for session 8098d736-0186-4b0b-ad49-d1180151bc8e
2026-09-25 14:30:27 | INFO     | exam.proctor                 | Proctor socket open for session 64af539f-83cd-46b0-8f4b-3b2d7293ed7c
2026-09-25 14:30:27 | INFO     | exam.proctor                 | Proctor socket closed for session 64af539f-83cd-46b0-8f4b-3b2d7293ed7c
2026-09-25 14:30:28 | INFO     | exam.proctor                 | Proctor socket open for session b423bbf2-9d9c-44e6-8be1-b18a304609ba
2026-09-25 14:30:28 | INFO     | exam.proctor                 | Proctor socket closed for session b423bbf2-9d9c-44e6-8be1-b18a304609ba
2026-09-25 14:30:31 | WARNING  | exam.proctor                 | Session c533b791-78bd-4325-ab7c-de283f86c0b1 flagged: score=106.9 tab_switches=0 left_exam=0
2026-09-25 14:30:31 | WARNING  | exam.proctor                 | Session c533b791-78bd-4325-ab7c-de283f86c0b1 TERMINATED at score 106.9
2026-09-25 14:30:55 | WARNING  | exam.proctor                 | Session a34e8a40-edb1-4ddc-82da-30c98060270e flagged: score=23.1 tab_switches=3 left_exam=3
2026-09-25 14:30:55 | WARNING  | exam.proctor                 | Session a34e8a40-edb1-4ddc-82da-30c98060270e AUTO-SUBMITTED after 3 focus violation(s)
2026-09-25 14:30:56 | WARNING  | exam.proctor                 | Session 4afc28b9-0bad-478f-b124-33eebaa60628 flagged: score=24.0 tab_switches=1 left_exam=3
2026-09-25 14:30:56 | WARNING  | exam.proctor                 | Session 4afc28b9-0bad-478f-b124-33eebaa60628 AUTO-SUBMITTED after 3 focus violation(s)
2026-09-25 14:30:57 | WARNING  | exam.proctor                 | Session 41b6721f-2598-4ecd-bc58-48b403ef1fc9 flagged: score=23.1 tab_switches=3 left_exam=3
2026-09-25 14:30:57 | WARNING  | exam.proctor                 | Session 41b6721f-2598-4ecd-bc58-48b403ef1fc9 AUTO-SUBMITTED after 3 focus violation(s)
2026-09-25 14:30:57 | WARNING  | exam.proctor                 | Session 072c9bf9-8ed9-4d13-b606-954e9db7a3a1 flagged: score=23.1 tab_switches=3 left_exam=3
2026-09-25 14:30:57 | WARNING  | exam.proctor                 | Session 072c9bf9-8ed9-4d13-b606-954e9db7a3a1 AUTO-SUBMITTED after 3 focus violation(s)
2026-09-25 14:30:58 | WARNING  | exam.proctor                 | Session f3896930-1f11-4391-9a2d-bc8d836722ae flagged: score=23.1 tab_switches=3 left_exam=3
2026-09-25 14:30:58 | WARNING  | exam.proctor                 | Session f3896930-1f11-4391-9a2d-bc8d836722ae AUTO-SUBMITTED after 3 focus violation(s)
2026-09-25 14:30:59 | WARNING  | exam.proctor                 | Session 45d48fa4-2dbf-4af4-9370-78626e9e933f flagged: score=23.1 tab_switches=3 left_exam=3
2026-09-25 14:30:59 | WARNING  | exam.proctor                 | Session 45d48fa4-2dbf-4af4-9370-78626e9e933f AUTO-SUBMITTED after 3 focus violation(s)
2026-09-25 14:31:00 | WARNING  | exam.proctor                 | Session 4b800e81-3c34-43fa-903c-df21a8cc40b5 flagged: score=23.1 tab_switches=3 left_exam=3
2026-09-25 14:31:00 | WARNING  | exam.proctor                 | Session 4b800e81-3c34-43fa-903c-df21a8cc40b5 AUTO-SUBMITTED after 3 focus violation(s)
2026-09-25 14:31:01 | WARNING  | exam.proctor                 | Session 827ec8d7-eb91-4863-bebd-af094e64ea12 flagged: score=23.1 tab_switches=3 left_exam=3
2026-09-25 14:31:01 | WARNING  | exam.proctor                 | Session 827ec8d7-eb91-4863-bebd-af094e64ea12 AUTO-SUBMITTED after 3 focus violation(s)
2026-09-25 14:31:01 | INFO     | exam.proctor                 | examiner-bd4d2c77@test.edu ruled session 827ec8d7-eb91-4863-bebd-af094e64ea12 as cleared
2026-09-25 14:31:04 | WARNING  | exam.proctor                 | Session df155321-aac0-4f8e-add3-00ec39e5e103 flagged: score=27.3 tab_switches=4 left_exam=4
2026-09-25 14:31:04 | WARNING  | exam.proctor                 | Session 809315c1-a7de-49f5-b20e-19dd4aa4278d flagged: score=10.0 tab_switches=1 left_exam=1
2026-09-25 14:31:04 | WARNING  | exam.proctor                 | Session 809315c1-a7de-49f5-b20e-19dd4aa4278d AUTO-SUBMITTED after 1 focus violation(s)
2026-09-25 14:31:41 | WARNING  | exam.proctor                 | Session 1ae42cf6-313a-4130-a6d3-caee56492885 flagged: score=106.9 tab_switches=0 left_exam=0
2026-09-25 14:31:41 | WARNING  | exam.proctor                 | Session 1ae42cf6-313a-4130-a6d3-caee56492885 TERMINATED at score 106.9
2026-09-25 14:31:54 | WARNING  | exam.proctor                 | Session d523531e-16a5-48b1-adb8-53fbc03f08fa flagged: score=23.1 tab_switches=3 left_exam=3
2026-09-25 14:31:54 | WARNING  | exam.proctor                 | Session d523531e-16a5-48b1-adb8-53fbc03f08fa AUTO-SUBMITTED after 3 focus violation(s)
2026-09-25 14:31:54 | WARNING  | exam.proctor                 | Session f9db64c7-dd58-4e71-9e89-439a072a7f15 flagged: score=24.0 tab_switches=1 left_exam=3
2026-09-25 14:31:54 | WARNING  | exam.proctor                 | Session f9db64c7-dd58-4e71-9e89-439a072a7f15 AUTO-SUBMITTED after 3 focus violation(s)
2026-09-25 14:31:55 | WARNING  | exam.proctor                 | Session 10a633fc-3ef4-45ec-9da9-82ecc8eb55fc flagged: score=23.1 tab_switches=3 left_exam=3
2026-09-25 14:31:55 | WARNING  | exam.proctor                 | Session 10a633fc-3ef4-45ec-9da9-82ecc8eb55fc AUTO-SUBMITTED after 3 focus violation(s)
2026-09-25 14:31:55 | WARNING  | exam.proctor                 | Session 2ccf4c8d-5d28-4e57-93c5-b31769f48729 flagged: score=23.1 tab_switches=3 left_exam=3
2026-09-25 14:31:55 | WARNING  | exam.proctor                 | Session 2ccf4c8d-5d28-4e57-93c5-b31769f48729 AUTO-SUBMITTED after 3 focus violation(s)
2026-09-25 14:31:56 | WARNING  | exam.proctor                 | Session abc7dd70-3bdc-4e99-8796-21551716d55c flagged: score=23.1 tab_switches=3 left_exam=3
2026-09-25 14:31:56 | WARNING  | exam.proctor                 | Session abc7dd70-3bdc-4e99-8796-21551716d55c AUTO-SUBMITTED after 3 focus violation(s)
2026-09-25 14:31:56 | WARNING  | exam.proctor                 | Session 8d9901c1-a84f-428f-96b4-43eb824b1131 flagged: score=23.1 tab_switches=3 left_exam=3
2026-09-25 14:31:56 | WARNING  | exam.proctor                 | Session 8d9901c1-a84f-428f-96b4-43eb824b1131 AUTO-SUBMITTED after 3 focus violation(s)
2026-09-25 14:31:56 | WARNING  | exam.proctor                 | Session f718de3a-450a-476c-b8fd-fc944ccd2f0a flagged: score=23.1 tab_switches=3 left_exam=3
2026-09-25 14:31:56 | WARNING  | exam.proctor                 | Session f718de3a-450a-476c-b8fd-fc944ccd2f0a AUTO-SUBMITTED after 3 focus violation(s)
2026-09-25 14:31:57 | WARNING  | exam.proctor                 | Session 52cfa363-95ce-4a3e-8f75-fd0b382ec29f flagged: score=23.1 tab_switches=3 left_exam=3
2026-09-25 14:31:57 | WARNING  | exam.proctor                 | Session 52cfa363-95ce-4a3e-8f75-fd0b382ec29f AUTO-SUBMITTED after 3 focus violation(s)
2026-09-25 14:31:57 | INFO     | exam.proctor                 | examiner-66b7d476@test.edu ruled session 52cfa363-95ce-4a3e-8f75-fd0b382ec29f as cleared
2026-09-25 14:31:58 | WARNING  | exam.proctor                 | Session a12a7d96-6ffe-4f7c-96a1-747cf6350e4f flagged: score=27.3 tab_switches=4 left_exam=4
2026-09-25 14:31:58 | WARNING  | exam.proctor                 | Session 8617a01a-b3e6-47b9-b6bf-e6f50dd0d458 flagged: score=10.0 tab_switches=1 left_exam=1
2026-09-25 14:31:58 | WARNING  | exam.proctor                 | Session 8617a01a-b3e6-47b9-b6bf-e6f50dd0d458 AUTO-SUBMITTED after 1 focus violation(s)
2026-09-25 14:32:01 | INFO     | exam.proctor                 | examiner-e63b47a4@test.edu ruled session 64537d8e-b7ed-433f-a537-4b7d6acf4a6c as cleared
2026-09-25 14:32:01 | INFO     | exam.proctor                 | examiner-a455d279@test.edu ruled session 2977edb9-895c-4a59-b0ba-89f38edf60bb as malpractice
2026-09-25 14:32:02 | INFO     | exam.proctor                 | examiner-ac35c5e3@test.edu ruled session a3f48a8d-3dc3-4c5c-ab4b-e08774b48446 as cleared
2026-09-25 14:32:03 | INFO     | exam.proctor                 | examiner-3c618bfd@test.edu ruled session 5a4791e3-fdb8-4934-8760-0dafeb37ada6 as malpractice
2026-09-25 14:32:04 | INFO     | exam.proctor                 | examiner-42007d71@test.edu ruled session 0afdd147-730a-43ad-bd3e-d1ae6bf1952b as malpractice
2026-09-25 14:32:05 | INFO     | exam.proctor                 | examiner-73435929@test.edu ruled session 0d64ea1c-baa4-48fa-8128-6dab13e44242 as malpractice
2026-09-25 14:32:06 | INFO     | exam.proctor                 | examiner-8a78f0ce@test.edu ruled session d2ab322f-6c08-4bd2-b4f9-65e76109e2f3 as cleared
2026-09-25 14:32:25 | INFO     | exam.proctor                 | Proctor socket open for session 2cb0e231-477e-423f-81ad-d48d98e1c6b8
2026-09-25 14:32:25 | INFO     | exam.proctor                 | Proctor socket closed for session 2cb0e231-477e-423f-81ad-d48d98e1c6b8
2026-09-25 14:32:27 | INFO     | exam.proctor                 | Proctor socket open for session 18213453-1b05-420f-9094-d0599f5b21e4
2026-09-25 14:32:27 | INFO     | exam.proctor                 | Proctor socket closed for session 18213453-1b05-420f-9094-d0599f5b21e4
2026-09-25 14:32:27 | INFO     | exam.proctor                 | Proctor socket open for session 7d3889d4-4bc8-439b-9003-9e83f4c6c1d8
2026-09-25 14:32:27 | INFO     | exam.proctor                 | Proctor socket closed for session 7d3889d4-4bc8-439b-9003-9e83f4c6c1d8
2026-09-25 14:32:28 | INFO     | exam.proctor                 | Proctor socket open for session 069f6f2b-c83c-490c-af98-517bc41bc608
2026-09-25 14:32:28 | WARNING  | exam.proctor                 | Session 069f6f2b-c83c-490c-af98-517bc41bc608 flagged: score=23.1 tab_switches=3 left_exam=3
2026-09-25 14:32:28 | WARNING  | exam.proctor                 | Session 069f6f2b-c83c-490c-af98-517bc41bc608 AUTO-SUBMITTED after 3 focus violation(s)
2026-09-25 14:32:28 | INFO     | exam.proctor                 | Proctor socket open for session 3b3cfae4-47e8-4f17-949f-22c8b05ed3e3
2026-09-25 14:32:28 | INFO     | exam.proctor                 | Proctor socket closed for session 3b3cfae4-47e8-4f17-949f-22c8b05ed3e3
2026-09-25 14:32:28 | INFO     | exam.proctor                 | Proctor socket open for session db6aead7-0e88-43df-ae9a-fb78d099b509
2026-09-25 14:32:28 | INFO     | exam.proctor                 | Proctor socket closed for session db6aead7-0e88-43df-ae9a-fb78d099b509
2026-09-25 14:32:29 | INFO     | exam.proctor                 | Proctor socket open for session 81d2fa51-c911-4fd3-93e8-536e69d8a237
2026-09-25 14:32:29 | INFO     | exam.proctor                 | Proctor socket closed for session 81d2fa51-c911-4fd3-93e8-536e69d8a237
2026-09-25 14:32:29 | INFO     | exam.proctor                 | Proctor socket open for session 95d4f73f-f883-4a86-9ff0-037077f5eafb
2026-09-25 14:32:29 | INFO     | exam.proctor                 | Proctor socket closed for session 95d4f73f-f883-4a86-9ff0-037077f5eafb
2026-09-25 14:33:09 | WARNING  | exam.proctor                 | Session ab68cd0e-845b-458a-991b-3974cf1beba2 flagged: score=106.9 tab_switches=0 left_exam=0
2026-09-25 14:33:09 | WARNING  | exam.proctor                 | Session ab68cd0e-845b-458a-991b-3974cf1beba2 TERMINATED at score 106.9
2026-09-25 14:33:22 | WARNING  | exam.proctor                 | Session 17c0cdc8-90c2-4fae-acb8-0a9a438fca9f flagged: score=23.1 tab_switches=3 left_exam=3
2026-09-25 14:33:22 | WARNING  | exam.proctor                 | Session 17c0cdc8-90c2-4fae-acb8-0a9a438fca9f AUTO-SUBMITTED after 3 focus violation(s)
2026-09-25 14:33:22 | WARNING  | exam.proctor                 | Session 690f28f3-23f2-4276-94b8-2590fb2a0a10 flagged: score=24.0 tab_switches=1 left_exam=3
2026-09-25 14:33:22 | WARNING  | exam.proctor                 | Session 690f28f3-23f2-4276-94b8-2590fb2a0a10 AUTO-SUBMITTED after 3 focus violation(s)
2026-09-25 14:33:23 | WARNING  | exam.proctor                 | Session 8a52aa8b-1eae-44ac-bca0-636020fea97c flagged: score=23.1 tab_switches=3 left_exam=3
2026-09-25 14:33:23 | WARNING  | exam.proctor                 | Session 8a52aa8b-1eae-44ac-bca0-636020fea97c AUTO-SUBMITTED after 3 focus violation(s)
2026-09-25 14:33:23 | WARNING  | exam.proctor                 | Session c046d722-188c-414c-a75c-d99d585e47a0 flagged: score=23.1 tab_switches=3 left_exam=3
2026-09-25 14:33:23 | WARNING  | exam.proctor                 | Session c046d722-188c-414c-a75c-d99d585e47a0 AUTO-SUBMITTED after 3 focus violation(s)
2026-09-25 14:33:23 | WARNING  | exam.proctor                 | Session 8036bf29-7aa2-48ae-876f-fa64d095f088 flagged: score=23.1 tab_switches=3 left_exam=3
2026-09-25 14:33:24 | WARNING  | exam.proctor                 | Session 8036bf29-7aa2-48ae-876f-fa64d095f088 AUTO-SUBMITTED after 3 focus violation(s)
2026-09-25 14:33:24 | WARNING  | exam.proctor                 | Session 1270003e-648e-4a67-9ba7-3f6d7b41a7eb flagged: score=23.1 tab_switches=3 left_exam=3
2026-09-25 14:33:24 | WARNING  | exam.proctor                 | Session 1270003e-648e-4a67-9ba7-3f6d7b41a7eb AUTO-SUBMITTED after 3 focus violation(s)
2026-09-25 14:33:24 | WARNING  | exam.proctor                 | Session fe1b39c4-c302-4248-af7d-d4c82320c054 flagged: score=23.1 tab_switches=3 left_exam=3
2026-09-25 14:33:24 | WARNING  | exam.proctor                 | Session fe1b39c4-c302-4248-af7d-d4c82320c054 AUTO-SUBMITTED after 3 focus violation(s)
2026-09-25 14:33:25 | WARNING  | exam.proctor                 | Session 52f8479b-6784-441f-9385-37110fb9e237 flagged: score=23.1 tab_switches=3 left_exam=3
2026-09-25 14:33:25 | WARNING  | exam.proctor                 | Session 52f8479b-6784-441f-9385-37110fb9e237 AUTO-SUBMITTED after 3 focus violation(s)
2026-09-25 14:33:25 | INFO     | exam.proctor                 | examiner-a25da798@test.edu ruled session 52f8479b-6784-441f-9385-37110fb9e237 as cleared
2026-09-25 14:33:26 | WARNING  | exam.proctor                 | Session e532a1a3-8689-431e-95f2-2b5fd51930be flagged: score=27.3 tab_switches=4 left_exam=4
2026-09-25 14:33:26 | WARNING  | exam.proctor                 | Session dc957658-4d18-4e8d-b9e1-fe953f04d751 flagged: score=10.0 tab_switches=1 left_exam=1
2026-09-25 14:33:26 | WARNING  | exam.proctor                 | Session dc957658-4d18-4e8d-b9e1-fe953f04d751 AUTO-SUBMITTED after 1 focus violation(s)
2026-09-25 14:33:29 | INFO     | exam.proctor                 | examiner-53bba5c5@test.edu ruled session 2784e155-ea93-4e18-ac31-4094f731de11 as cleared
2026-09-25 14:33:29 | INFO     | exam.proctor                 | examiner-47a94c2b@test.edu ruled session 41380844-389e-4a92-b287-cd2108c23a54 as malpractice
2026-09-25 14:33:30 | INFO     | exam.proctor                 | examiner-36d771ef@test.edu ruled session 00f333e4-71bc-4ef6-b283-e5bd892a6aeb as cleared
2026-09-25 14:33:31 | INFO     | exam.proctor                 | examiner-d1350000@test.edu ruled session e0b2161c-770a-4a87-8ac8-16cb188d8369 as malpractice
2026-09-25 14:33:32 | INFO     | exam.proctor                 | examiner-17250194@test.edu ruled session 7e442f95-e6a5-48dc-a582-33c4e2ff2ab8 as malpractice
2026-09-25 14:33:33 | INFO     | exam.proctor                 | examiner-c279fc98@test.edu ruled session 549f2ebb-2813-4465-9d87-8fd0ff0988eb as malpractice
2026-09-25 14:33:34 | INFO     | exam.proctor                 | examiner-5a457a1b@test.edu ruled session 8d73ee92-5047-4f14-9b52-7479a8425ee1 as cleared
2026-09-25 14:33:54 | INFO     | exam.proctor                 | Proctor socket open for session 42e358b3-f66d-4cc6-af22-e7b20250d6bb
2026-09-25 14:33:54 | INFO     | exam.proctor                 | Proctor socket closed for session 42e358b3-f66d-4cc6-af22-e7b20250d6bb
2026-09-25 14:33:55 | INFO     | exam.proctor                 | Proctor socket open for session b50fb505-c967-4f8b-a2be-a5850515e548
2026-09-25 14:33:55 | INFO     | exam.proctor                 | Proctor socket closed for session b50fb505-c967-4f8b-a2be-a5850515e548
2026-09-25 14:33:56 | INFO     | exam.proctor                 | Proctor socket open for session 8ed5dc70-4ad1-46ee-bf17-b297902855eb
2026-09-25 14:33:56 | INFO     | exam.proctor                 | Proctor socket closed for session 8ed5dc70-4ad1-46ee-bf17-b297902855eb
2026-09-25 14:33:56 | INFO     | exam.proctor                 | Proctor socket open for session c96f91af-7521-42c6-9572-8ef99eb862de
2026-09-25 14:33:56 | WARNING  | exam.proctor                 | Session c96f91af-7521-42c6-9572-8ef99eb862de flagged: score=23.1 tab_switches=3 left_exam=3
2026-09-25 14:33:56 | WARNING  | exam.proctor                 | Session c96f91af-7521-42c6-9572-8ef99eb862de AUTO-SUBMITTED after 3 focus violation(s)
2026-09-25 14:33:56 | INFO     | exam.proctor                 | Proctor socket open for session 076fcb80-4eeb-4ec5-a493-852fb5bce449
2026-09-25 14:33:56 | INFO     | exam.proctor                 | Proctor socket closed for session 076fcb80-4eeb-4ec5-a493-852fb5bce449
2026-09-25 14:33:57 | INFO     | exam.proctor                 | Proctor socket open for session d5f283d7-f4c2-4fce-a62a-fd9cc5ae5965
2026-09-25 14:33:57 | INFO     | exam.proctor                 | Proctor socket closed for session d5f283d7-f4c2-4fce-a62a-fd9cc5ae5965
2026-09-25 14:33:57 | INFO     | exam.proctor                 | Proctor socket open for session 114b00be-0fb5-4236-ac53-7372044d6f82
2026-09-25 14:33:57 | INFO     | exam.proctor                 | Proctor socket closed for session 114b00be-0fb5-4236-ac53-7372044d6f82
2026-09-25 14:33:57 | INFO     | exam.proctor                 | Proctor socket open for session d5f6e3a8-4c37-4eda-b12c-02bdc0cda7de
2026-09-25 14:33:57 | INFO     | exam.proctor                 | Proctor socket closed for session d5f6e3a8-4c37-4eda-b12c-02bdc0cda7de
2026-09-25 14:40:21 | WARNING  | exam.proctor                 | Session a0b452f5-ec1a-460c-92a1-04dd7d34aeec flagged: score=106.9 tab_switches=0 left_exam=0
2026-09-25 14:40:21 | WARNING  | exam.proctor                 | Session a0b452f5-ec1a-460c-92a1-04dd7d34aeec TERMINATED at score 106.9
2026-09-25 14:40:33 | WARNING  | exam.proctor                 | Session 77e2cbcb-b995-4e2b-88d3-5af03070f2f3 flagged: score=23.1 tab_switches=3 left_exam=3
2026-09-25 14:40:33 | WARNING  | exam.proctor                 | Session 77e2cbcb-b995-4e2b-88d3-5af03070f2f3 AUTO-SUBMITTED after 3 focus violation(s)
2026-09-25 14:40:33 | WARNING  | exam.proctor                 | Session 1896dcd8-94fe-49cd-b94a-b8dd10469dbc flagged: score=24.0 tab_switches=1 left_exam=3
2026-09-25 14:40:33 | WARNING  | exam.proctor                 | Session 1896dcd8-94fe-49cd-b94a-b8dd10469dbc AUTO-SUBMITTED after 3 focus violation(s)
2026-09-25 14:40:33 | WARNING  | exam.proctor                 | Session c45c64c0-54ab-4b5e-8bf6-e86ebc7e435d flagged: score=23.1 tab_switches=3 left_exam=3
2026-09-25 14:40:33 | WARNING  | exam.proctor                 | Session c45c64c0-54ab-4b5e-8bf6-e86ebc7e435d AUTO-SUBMITTED after 3 focus violation(s)
2026-09-25 14:40:34 | WARNING  | exam.proctor                 | Session 9b249911-2b6e-4a7a-90d7-0659121a2051 flagged: score=23.1 tab_switches=3 left_exam=3
2026-09-25 14:40:34 | WARNING  | exam.proctor                 | Session 9b249911-2b6e-4a7a-90d7-0659121a2051 AUTO-SUBMITTED after 3 focus violation(s)
2026-09-25 14:40:34 | WARNING  | exam.proctor                 | Session 8cb794c2-3d4d-4c83-897e-06d9ccdbd7bd flagged: score=23.1 tab_switches=3 left_exam=3
2026-09-25 14:40:34 | WARNING  | exam.proctor                 | Session 8cb794c2-3d4d-4c83-897e-06d9ccdbd7bd AUTO-SUBMITTED after 3 focus violation(s)
2026-09-25 14:40:34 | WARNING  | exam.proctor                 | Session 69133c35-c4b4-4339-bf2c-5cb2aa5eed4e flagged: score=23.1 tab_switches=3 left_exam=3
2026-09-25 14:40:34 | WARNING  | exam.proctor                 | Session 69133c35-c4b4-4339-bf2c-5cb2aa5eed4e AUTO-SUBMITTED after 3 focus violation(s)
2026-09-25 14:40:35 | WARNING  | exam.proctor                 | Session c9bfcfb6-4eec-4c9d-8da1-801f32472c55 flagged: score=23.1 tab_switches=3 left_exam=3
2026-09-25 14:40:35 | WARNING  | exam.proctor                 | Session c9bfcfb6-4eec-4c9d-8da1-801f32472c55 AUTO-SUBMITTED after 3 focus violation(s)
2026-09-25 14:40:35 | WARNING  | exam.proctor                 | Session cb5eff8d-e119-485f-afa9-1f8d4e832960 flagged: score=23.1 tab_switches=3 left_exam=3
2026-09-25 14:40:35 | WARNING  | exam.proctor                 | Session cb5eff8d-e119-485f-afa9-1f8d4e832960 AUTO-SUBMITTED after 3 focus violation(s)
2026-09-25 14:40:35 | INFO     | exam.proctor                 | examiner-fe3b1ec9@test.edu ruled session cb5eff8d-e119-485f-afa9-1f8d4e832960 as cleared
2026-09-25 14:40:36 | WARNING  | exam.proctor                 | Session 8777ed02-caa4-4aee-958a-c945b6a07190 flagged: score=27.3 tab_switches=4 left_exam=4
2026-09-25 14:40:37 | WARNING  | exam.proctor                 | Session 126b6376-729b-4bae-b58a-f3f7874613ec flagged: score=10.0 tab_switches=1 left_exam=1
2026-09-25 14:40:37 | WARNING  | exam.proctor                 | Session 126b6376-729b-4bae-b58a-f3f7874613ec AUTO-SUBMITTED after 1 focus violation(s)
2026-09-25 14:40:39 | INFO     | exam.proctor                 | examiner-61b788cc@test.edu ruled session a96e13d5-98ef-4069-9c10-15893bbde0a2 as cleared
2026-09-25 14:40:39 | INFO     | exam.proctor                 | examiner-f1c9d38f@test.edu ruled session 14fd631e-f5f8-4289-938c-03d8e8124b51 as malpractice
2026-09-25 14:40:41 | INFO     | exam.proctor                 | examiner-de8059c5@test.edu ruled session 436f037a-ca26-4a0e-ad25-f44f44a6c081 as cleared
2026-09-25 14:40:41 | INFO     | exam.proctor                 | examiner-4c6f64a8@test.edu ruled session 86834e36-cc13-4674-9df0-bf81b18b6348 as malpractice
2026-09-25 14:40:42 | INFO     | exam.proctor                 | examiner-d894a606@test.edu ruled session 23777bc4-47f0-4115-af15-5bb433d3e34f as malpractice
2026-09-25 14:40:43 | INFO     | exam.proctor                 | examiner-9e52d133@test.edu ruled session 525a2879-0435-4fcf-8c47-a718105eff1f as malpractice
2026-09-25 14:40:44 | INFO     | exam.proctor                 | examiner-cedb9854@test.edu ruled session 0aa0c29d-8290-4aec-8e7e-34dcb546980c as cleared
2026-09-25 14:41:02 | INFO     | exam.proctor                 | Proctor socket open for session 7100570c-130a-40c1-bdeb-8466787b574a
2026-09-25 14:41:02 | INFO     | exam.proctor                 | Proctor socket closed for session 7100570c-130a-40c1-bdeb-8466787b574a
2026-09-25 14:41:04 | INFO     | exam.proctor                 | Proctor socket open for session b39b3a50-c41d-4139-8a46-9a6e6b268289
2026-09-25 14:41:04 | INFO     | exam.proctor                 | Proctor socket closed for session b39b3a50-c41d-4139-8a46-9a6e6b268289
2026-09-25 14:41:04 | INFO     | exam.proctor                 | Proctor socket open for session 954c39ba-0105-4e93-ad43-d7fffd518d6d
2026-09-25 14:41:04 | INFO     | exam.proctor                 | Proctor socket closed for session 954c39ba-0105-4e93-ad43-d7fffd518d6d
2026-09-25 14:41:04 | INFO     | exam.proctor                 | Proctor socket open for session 29ccfd72-648f-42ba-b4c4-b85c8e8aa88a
2026-09-25 14:41:04 | WARNING  | exam.proctor                 | Session 29ccfd72-648f-42ba-b4c4-b85c8e8aa88a flagged: score=23.1 tab_switches=3 left_exam=3
2026-09-25 14:41:04 | WARNING  | exam.proctor                 | Session 29ccfd72-648f-42ba-b4c4-b85c8e8aa88a AUTO-SUBMITTED after 3 focus violation(s)
2026-09-25 14:41:05 | INFO     | exam.proctor                 | Proctor socket open for session dd7b4fab-c409-4167-baa3-733ce25decdb
2026-09-25 14:41:05 | INFO     | exam.proctor                 | Proctor socket closed for session dd7b4fab-c409-4167-baa3-733ce25decdb
2026-09-25 14:41:05 | INFO     | exam.proctor                 | Proctor socket open for session 87d038f0-9f27-4dd1-88f2-396a0f0464a6
2026-09-25 14:41:05 | INFO     | exam.proctor                 | Proctor socket closed for session 87d038f0-9f27-4dd1-88f2-396a0f0464a6
2026-09-25 14:41:05 | INFO     | exam.proctor                 | Proctor socket open for session 0726b38f-850c-4e9b-b44f-8fd69d73e1c8
2026-09-25 14:41:05 | INFO     | exam.proctor                 | Proctor socket closed for session 0726b38f-850c-4e9b-b44f-8fd69d73e1c8
2026-09-25 14:41:06 | INFO     | exam.proctor                 | Proctor socket open for session b74a90cf-73c0-4236-9ed2-0532cb4234e2
2026-09-25 14:41:06 | INFO     | exam.proctor                 | Proctor socket closed for session b74a90cf-73c0-4236-9ed2-0532cb4234e2
2026-09-25 14:46:00 | WARNING  | exam.proctor                 | Session e1bd1768-9133-4286-939a-5d8087ffbc72 flagged: score=106.9 tab_switches=0 left_exam=0
2026-09-25 14:46:00 | WARNING  | exam.proctor                 | Session e1bd1768-9133-4286-939a-5d8087ffbc72 TERMINATED at score 106.9
2026-09-25 14:46:12 | WARNING  | exam.proctor                 | Session 4c76c85c-690c-4c5f-aad3-44b8a2c20ef7 flagged: score=23.1 tab_switches=3 left_exam=3
2026-09-25 14:46:12 | WARNING  | exam.proctor                 | Session 4c76c85c-690c-4c5f-aad3-44b8a2c20ef7 AUTO-SUBMITTED after 3 focus violation(s)
2026-09-25 14:46:12 | WARNING  | exam.proctor                 | Session 416edba5-c253-4ef6-a63e-1cbd522591d4 flagged: score=24.0 tab_switches=1 left_exam=3
2026-09-25 14:46:12 | WARNING  | exam.proctor                 | Session 416edba5-c253-4ef6-a63e-1cbd522591d4 AUTO-SUBMITTED after 3 focus violation(s)
2026-09-25 14:46:13 | WARNING  | exam.proctor                 | Session 34b7abe8-a407-4702-9299-6a2f02afb2b2 flagged: score=23.1 tab_switches=3 left_exam=3
2026-09-25 14:46:13 | WARNING  | exam.proctor                 | Session 34b7abe8-a407-4702-9299-6a2f02afb2b2 AUTO-SUBMITTED after 3 focus violation(s)
2026-09-25 14:46:13 | WARNING  | exam.proctor                 | Session 1c7f60fa-a01f-479b-b473-9344496d27f3 flagged: score=23.1 tab_switches=3 left_exam=3
2026-09-25 14:46:13 | WARNING  | exam.proctor                 | Session 1c7f60fa-a01f-479b-b473-9344496d27f3 AUTO-SUBMITTED after 3 focus violation(s)
2026-09-25 14:46:13 | WARNING  | exam.proctor                 | Session 7d327f5f-e0a7-4381-b8b7-77ea27555193 flagged: score=23.1 tab_switches=3 left_exam=3
2026-09-25 14:46:13 | WARNING  | exam.proctor                 | Session 7d327f5f-e0a7-4381-b8b7-77ea27555193 AUTO-SUBMITTED after 3 focus violation(s)
2026-09-25 14:46:14 | WARNING  | exam.proctor                 | Session 2ae9fb67-5b2b-448c-85c9-da187c76658d flagged: score=23.1 tab_switches=3 left_exam=3
2026-09-25 14:46:14 | WARNING  | exam.proctor                 | Session 2ae9fb67-5b2b-448c-85c9-da187c76658d AUTO-SUBMITTED after 3 focus violation(s)
2026-09-25 14:46:14 | WARNING  | exam.proctor                 | Session 3cb64533-7be5-465d-b240-9868940bd585 flagged: score=23.1 tab_switches=3 left_exam=3
2026-09-25 14:46:14 | WARNING  | exam.proctor                 | Session 3cb64533-7be5-465d-b240-9868940bd585 AUTO-SUBMITTED after 3 focus violation(s)
2026-09-25 14:46:14 | WARNING  | exam.proctor                 | Session e62b7ee6-9c9c-4e8c-bf64-5a9c2b033279 flagged: score=23.1 tab_switches=3 left_exam=3
2026-09-25 14:46:14 | WARNING  | exam.proctor                 | Session e62b7ee6-9c9c-4e8c-bf64-5a9c2b033279 AUTO-SUBMITTED after 3 focus violation(s)
2026-09-25 14:46:14 | INFO     | exam.proctor                 | examiner-843b6203@test.edu ruled session e62b7ee6-9c9c-4e8c-bf64-5a9c2b033279 as cleared
2026-09-25 14:46:15 | WARNING  | exam.proctor                 | Session 890ba10e-ef30-4df7-836a-92693187b491 flagged: score=27.3 tab_switches=4 left_exam=4
2026-09-25 14:46:16 | WARNING  | exam.proctor                 | Session 778788de-d234-4319-8301-ceaf8ce73789 flagged: score=10.0 tab_switches=1 left_exam=1
2026-09-25 14:46:16 | WARNING  | exam.proctor                 | Session 778788de-d234-4319-8301-ceaf8ce73789 AUTO-SUBMITTED after 1 focus violation(s)
2026-09-25 14:46:18 | INFO     | exam.proctor                 | examiner-2b1c4576@test.edu ruled session 9fb3a1cf-ad4b-4577-bd61-4837fee07c54 as cleared
2026-09-25 14:46:19 | INFO     | exam.proctor                 | examiner-6f4c71d0@test.edu ruled session 8abb756b-0834-455d-9442-f4ec5ef7d1c2 as malpractice
2026-09-25 14:46:20 | INFO     | exam.proctor                 | examiner-69639465@test.edu ruled session 5ed37879-e1a1-45a5-af32-88ce14c4b000 as cleared
2026-09-25 14:46:20 | INFO     | exam.proctor                 | examiner-c33975ab@test.edu ruled session 6f995bc1-cb8e-4a26-a687-6c34c63aed63 as malpractice
2026-09-25 14:46:22 | INFO     | exam.proctor                 | examiner-7d88c774@test.edu ruled session 39abc62b-d266-47a0-b597-f00664d21deb as malpractice
2026-09-25 14:46:22 | INFO     | exam.proctor                 | examiner-2f7cab7c@test.edu ruled session 7881b85d-0531-4b69-a10c-57958f0cd197 as malpractice
2026-09-25 14:46:23 | INFO     | exam.proctor                 | examiner-a59d3fd5@test.edu ruled session a25bb270-e2bf-4689-80f1-b53cad536d67 as cleared
2026-09-25 14:46:42 | INFO     | exam.proctor                 | Proctor socket open for session 288ac50f-92cf-41e6-aaa5-c342bce0ef81
2026-09-25 14:46:42 | INFO     | exam.proctor                 | Proctor socket closed for session 288ac50f-92cf-41e6-aaa5-c342bce0ef81
2026-09-25 14:46:44 | INFO     | exam.proctor                 | Proctor socket open for session 1d1c0a4b-4828-4d38-8167-5c1e7da191b2
2026-09-25 14:46:44 | INFO     | exam.proctor                 | Proctor socket closed for session 1d1c0a4b-4828-4d38-8167-5c1e7da191b2
2026-09-25 14:46:44 | INFO     | exam.proctor                 | Proctor socket open for session 3628d6b5-f9e5-4441-ae23-d4a65d4a64ff
2026-09-25 14:46:44 | INFO     | exam.proctor                 | Proctor socket closed for session 3628d6b5-f9e5-4441-ae23-d4a65d4a64ff
2026-09-25 14:46:44 | INFO     | exam.proctor                 | Proctor socket open for session 3229ba0a-5b3c-4c3d-8dc1-22e35c51a3c9
2026-09-25 14:46:44 | WARNING  | exam.proctor                 | Session 3229ba0a-5b3c-4c3d-8dc1-22e35c51a3c9 flagged: score=23.1 tab_switches=3 left_exam=3
2026-09-25 14:46:44 | WARNING  | exam.proctor                 | Session 3229ba0a-5b3c-4c3d-8dc1-22e35c51a3c9 AUTO-SUBMITTED after 3 focus violation(s)
2026-09-25 14:46:45 | INFO     | exam.proctor                 | Proctor socket open for session 319949a7-9e9a-4476-a89b-4abea0d4e752
2026-09-25 14:46:45 | INFO     | exam.proctor                 | Proctor socket closed for session 319949a7-9e9a-4476-a89b-4abea0d4e752
2026-09-25 14:46:45 | INFO     | exam.proctor                 | Proctor socket open for session 4e4a9e97-caa8-4cf8-96fc-a2a7bb26f49d
2026-09-25 14:46:45 | INFO     | exam.proctor                 | Proctor socket closed for session 4e4a9e97-caa8-4cf8-96fc-a2a7bb26f49d
2026-09-25 14:46:45 | INFO     | exam.proctor                 | Proctor socket open for session 069792b8-78a5-482b-a807-9d868083f3a4
2026-09-25 14:46:45 | INFO     | exam.proctor                 | Proctor socket closed for session 069792b8-78a5-482b-a807-9d868083f3a4
2026-09-25 14:46:45 | INFO     | exam.proctor                 | Proctor socket open for session 5d823ad5-1840-4eb5-8090-3cefd79e678d
2026-09-25 14:46:45 | INFO     | exam.proctor                 | Proctor socket closed for session 5d823ad5-1840-4eb5-8090-3cefd79e678d
2026-09-25 14:47:49 | WARNING  | exam.proctor                 | Session c93139e1-420e-480e-b536-4d8f31d53379 flagged: score=106.9 tab_switches=0 left_exam=0
2026-09-25 14:47:49 | WARNING  | exam.proctor                 | Session c93139e1-420e-480e-b536-4d8f31d53379 TERMINATED at score 106.9
2026-09-25 15:01:25 | WARNING  | exam.proctor                 | Session 3ab03421-6f09-46cc-8c24-9af37c531b1d flagged: score=23.1 tab_switches=3 left_exam=3
2026-09-25 15:01:25 | WARNING  | exam.proctor                 | Session 3ab03421-6f09-46cc-8c24-9af37c531b1d AUTO-SUBMITTED after 3 focus violation(s)
2026-09-25 15:01:25 | WARNING  | exam.proctor                 | Session 196895ab-e339-4ce4-96e1-04156696c2ac flagged: score=24.0 tab_switches=1 left_exam=3
2026-09-25 15:01:25 | WARNING  | exam.proctor                 | Session 196895ab-e339-4ce4-96e1-04156696c2ac AUTO-SUBMITTED after 3 focus violation(s)
2026-09-25 15:01:26 | WARNING  | exam.proctor                 | Session a7699cb6-342c-4561-a76a-356c6ff6682a flagged: score=23.1 tab_switches=3 left_exam=3
2026-09-25 15:01:26 | WARNING  | exam.proctor                 | Session a7699cb6-342c-4561-a76a-356c6ff6682a AUTO-SUBMITTED after 3 focus violation(s)
2026-09-25 15:01:26 | WARNING  | exam.proctor                 | Session 6cb8e752-cb7c-4d07-83c1-412f67d5fef3 flagged: score=23.1 tab_switches=3 left_exam=3
2026-09-25 15:01:26 | WARNING  | exam.proctor                 | Session 6cb8e752-cb7c-4d07-83c1-412f67d5fef3 AUTO-SUBMITTED after 3 focus violation(s)
2026-09-25 15:01:26 | WARNING  | exam.proctor                 | Session 8b20472f-39f0-4bfc-8c06-f718deb19ea2 flagged: score=23.1 tab_switches=3 left_exam=3
2026-09-25 15:01:26 | WARNING  | exam.proctor                 | Session 8b20472f-39f0-4bfc-8c06-f718deb19ea2 AUTO-SUBMITTED after 3 focus violation(s)
2026-09-25 15:01:27 | WARNING  | exam.proctor                 | Session ec4dd67d-1496-4be9-89dd-6e99821a3829 flagged: score=23.1 tab_switches=3 left_exam=3
2026-09-25 15:01:27 | WARNING  | exam.proctor                 | Session ec4dd67d-1496-4be9-89dd-6e99821a3829 AUTO-SUBMITTED after 3 focus violation(s)
2026-09-25 15:01:27 | WARNING  | exam.proctor                 | Session 712edb39-0e9d-4011-8dca-b0f756bd42b0 flagged: score=23.1 tab_switches=3 left_exam=3
2026-09-25 15:01:27 | WARNING  | exam.proctor                 | Session 712edb39-0e9d-4011-8dca-b0f756bd42b0 AUTO-SUBMITTED after 3 focus violation(s)
2026-09-25 15:01:28 | WARNING  | exam.proctor                 | Session bcb355fa-deb7-4425-9c68-8e0329869ec6 flagged: score=23.1 tab_switches=3 left_exam=3
2026-09-25 15:01:28 | WARNING  | exam.proctor                 | Session bcb355fa-deb7-4425-9c68-8e0329869ec6 AUTO-SUBMITTED after 3 focus violation(s)
2026-09-25 15:01:28 | INFO     | exam.proctor                 | examiner-bcb5927d@test.edu ruled session bcb355fa-deb7-4425-9c68-8e0329869ec6 as cleared
2026-09-25 15:01:29 | WARNING  | exam.proctor                 | Session 83a4a858-5a9b-472d-aff9-f5458f6dd3f1 flagged: score=27.3 tab_switches=4 left_exam=4
2026-09-25 15:01:29 | WARNING  | exam.proctor                 | Session d4ecba9f-8088-40f2-bf22-aff6ad4c7be6 flagged: score=10.0 tab_switches=1 left_exam=1
2026-09-25 15:01:29 | WARNING  | exam.proctor                 | Session d4ecba9f-8088-40f2-bf22-aff6ad4c7be6 AUTO-SUBMITTED after 1 focus violation(s)
2026-09-25 15:01:32 | INFO     | exam.proctor                 | examiner-66819dfe@test.edu ruled session 52a4a2e0-6597-4730-8cb8-0e79e308fe58 as cleared
2026-09-25 15:01:32 | INFO     | exam.proctor                 | examiner-c3e4dd60@test.edu ruled session 9a5c2d8c-9bdb-49f5-90e0-1276dff7be56 as malpractice
2026-09-25 15:01:33 | INFO     | exam.proctor                 | examiner-67305ff6@test.edu ruled session b0980dab-c1df-415a-a2a4-d079dfd8d824 as cleared
2026-09-25 15:01:34 | INFO     | exam.proctor                 | examiner-d687439e@test.edu ruled session 73e4bbab-452f-4446-85b5-6ccb32fcf737 as malpractice
2026-09-25 15:01:35 | INFO     | exam.proctor                 | examiner-57d210bf@test.edu ruled session 90515832-0268-460e-b082-1424c363a41a as malpractice
2026-09-25 15:01:36 | INFO     | exam.proctor                 | examiner-032b003d@test.edu ruled session 6eb2688b-ca22-468c-aac4-467384138340 as malpractice
2026-09-25 15:01:37 | INFO     | exam.proctor                 | examiner-8fd1ca25@test.edu ruled session c8b737dc-0be9-490e-973b-94b2713d6cc1 as cleared
2026-09-25 15:01:56 | INFO     | exam.proctor                 | Proctor socket open for session b3cad755-ff4f-4bcd-9b2c-801e9a1097fa
2026-09-25 15:01:56 | INFO     | exam.proctor                 | Proctor socket closed for session b3cad755-ff4f-4bcd-9b2c-801e9a1097fa
2026-09-25 15:01:57 | INFO     | exam.proctor                 | Proctor socket open for session ec3414ec-5f53-4563-9902-339e3f3c3549
2026-09-25 15:01:57 | INFO     | exam.proctor                 | Proctor socket closed for session ec3414ec-5f53-4563-9902-339e3f3c3549
2026-09-25 15:01:58 | INFO     | exam.proctor                 | Proctor socket open for session 147d1842-c416-48f5-b6cb-63215eb69179
2026-09-25 15:01:58 | INFO     | exam.proctor                 | Proctor socket closed for session 147d1842-c416-48f5-b6cb-63215eb69179
2026-09-25 15:01:58 | INFO     | exam.proctor                 | Proctor socket open for session e95370ae-b4a9-43cc-9145-090c183039a3
2026-09-25 15:01:58 | WARNING  | exam.proctor                 | Session e95370ae-b4a9-43cc-9145-090c183039a3 flagged: score=23.1 tab_switches=3 left_exam=3
2026-09-25 15:01:58 | WARNING  | exam.proctor                 | Session e95370ae-b4a9-43cc-9145-090c183039a3 AUTO-SUBMITTED after 3 focus violation(s)
2026-09-25 15:01:58 | INFO     | exam.proctor                 | Proctor socket open for session d83389c0-33ea-49de-b11a-f54dad53999b
2026-09-25 15:01:58 | INFO     | exam.proctor                 | Proctor socket closed for session d83389c0-33ea-49de-b11a-f54dad53999b
2026-09-25 15:01:58 | INFO     | exam.proctor                 | Proctor socket open for session 966bbf12-9459-4d7c-b03a-26d60d671fa5
2026-09-25 15:01:58 | INFO     | exam.proctor                 | Proctor socket closed for session 966bbf12-9459-4d7c-b03a-26d60d671fa5
2026-09-25 15:01:59 | INFO     | exam.proctor                 | Proctor socket open for session 2f134dbf-ff3a-400e-ba17-52616384ee64
2026-09-25 15:01:59 | INFO     | exam.proctor                 | Proctor socket closed for session 2f134dbf-ff3a-400e-ba17-52616384ee64
2026-09-25 15:01:59 | INFO     | exam.proctor                 | Proctor socket open for session 76f6ce9e-68c5-466e-8149-c839e675a3ba
2026-09-25 15:01:59 | INFO     | exam.proctor                 | Proctor socket closed for session 76f6ce9e-68c5-466e-8149-c839e675a3ba
2026-09-25 15:03:09 | WARNING  | exam.proctor                 | Session 76132a9c-4942-4fdd-ba4b-67c0e22e7386 flagged: score=106.9 tab_switches=0 left_exam=0
2026-09-25 15:03:09 | WARNING  | exam.proctor                 | Session 76132a9c-4942-4fdd-ba4b-67c0e22e7386 TERMINATED at score 106.9
2026-09-25 15:03:21 | WARNING  | exam.proctor                 | Session ff6bc24e-5b9b-452c-b9d3-ea997a5d98d8 flagged: score=23.1 tab_switches=3 left_exam=3
2026-09-25 15:03:21 | WARNING  | exam.proctor                 | Session ff6bc24e-5b9b-452c-b9d3-ea997a5d98d8 AUTO-SUBMITTED after 3 focus violation(s)
2026-09-25 15:03:22 | WARNING  | exam.proctor                 | Session 67b38f42-ead2-4522-a7b7-5851bb0cda57 flagged: score=24.0 tab_switches=1 left_exam=3
2026-09-25 15:03:22 | WARNING  | exam.proctor                 | Session 67b38f42-ead2-4522-a7b7-5851bb0cda57 AUTO-SUBMITTED after 3 focus violation(s)
2026-09-25 15:03:22 | WARNING  | exam.proctor                 | Session b25b5d3c-163f-481e-9596-a137994cb1df flagged: score=23.1 tab_switches=3 left_exam=3
2026-09-25 15:03:22 | WARNING  | exam.proctor                 | Session b25b5d3c-163f-481e-9596-a137994cb1df AUTO-SUBMITTED after 3 focus violation(s)
2026-09-25 15:03:22 | WARNING  | exam.proctor                 | Session 53cb0627-4c44-45d9-930a-049d9bf985d8 flagged: score=23.1 tab_switches=3 left_exam=3
2026-09-25 15:03:22 | WARNING  | exam.proctor                 | Session 53cb0627-4c44-45d9-930a-049d9bf985d8 AUTO-SUBMITTED after 3 focus violation(s)
2026-09-25 15:03:23 | WARNING  | exam.proctor                 | Session b6cf1c77-dde0-461f-bd3d-5059c99604c7 flagged: score=23.1 tab_switches=3 left_exam=3
2026-09-25 15:03:23 | WARNING  | exam.proctor                 | Session b6cf1c77-dde0-461f-bd3d-5059c99604c7 AUTO-SUBMITTED after 3 focus violation(s)
2026-09-25 15:03:23 | WARNING  | exam.proctor                 | Session 5136b2ed-2b60-479b-a17e-386a83b96d23 flagged: score=23.1 tab_switches=3 left_exam=3
2026-09-25 15:03:23 | WARNING  | exam.proctor                 | Session 5136b2ed-2b60-479b-a17e-386a83b96d23 AUTO-SUBMITTED after 3 focus violation(s)
2026-09-25 15:03:23 | WARNING  | exam.proctor                 | Session bfe278f2-2ae1-4d02-899e-76f996e9c49f flagged: score=23.1 tab_switches=3 left_exam=3
2026-09-25 15:03:23 | WARNING  | exam.proctor                 | Session bfe278f2-2ae1-4d02-899e-76f996e9c49f AUTO-SUBMITTED after 3 focus violation(s)
2026-09-25 15:03:24 | WARNING  | exam.proctor                 | Session c2581bf5-c587-4a4b-a915-1a1c3970168b flagged: score=23.1 tab_switches=3 left_exam=3
2026-09-25 15:03:24 | WARNING  | exam.proctor                 | Session c2581bf5-c587-4a4b-a915-1a1c3970168b AUTO-SUBMITTED after 3 focus violation(s)
2026-09-25 15:03:24 | INFO     | exam.proctor                 | examiner-efa25a36@test.edu ruled session c2581bf5-c587-4a4b-a915-1a1c3970168b as cleared
2026-09-25 15:03:25 | WARNING  | exam.proctor                 | Session 491eadb8-54e3-432f-9a1a-3e63cdb7e233 flagged: score=27.3 tab_switches=4 left_exam=4
2026-09-25 15:03:25 | WARNING  | exam.proctor                 | Session 52e1ae3f-77de-4d91-a9da-eefe3be68b60 flagged: score=10.0 tab_switches=1 left_exam=1
2026-09-25 15:03:25 | WARNING  | exam.proctor                 | Session 52e1ae3f-77de-4d91-a9da-eefe3be68b60 AUTO-SUBMITTED after 1 focus violation(s)
2026-09-25 15:03:28 | INFO     | exam.proctor                 | examiner-9a8a20d9@test.edu ruled session c867310c-382d-4cef-a9c7-32e2f4fc7d91 as cleared
2026-09-25 15:03:28 | INFO     | exam.proctor                 | examiner-6d228b12@test.edu ruled session 22664479-77ef-4a9a-9a39-27c970e91449 as malpractice
2026-09-25 15:03:29 | INFO     | exam.proctor                 | examiner-b6fb5dd4@test.edu ruled session d88de646-67e5-415c-b3ca-eeab824d6bd7 as cleared
2026-09-25 15:03:30 | INFO     | exam.proctor                 | examiner-d8060b41@test.edu ruled session 8d4987d6-a805-4614-b0cd-649fdc5b8163 as malpractice
2026-09-25 15:03:31 | INFO     | exam.proctor                 | examiner-81ead6cc@test.edu ruled session 54cf5ce2-67a6-4883-91a0-b8ade2d33f82 as malpractice
2026-09-25 15:03:32 | INFO     | exam.proctor                 | examiner-813aa190@test.edu ruled session 882bdfe9-6d17-43b2-899f-5da2e7c6cc2a as malpractice
2026-09-25 15:03:32 | INFO     | exam.proctor                 | examiner-a35e87e6@test.edu ruled session 8fe36f78-b5e6-422a-90eb-ac443a7216a2 as cleared
2026-09-25 15:03:51 | INFO     | exam.proctor                 | Proctor socket open for session 39f02636-2663-4f76-b09c-5cbc08547462
2026-09-25 15:03:51 | INFO     | exam.proctor                 | Proctor socket closed for session 39f02636-2663-4f76-b09c-5cbc08547462
2026-09-25 15:03:53 | INFO     | exam.proctor                 | Proctor socket open for session f013cfec-a48b-40c5-be8d-19f7a906d95e
2026-09-25 15:03:53 | INFO     | exam.proctor                 | Proctor socket closed for session f013cfec-a48b-40c5-be8d-19f7a906d95e
2026-09-25 15:03:53 | INFO     | exam.proctor                 | Proctor socket open for session bc884880-1623-4fd0-9d65-bd054c0e2894
2026-09-25 15:03:53 | INFO     | exam.proctor                 | Proctor socket closed for session bc884880-1623-4fd0-9d65-bd054c0e2894
2026-09-25 15:03:53 | INFO     | exam.proctor                 | Proctor socket open for session 52cbd9ad-8d3e-4438-ac38-313c7d5430b8
2026-09-25 15:03:53 | WARNING  | exam.proctor                 | Session 52cbd9ad-8d3e-4438-ac38-313c7d5430b8 flagged: score=23.1 tab_switches=3 left_exam=3
2026-09-25 15:03:53 | WARNING  | exam.proctor                 | Session 52cbd9ad-8d3e-4438-ac38-313c7d5430b8 AUTO-SUBMITTED after 3 focus violation(s)
2026-09-25 15:03:54 | INFO     | exam.proctor                 | Proctor socket open for session a1ea5188-b755-4b9c-a17c-051bee47d3f9
2026-09-25 15:03:54 | INFO     | exam.proctor                 | Proctor socket closed for session a1ea5188-b755-4b9c-a17c-051bee47d3f9
2026-09-25 15:03:54 | INFO     | exam.proctor                 | Proctor socket open for session 307713a4-7e4e-48ba-ab55-fd1d6a189f4d
2026-09-25 15:03:54 | INFO     | exam.proctor                 | Proctor socket closed for session 307713a4-7e4e-48ba-ab55-fd1d6a189f4d
2026-09-25 15:03:54 | INFO     | exam.proctor                 | Proctor socket open for session 79541151-d44b-41e8-a50a-2eba6799a6ac
2026-09-25 15:03:54 | INFO     | exam.proctor                 | Proctor socket closed for session 79541151-d44b-41e8-a50a-2eba6799a6ac
2026-09-25 15:03:54 | INFO     | exam.proctor                 | Proctor socket open for session 0f763a9a-3609-4d03-bee5-efcda3713b03
2026-09-25 15:03:54 | INFO     | exam.proctor                 | Proctor socket closed for session 0f763a9a-3609-4d03-bee5-efcda3713b03
2026-09-25 16:08:45 | WARNING  | exam.proctor                 | Session c50e35c6-7127-46c3-9088-5c8142dc3159 flagged: score=106.9 tab_switches=0 left_exam=0
2026-09-25 16:08:45 | WARNING  | exam.proctor                 | Session c50e35c6-7127-46c3-9088-5c8142dc3159 TERMINATED at score 106.9
2026-09-25 16:09:08 | WARNING  | exam.proctor                 | Session c45aa701-3cf6-4a7a-afe1-602981bc9a26 flagged: score=23.1 tab_switches=3 left_exam=3
2026-09-25 16:09:08 | WARNING  | exam.proctor                 | Session c45aa701-3cf6-4a7a-afe1-602981bc9a26 AUTO-SUBMITTED after 3 focus violation(s)
2026-09-25 16:09:08 | WARNING  | exam.proctor                 | Session 5ede429b-2799-47ac-8f8e-7b79ba9f9c26 flagged: score=24.0 tab_switches=1 left_exam=3
2026-09-25 16:09:08 | WARNING  | exam.proctor                 | Session 5ede429b-2799-47ac-8f8e-7b79ba9f9c26 AUTO-SUBMITTED after 3 focus violation(s)
2026-09-25 16:09:09 | WARNING  | exam.proctor                 | Session b1cd2860-39ce-43a2-9277-45b9c1312686 flagged: score=23.1 tab_switches=3 left_exam=3
2026-09-25 16:09:09 | WARNING  | exam.proctor                 | Session b1cd2860-39ce-43a2-9277-45b9c1312686 AUTO-SUBMITTED after 3 focus violation(s)
2026-09-25 16:09:10 | WARNING  | exam.proctor                 | Session 1be8565d-3a9e-445f-aed8-5c83470ee16e flagged: score=23.1 tab_switches=3 left_exam=3
2026-09-25 16:09:10 | WARNING  | exam.proctor                 | Session 1be8565d-3a9e-445f-aed8-5c83470ee16e AUTO-SUBMITTED after 3 focus violation(s)
2026-09-25 16:09:10 | WARNING  | exam.proctor                 | Session 8bc1f603-5514-4d6e-a1ac-e83703110310 flagged: score=23.1 tab_switches=3 left_exam=3
2026-09-25 16:09:10 | WARNING  | exam.proctor                 | Session 8bc1f603-5514-4d6e-a1ac-e83703110310 AUTO-SUBMITTED after 3 focus violation(s)
2026-09-25 16:09:11 | WARNING  | exam.proctor                 | Session 361c5e05-da12-47ae-b3a4-c06ad6050270 flagged: score=23.1 tab_switches=3 left_exam=3
2026-09-25 16:09:11 | WARNING  | exam.proctor                 | Session 361c5e05-da12-47ae-b3a4-c06ad6050270 AUTO-SUBMITTED after 3 focus violation(s)
2026-09-25 16:09:11 | WARNING  | exam.proctor                 | Session 284e747d-db78-4ca0-9e36-b359284d94db flagged: score=23.1 tab_switches=3 left_exam=3
2026-09-25 16:09:11 | WARNING  | exam.proctor                 | Session 284e747d-db78-4ca0-9e36-b359284d94db AUTO-SUBMITTED after 3 focus violation(s)
2026-09-25 16:09:12 | WARNING  | exam.proctor                 | Session ed0ea684-3fd1-4167-8182-a0db049ba1f3 flagged: score=23.1 tab_switches=3 left_exam=3
2026-09-25 16:09:12 | WARNING  | exam.proctor                 | Session ed0ea684-3fd1-4167-8182-a0db049ba1f3 AUTO-SUBMITTED after 3 focus violation(s)
2026-09-25 16:09:12 | INFO     | exam.proctor                 | examiner-74afafdb@test.edu ruled session ed0ea684-3fd1-4167-8182-a0db049ba1f3 as cleared
2026-09-25 16:09:15 | WARNING  | exam.proctor                 | Session adcf1c24-4fae-4698-ae22-566911729a1d flagged: score=27.3 tab_switches=4 left_exam=4
2026-09-25 16:09:15 | WARNING  | exam.proctor                 | Session 8d4efdaa-e5b8-4ab4-9245-1dbb749e6db1 flagged: score=10.0 tab_switches=1 left_exam=1
2026-09-25 16:09:15 | WARNING  | exam.proctor                 | Session 8d4efdaa-e5b8-4ab4-9245-1dbb749e6db1 AUTO-SUBMITTED after 1 focus violation(s)
2026-09-25 16:09:20 | INFO     | exam.proctor                 | examiner-638f32ca@test.edu ruled session df447f38-4531-4d81-8b0f-bbcc45885239 as cleared
2026-09-25 16:09:20 | INFO     | exam.proctor                 | examiner-87360ec4@test.edu ruled session 90e26fac-bdd3-4d41-a9a4-6e28c8547afe as malpractice
2026-09-25 16:09:23 | INFO     | exam.proctor                 | examiner-8c54bfd1@test.edu ruled session cbe85ddc-82b2-4515-a019-20c8ea268fae as cleared
2026-09-25 16:09:24 | INFO     | exam.proctor                 | examiner-c7ce9e9b@test.edu ruled session 15a75b4d-c48f-4c86-95ca-28075f646935 as malpractice
2026-09-25 16:09:26 | INFO     | exam.proctor                 | examiner-203b2a69@test.edu ruled session da72283e-44f1-42cf-afaa-7d9d0a5186a1 as malpractice
2026-09-25 16:09:27 | INFO     | exam.proctor                 | examiner-bdb62377@test.edu ruled session 38787e86-c4ac-457d-a303-ed5f20293811 as malpractice
2026-09-25 16:09:28 | INFO     | exam.proctor                 | examiner-42089e93@test.edu ruled session b55ae89b-f097-41ae-8983-20f73e84a797 as cleared
2026-09-25 16:09:29 | INFO     | exam.proctor                 | Proctor socket open for session 890a9d87-4b7f-40c3-8090-ea8a2bff4439
2026-09-25 16:09:29 | INFO     | exam.proctor                 | Proctor socket closed for session 890a9d87-4b7f-40c3-8090-ea8a2bff4439
2026-09-25 16:09:29 | INFO     | exam.proctor                 | Proctor socket open for session 890a9d87-4b7f-40c3-8090-ea8a2bff4439
2026-09-25 16:09:52 | INFO     | exam.proctor                 | Proctor socket closed for session 890a9d87-4b7f-40c3-8090-ea8a2bff4439
2026-09-25 16:10:01 | INFO     | exam.proctor                 | Proctor socket open for session c51e4123-8246-4da9-a1af-95e230bfdca4
2026-09-25 16:10:01 | INFO     | exam.proctor                 | Proctor socket closed for session c51e4123-8246-4da9-a1af-95e230bfdca4
2026-09-25 16:10:02 | INFO     | exam.proctor                 | Proctor socket open for session a8599849-4e83-4750-9712-cba75b8fa3c4
2026-09-25 16:10:02 | INFO     | exam.proctor                 | Proctor socket closed for session a8599849-4e83-4750-9712-cba75b8fa3c4
2026-09-25 16:10:03 | INFO     | exam.proctor                 | Proctor socket open for session aa6f3cf6-c3cd-41b6-8b24-bb4abd3ee0f3
2026-09-25 16:10:03 | INFO     | exam.proctor                 | Proctor socket closed for session aa6f3cf6-c3cd-41b6-8b24-bb4abd3ee0f3
2026-09-25 16:10:03 | INFO     | exam.proctor                 | Proctor socket open for session da684631-3ea8-40ef-8522-972bace9b478
2026-09-25 16:10:03 | WARNING  | exam.proctor                 | Session da684631-3ea8-40ef-8522-972bace9b478 flagged: score=23.1 tab_switches=3 left_exam=3
2026-09-25 16:10:03 | WARNING  | exam.proctor                 | Session da684631-3ea8-40ef-8522-972bace9b478 AUTO-SUBMITTED after 3 focus violation(s)
2026-09-25 16:10:03 | INFO     | exam.proctor                 | Proctor socket open for session a91b24e9-3e9e-4fe1-ba6c-a36618499b40
2026-09-25 16:10:03 | INFO     | exam.proctor                 | Proctor socket closed for session a91b24e9-3e9e-4fe1-ba6c-a36618499b40
2026-09-25 16:10:04 | INFO     | exam.proctor                 | Proctor socket open for session 96d547d7-acc2-40fd-87f3-6f52c55eeba8
2026-09-25 16:10:04 | INFO     | exam.proctor                 | Proctor socket closed for session 96d547d7-acc2-40fd-87f3-6f52c55eeba8
2026-09-25 16:10:04 | INFO     | exam.proctor                 | Proctor socket open for session 4076c3f2-96da-45e9-9366-68b5d9150b7e
2026-09-25 16:10:04 | INFO     | exam.proctor                 | Proctor socket closed for session 4076c3f2-96da-45e9-9366-68b5d9150b7e
2026-09-25 16:10:04 | INFO     | exam.proctor                 | Proctor socket open for session 1dcfaaf8-e00e-48a4-8866-53dbb6a93c2c
2026-09-25 16:10:04 | INFO     | exam.proctor                 | Proctor socket closed for session 1dcfaaf8-e00e-48a4-8866-53dbb6a93c2c
2026-09-25 16:21:05 | WARNING  | exam.proctor                 | Session f155f2e0-d583-4886-9ff2-707229000e5a flagged: score=106.9 tab_switches=0 left_exam=0
2026-09-25 16:21:05 | WARNING  | exam.proctor                 | Session f155f2e0-d583-4886-9ff2-707229000e5a TERMINATED at score 106.9
2026-09-25 16:21:17 | WARNING  | exam.proctor                 | Session fb18cd09-5dac-44d9-a625-2255d3cfe2b6 flagged: score=23.1 tab_switches=3 left_exam=3
2026-09-25 16:21:17 | WARNING  | exam.proctor                 | Session fb18cd09-5dac-44d9-a625-2255d3cfe2b6 AUTO-SUBMITTED after 3 focus violation(s)
2026-09-25 16:21:18 | WARNING  | exam.proctor                 | Session a0071147-4aa5-46b7-8abb-47cbdd91c091 flagged: score=24.0 tab_switches=1 left_exam=3
2026-09-25 16:21:18 | WARNING  | exam.proctor                 | Session a0071147-4aa5-46b7-8abb-47cbdd91c091 AUTO-SUBMITTED after 3 focus violation(s)
2026-09-25 16:21:18 | WARNING  | exam.proctor                 | Session 684c91d3-7c2b-4136-bd93-4ae5d75ad666 flagged: score=23.1 tab_switches=3 left_exam=3
2026-09-25 16:21:18 | WARNING  | exam.proctor                 | Session 684c91d3-7c2b-4136-bd93-4ae5d75ad666 AUTO-SUBMITTED after 3 focus violation(s)
2026-09-25 16:21:19 | WARNING  | exam.proctor                 | Session 41035bc0-93e7-48c1-9bd8-dfcd8e14d276 flagged: score=23.1 tab_switches=3 left_exam=3
2026-09-25 16:21:19 | WARNING  | exam.proctor                 | Session 41035bc0-93e7-48c1-9bd8-dfcd8e14d276 AUTO-SUBMITTED after 3 focus violation(s)
2026-09-25 16:21:19 | WARNING  | exam.proctor                 | Session 20979359-5c10-4a5f-b991-a22eabf5aaa7 flagged: score=23.1 tab_switches=3 left_exam=3
2026-09-25 16:21:19 | WARNING  | exam.proctor                 | Session 20979359-5c10-4a5f-b991-a22eabf5aaa7 AUTO-SUBMITTED after 3 focus violation(s)
2026-09-25 16:21:19 | WARNING  | exam.proctor                 | Session a71f8b17-a0df-4f1d-aee2-91ae6235afee flagged: score=23.1 tab_switches=3 left_exam=3
2026-09-25 16:21:19 | WARNING  | exam.proctor                 | Session a71f8b17-a0df-4f1d-aee2-91ae6235afee AUTO-SUBMITTED after 3 focus violation(s)
2026-09-25 16:21:20 | WARNING  | exam.proctor                 | Session 06e5682a-ef53-4405-91b1-718b73304551 flagged: score=23.1 tab_switches=3 left_exam=3
2026-09-25 16:21:20 | WARNING  | exam.proctor                 | Session 06e5682a-ef53-4405-91b1-718b73304551 AUTO-SUBMITTED after 3 focus violation(s)
2026-09-25 16:21:20 | WARNING  | exam.proctor                 | Session 6395d38f-8673-490a-aaab-03a8f34e98fb flagged: score=23.1 tab_switches=3 left_exam=3
2026-09-25 16:21:20 | WARNING  | exam.proctor                 | Session 6395d38f-8673-490a-aaab-03a8f34e98fb AUTO-SUBMITTED after 3 focus violation(s)
2026-09-25 16:21:20 | INFO     | exam.proctor                 | examiner-0060220a@test.edu ruled session 6395d38f-8673-490a-aaab-03a8f34e98fb as cleared
2026-09-25 16:21:21 | WARNING  | exam.proctor                 | Session 8af27b05-d0eb-4e4e-9d7e-56115a6e98da flagged: score=27.3 tab_switches=4 left_exam=4
2026-09-25 16:21:21 | WARNING  | exam.proctor                 | Session d260b28f-c9f6-448c-a9ee-ba6229d2e8b4 flagged: score=10.0 tab_switches=1 left_exam=1
2026-09-25 16:21:21 | WARNING  | exam.proctor                 | Session d260b28f-c9f6-448c-a9ee-ba6229d2e8b4 AUTO-SUBMITTED after 1 focus violation(s)
2026-09-25 16:21:24 | INFO     | exam.proctor                 | examiner-19fd1038@test.edu ruled session 1a32b842-1b8b-4f67-aec1-5c2de5c5c422 as cleared
2026-09-25 16:21:24 | INFO     | exam.proctor                 | examiner-a019a5b9@test.edu ruled session 0ce04414-4c0c-4693-8f2f-fb7cfcad4fcb as malpractice
2026-09-25 16:21:25 | INFO     | exam.proctor                 | examiner-dec444ae@test.edu ruled session c65023ef-43af-484b-bd14-c793b66e741b as cleared
2026-09-25 16:21:26 | INFO     | exam.proctor                 | examiner-ce9d8b47@test.edu ruled session 9822ed0b-f76b-4a48-b04d-924a58df8460 as malpractice
2026-09-25 16:21:27 | INFO     | exam.proctor                 | examiner-7e0e012d@test.edu ruled session 4450a8bc-08e1-4ffe-b782-a3ed5ac857e1 as malpractice
2026-09-25 16:21:28 | INFO     | exam.proctor                 | examiner-e19a19f6@test.edu ruled session 54b45713-78f3-447f-9703-6e090bcf4beb as malpractice
2026-09-25 16:21:29 | INFO     | exam.proctor                 | examiner-2fe6ed9d@test.edu ruled session 07e810c4-d0c1-47eb-9e59-db8fb9be15ae as cleared
2026-09-25 16:21:48 | INFO     | exam.proctor                 | Proctor socket open for session e1debda0-64ae-48f8-b545-320d13b31aeb
2026-09-25 16:21:48 | INFO     | exam.proctor                 | Proctor socket closed for session e1debda0-64ae-48f8-b545-320d13b31aeb
2026-09-25 16:21:50 | INFO     | exam.proctor                 | Proctor socket open for session be084e77-7234-42fb-8532-573f2914788f
2026-09-25 16:21:50 | INFO     | exam.proctor                 | Proctor socket closed for session be084e77-7234-42fb-8532-573f2914788f
2026-09-25 16:21:50 | INFO     | exam.proctor                 | Proctor socket open for session 05738038-4ad1-4347-8056-a7b25e978746
2026-09-25 16:21:50 | INFO     | exam.proctor                 | Proctor socket closed for session 05738038-4ad1-4347-8056-a7b25e978746
2026-09-25 16:21:50 | INFO     | exam.proctor                 | Proctor socket open for session b40b7a68-8d38-4ad1-993e-fc4bdef40d57
2026-09-25 16:21:50 | WARNING  | exam.proctor                 | Session b40b7a68-8d38-4ad1-993e-fc4bdef40d57 flagged: score=23.1 tab_switches=3 left_exam=3
2026-09-25 16:21:50 | WARNING  | exam.proctor                 | Session b40b7a68-8d38-4ad1-993e-fc4bdef40d57 AUTO-SUBMITTED after 3 focus violation(s)
2026-09-25 16:21:51 | INFO     | exam.proctor                 | Proctor socket open for session 308092b1-88f1-4f73-bab8-bd4a6c33c26e
2026-09-25 16:21:51 | INFO     | exam.proctor                 | Proctor socket closed for session 308092b1-88f1-4f73-bab8-bd4a6c33c26e
2026-09-25 16:21:51 | INFO     | exam.proctor                 | Proctor socket open for session 74fb241d-d38c-437b-805a-331d16983749
2026-09-25 16:21:51 | INFO     | exam.proctor                 | Proctor socket closed for session 74fb241d-d38c-437b-805a-331d16983749
2026-09-25 16:21:51 | INFO     | exam.proctor                 | Proctor socket open for session 0fc61ef8-968e-4aa2-976f-48a2ac67f34a
2026-09-25 16:21:51 | INFO     | exam.proctor                 | Proctor socket closed for session 0fc61ef8-968e-4aa2-976f-48a2ac67f34a
2026-09-25 16:21:52 | INFO     | exam.proctor                 | Proctor socket open for session fb7f4ceb-0d8f-47a7-bbd1-a53886b54499
2026-09-25 16:21:52 | INFO     | exam.proctor                 | Proctor socket closed for session fb7f4ceb-0d8f-47a7-bbd1-a53886b54499
2026-09-25 16:48:10 | WARNING  | exam.proctor                 | Session fcabe85b-89e3-4a44-8166-19e4099bcf68 flagged: score=106.9 tab_switches=0 left_exam=0
2026-09-25 16:48:10 | WARNING  | exam.proctor                 | Session fcabe85b-89e3-4a44-8166-19e4099bcf68 TERMINATED at score 106.9
2026-09-25 16:48:26 | WARNING  | exam.proctor                 | Session 86e937a6-8bd2-4aa8-95b0-dfbd8b9f70d3 flagged: score=23.1 tab_switches=3 left_exam=3
2026-09-25 16:48:26 | WARNING  | exam.proctor                 | Session 86e937a6-8bd2-4aa8-95b0-dfbd8b9f70d3 AUTO-SUBMITTED after 3 focus violation(s)
2026-09-25 16:48:26 | WARNING  | exam.proctor                 | Session 402cab26-0ff0-42e6-abc2-5cc4a6ea3694 flagged: score=24.0 tab_switches=1 left_exam=3
2026-09-25 16:48:26 | WARNING  | exam.proctor                 | Session 402cab26-0ff0-42e6-abc2-5cc4a6ea3694 AUTO-SUBMITTED after 3 focus violation(s)
2026-09-25 16:48:27 | WARNING  | exam.proctor                 | Session fe6a3b98-9aa3-42d0-9ae2-bf71701aa11b flagged: score=23.1 tab_switches=3 left_exam=3
2026-09-25 16:48:27 | WARNING  | exam.proctor                 | Session fe6a3b98-9aa3-42d0-9ae2-bf71701aa11b AUTO-SUBMITTED after 3 focus violation(s)
2026-09-25 16:48:27 | WARNING  | exam.proctor                 | Session d3b73014-55d4-488b-b9d7-62023cceea81 flagged: score=23.1 tab_switches=3 left_exam=3
2026-09-25 16:48:27 | WARNING  | exam.proctor                 | Session d3b73014-55d4-488b-b9d7-62023cceea81 AUTO-SUBMITTED after 3 focus violation(s)
2026-09-25 16:48:28 | WARNING  | exam.proctor                 | Session 36fc5454-679d-49c8-af80-f8afaa0176ae flagged: score=23.1 tab_switches=3 left_exam=3
2026-09-25 16:48:28 | WARNING  | exam.proctor                 | Session 36fc5454-679d-49c8-af80-f8afaa0176ae AUTO-SUBMITTED after 3 focus violation(s)
2026-09-25 16:48:28 | WARNING  | exam.proctor                 | Session 3a9f493a-3dc5-47be-bdeb-9ca01b048f26 flagged: score=23.1 tab_switches=3 left_exam=3
2026-09-25 16:48:28 | WARNING  | exam.proctor                 | Session 3a9f493a-3dc5-47be-bdeb-9ca01b048f26 AUTO-SUBMITTED after 3 focus violation(s)
2026-09-25 16:48:28 | WARNING  | exam.proctor                 | Session 61adec28-b731-4c73-8812-0f291a47d5a9 flagged: score=23.1 tab_switches=3 left_exam=3
2026-09-25 16:48:28 | WARNING  | exam.proctor                 | Session 61adec28-b731-4c73-8812-0f291a47d5a9 AUTO-SUBMITTED after 3 focus violation(s)
2026-09-25 16:48:29 | WARNING  | exam.proctor                 | Session 2296d26c-3d78-45ca-b279-b3d02e7b6806 flagged: score=23.1 tab_switches=3 left_exam=3
2026-09-25 16:48:29 | WARNING  | exam.proctor                 | Session 2296d26c-3d78-45ca-b279-b3d02e7b6806 AUTO-SUBMITTED after 3 focus violation(s)
2026-09-25 16:48:29 | INFO     | exam.proctor                 | examiner-83a71fb4@test.edu ruled session 2296d26c-3d78-45ca-b279-b3d02e7b6806 as cleared
2026-09-25 16:48:30 | WARNING  | exam.proctor                 | Session 9c60c877-4d31-442a-88e0-473c49dfb46d flagged: score=27.3 tab_switches=4 left_exam=4
2026-09-25 16:48:31 | WARNING  | exam.proctor                 | Session a4aebe34-4f27-4e33-a462-099ab2b796ab flagged: score=10.0 tab_switches=1 left_exam=1
2026-09-25 16:48:31 | WARNING  | exam.proctor                 | Session a4aebe34-4f27-4e33-a462-099ab2b796ab AUTO-SUBMITTED after 1 focus violation(s)
2026-09-25 16:48:34 | INFO     | exam.proctor                 | examiner-22e48d75@test.edu ruled session 3994ac4e-de8f-4c74-98e9-d0548d778730 as cleared
2026-09-25 16:48:34 | INFO     | exam.proctor                 | examiner-9d9ae614@test.edu ruled session c7216b5b-4d05-4f0f-830c-c948fb084274 as malpractice
2026-09-25 16:48:36 | INFO     | exam.proctor                 | examiner-14354d1a@test.edu ruled session 26a0dc17-36ff-4516-9cdb-b90bdb914614 as cleared
2026-09-25 16:48:37 | INFO     | exam.proctor                 | examiner-1fd0bdf0@test.edu ruled session 87cd63c4-a1d2-486d-bf79-4f79b1cc437b as malpractice
2026-09-25 16:48:38 | INFO     | exam.proctor                 | examiner-ca128c17@test.edu ruled session d94de7a8-e285-46a6-bd22-d8d3b97e3fdd as malpractice
2026-09-25 16:48:39 | INFO     | exam.proctor                 | examiner-74da1d7a@test.edu ruled session c1322eb3-f39e-48db-82b8-c7ea887dabd6 as malpractice
2026-09-25 16:48:40 | INFO     | exam.proctor                 | examiner-dbcdab84@test.edu ruled session e286b7bc-74e1-46e0-b385-3bf2a6fe2514 as cleared
2026-09-25 16:49:03 | INFO     | exam.proctor                 | Proctor socket open for session 1db4cdc6-4b1a-49e8-9232-021a6270bf8d
2026-09-25 16:49:04 | INFO     | exam.proctor                 | Proctor socket closed for session 1db4cdc6-4b1a-49e8-9232-021a6270bf8d
2026-09-25 16:49:05 | INFO     | exam.proctor                 | Proctor socket open for session 1734e6e3-cf09-4547-9bcd-8e934cde8745
2026-09-25 16:49:05 | INFO     | exam.proctor                 | Proctor socket closed for session 1734e6e3-cf09-4547-9bcd-8e934cde8745
2026-09-25 16:49:06 | INFO     | exam.proctor                 | Proctor socket open for session f57b0e6e-ef6d-4c52-b17a-b9602f4f68a3
2026-09-25 16:49:06 | INFO     | exam.proctor                 | Proctor socket closed for session f57b0e6e-ef6d-4c52-b17a-b9602f4f68a3
2026-09-25 16:49:06 | INFO     | exam.proctor                 | Proctor socket open for session 6c71defb-223d-4496-a916-028869a597f9
2026-09-25 16:49:06 | WARNING  | exam.proctor                 | Session 6c71defb-223d-4496-a916-028869a597f9 flagged: score=23.1 tab_switches=3 left_exam=3
2026-09-25 16:49:06 | WARNING  | exam.proctor                 | Session 6c71defb-223d-4496-a916-028869a597f9 AUTO-SUBMITTED after 3 focus violation(s)
2026-09-25 16:49:07 | INFO     | exam.proctor                 | Proctor socket open for session 3aaaff5f-a9e1-4938-a799-c3bf1fb78e36
2026-09-25 16:49:07 | INFO     | exam.proctor                 | Proctor socket closed for session 3aaaff5f-a9e1-4938-a799-c3bf1fb78e36
2026-09-25 16:49:07 | INFO     | exam.proctor                 | Proctor socket open for session 927dd459-8296-41cd-a099-929e3bf99c53
2026-09-25 16:49:07 | INFO     | exam.proctor                 | Proctor socket closed for session 927dd459-8296-41cd-a099-929e3bf99c53
2026-09-25 16:49:07 | INFO     | exam.proctor                 | Proctor socket open for session a14f3273-b31a-4594-b9bb-2c15ab1cc2d8
2026-09-25 16:49:07 | INFO     | exam.proctor                 | Proctor socket closed for session a14f3273-b31a-4594-b9bb-2c15ab1cc2d8
2026-09-25 16:49:08 | INFO     | exam.proctor                 | Proctor socket open for session f8d1afa5-94da-47ed-8fec-7de8e36de4c2
2026-09-25 16:49:08 | INFO     | exam.proctor                 | Proctor socket closed for session f8d1afa5-94da-47ed-8fec-7de8e36de4c2
2026-09-25 17:00:37 | WARNING  | exam.proctor                 | Session e68c7340-0357-4685-9363-b628e3524cca flagged: score=106.9 tab_switches=0 left_exam=0
2026-09-25 17:00:37 | WARNING  | exam.proctor                 | Session e68c7340-0357-4685-9363-b628e3524cca TERMINATED at score 106.9
2026-09-25 17:00:59 | WARNING  | exam.proctor                 | Session bec0af02-d4ba-462f-b158-7ccf8c505cd6 flagged: score=23.1 tab_switches=3 left_exam=3
2026-09-25 17:00:59 | WARNING  | exam.proctor                 | Session bec0af02-d4ba-462f-b158-7ccf8c505cd6 AUTO-SUBMITTED after 3 focus violation(s)
2026-09-25 17:01:00 | WARNING  | exam.proctor                 | Session 4aeb5b51-4ba2-44e2-9f84-ed9882a64e74 flagged: score=24.0 tab_switches=1 left_exam=3
2026-09-25 17:01:00 | WARNING  | exam.proctor                 | Session 4aeb5b51-4ba2-44e2-9f84-ed9882a64e74 AUTO-SUBMITTED after 3 focus violation(s)
2026-09-25 17:01:00 | WARNING  | exam.proctor                 | Session d4305617-4b15-4239-9cc2-ccdbd2b6b025 flagged: score=23.1 tab_switches=3 left_exam=3
2026-09-25 17:01:00 | WARNING  | exam.proctor                 | Session d4305617-4b15-4239-9cc2-ccdbd2b6b025 AUTO-SUBMITTED after 3 focus violation(s)
2026-09-25 17:01:01 | WARNING  | exam.proctor                 | Session 4f28caf9-6fcd-498b-83dd-7e3a27e9ae89 flagged: score=23.1 tab_switches=3 left_exam=3
2026-09-25 17:01:01 | WARNING  | exam.proctor                 | Session 4f28caf9-6fcd-498b-83dd-7e3a27e9ae89 AUTO-SUBMITTED after 3 focus violation(s)
2026-09-25 17:01:01 | WARNING  | exam.proctor                 | Session cf69653b-f13d-427b-8826-efb64995b54d flagged: score=23.1 tab_switches=3 left_exam=3
2026-09-25 17:01:01 | WARNING  | exam.proctor                 | Session cf69653b-f13d-427b-8826-efb64995b54d AUTO-SUBMITTED after 3 focus violation(s)
2026-09-25 17:01:02 | WARNING  | exam.proctor                 | Session bcbf00ec-5289-4a71-9f4e-1c4a01343e89 flagged: score=23.1 tab_switches=3 left_exam=3
2026-09-25 17:01:02 | WARNING  | exam.proctor                 | Session bcbf00ec-5289-4a71-9f4e-1c4a01343e89 AUTO-SUBMITTED after 3 focus violation(s)
2026-09-25 17:01:03 | WARNING  | exam.proctor                 | Session 349bcd1e-012e-4470-9fcb-44e697332dc0 flagged: score=23.1 tab_switches=3 left_exam=3
2026-09-25 17:01:03 | WARNING  | exam.proctor                 | Session 349bcd1e-012e-4470-9fcb-44e697332dc0 AUTO-SUBMITTED after 3 focus violation(s)
2026-09-25 17:01:03 | WARNING  | exam.proctor                 | Session 0265cb65-c860-491c-a983-c2fbc14e303c flagged: score=23.1 tab_switches=3 left_exam=3
2026-09-25 17:01:03 | WARNING  | exam.proctor                 | Session 0265cb65-c860-491c-a983-c2fbc14e303c AUTO-SUBMITTED after 3 focus violation(s)
2026-09-25 17:01:03 | INFO     | exam.proctor                 | examiner-a7270db1@test.edu ruled session 0265cb65-c860-491c-a983-c2fbc14e303c as cleared
2026-09-25 17:01:05 | WARNING  | exam.proctor                 | Session 05c3c4a6-a9ba-47a1-9092-389d0513f38a flagged: score=27.3 tab_switches=4 left_exam=4
2026-09-25 17:01:05 | WARNING  | exam.proctor                 | Session 42658d64-c4df-4d9b-9a95-f242c8aaac2e flagged: score=10.0 tab_switches=1 left_exam=1
2026-09-25 17:01:05 | WARNING  | exam.proctor                 | Session 42658d64-c4df-4d9b-9a95-f242c8aaac2e AUTO-SUBMITTED after 1 focus violation(s)
2026-09-25 17:01:09 | INFO     | exam.proctor                 | examiner-39b3a8e2@test.edu ruled session 89b70ca0-0ec6-47fd-8350-ce478b5095a0 as cleared
2026-09-25 17:01:10 | INFO     | exam.proctor                 | examiner-7ab6d36c@test.edu ruled session 37ea4fcc-ebe0-420d-97c8-aa6d990d7b88 as malpractice
2026-09-25 17:01:11 | INFO     | exam.proctor                 | examiner-6da05272@test.edu ruled session 27696c64-48e7-4490-9b34-066659672ad1 as cleared
2026-09-25 17:01:12 | INFO     | exam.proctor                 | examiner-b24a168d@test.edu ruled session 904dcc42-3167-4ad3-bfcb-00cd83bab21a as malpractice
2026-09-25 17:01:14 | INFO     | exam.proctor                 | examiner-417b1b10@test.edu ruled session 7cc76b95-f09f-4bc5-a22d-cd70f68cc81f as malpractice
2026-09-25 17:01:15 | INFO     | exam.proctor                 | examiner-726f1c4a@test.edu ruled session 3c5d54f6-0b5e-4ecc-8bf4-bff4e5e48a68 as malpractice
2026-09-25 17:01:16 | INFO     | exam.proctor                 | examiner-b83902dc@test.edu ruled session af7c9568-75aa-4f25-8c65-9d14f8795fbb as cleared
2026-09-25 17:01:43 | INFO     | exam.proctor                 | Proctor socket open for session 2c4139b4-9b52-457a-a430-18760a27551f
2026-09-25 17:01:43 | INFO     | exam.proctor                 | Proctor socket closed for session 2c4139b4-9b52-457a-a430-18760a27551f
2026-09-25 17:01:45 | INFO     | exam.proctor                 | Proctor socket open for session 1c1206d1-e62f-4979-a82f-e8c0e946370d
2026-09-25 17:01:45 | INFO     | exam.proctor                 | Proctor socket closed for session 1c1206d1-e62f-4979-a82f-e8c0e946370d
2026-09-25 17:01:46 | INFO     | exam.proctor                 | Proctor socket open for session bb75f6f8-c74c-415f-bb2c-9ac6792c4c30
2026-09-25 17:01:46 | INFO     | exam.proctor                 | Proctor socket closed for session bb75f6f8-c74c-415f-bb2c-9ac6792c4c30
2026-09-25 17:01:46 | INFO     | exam.proctor                 | Proctor socket open for session ff1ad488-e700-4ea0-b2e9-3867654b2217
2026-09-25 17:01:46 | WARNING  | exam.proctor                 | Session ff1ad488-e700-4ea0-b2e9-3867654b2217 flagged: score=23.1 tab_switches=3 left_exam=3
2026-09-25 17:01:46 | WARNING  | exam.proctor                 | Session ff1ad488-e700-4ea0-b2e9-3867654b2217 AUTO-SUBMITTED after 3 focus violation(s)
2026-09-25 17:01:47 | INFO     | exam.proctor                 | Proctor socket open for session 3ba21660-d094-4e5c-9993-acd97534d880
2026-09-25 17:01:47 | INFO     | exam.proctor                 | Proctor socket closed for session 3ba21660-d094-4e5c-9993-acd97534d880
2026-09-25 17:01:47 | INFO     | exam.proctor                 | Proctor socket open for session f00f0a3f-321a-4450-83c3-5f977384f5db
2026-09-25 17:01:47 | INFO     | exam.proctor                 | Proctor socket closed for session f00f0a3f-321a-4450-83c3-5f977384f5db
2026-09-25 17:01:48 | INFO     | exam.proctor                 | Proctor socket open for session f33ab240-5550-400f-b012-88b30e4df90f
2026-09-25 17:01:48 | INFO     | exam.proctor                 | Proctor socket closed for session f33ab240-5550-400f-b012-88b30e4df90f
2026-09-25 17:01:48 | INFO     | exam.proctor                 | Proctor socket open for session 1aceacfe-b1d8-4428-b51b-2ff4a6df5c11
2026-09-25 17:01:48 | INFO     | exam.proctor                 | Proctor socket closed for session 1aceacfe-b1d8-4428-b51b-2ff4a6df5c11
2026-09-25 17:25:56 | INFO     | exam.proctor                 | Proctor socket open for session 824270ba-79a3-4d63-99bc-83fa6240e533
2026-09-25 17:25:56 | INFO     | exam.proctor                 | Proctor socket closed for session 824270ba-79a3-4d63-99bc-83fa6240e533
2026-09-25 17:25:56 | INFO     | exam.proctor                 | Proctor socket open for session 824270ba-79a3-4d63-99bc-83fa6240e533
2026-09-25 17:26:27 | INFO     | exam.proctor                 | Proctor socket closed for session 824270ba-79a3-4d63-99bc-83fa6240e533
2026-09-25 17:30:43 | INFO     | exam.proctor                 | Proctor socket open for session 824270ba-79a3-4d63-99bc-83fa6240e533
2026-09-25 17:30:43 | INFO     | exam.proctor                 | Proctor socket closed for session 824270ba-79a3-4d63-99bc-83fa6240e533
2026-09-25 17:30:43 | INFO     | exam.proctor                 | Proctor socket open for session 824270ba-79a3-4d63-99bc-83fa6240e533
2026-09-25 17:32:38 | INFO     | exam.proctor                 | Proctor socket closed for session 824270ba-79a3-4d63-99bc-83fa6240e533
2026-09-25 19:04:23 | WARNING  | exam.proctor                 | Session 3cbf47a2-9eac-40fe-9b43-6d6dc575ed91 flagged: score=106.9 tab_switches=0 left_exam=0
2026-09-25 19:04:23 | WARNING  | exam.proctor                 | Session 3cbf47a2-9eac-40fe-9b43-6d6dc575ed91 TERMINATED at score 106.9
2026-09-25 19:05:16 | WARNING  | exam.proctor                 | Session 4d077f0c-51c3-4c1c-af40-507ccb3b0548 flagged: score=23.1 tab_switches=3 left_exam=3
2026-09-25 19:05:16 | WARNING  | exam.proctor                 | Session 4d077f0c-51c3-4c1c-af40-507ccb3b0548 AUTO-SUBMITTED after 3 focus violation(s)
2026-09-25 19:05:18 | WARNING  | exam.proctor                 | Session 43b4051f-ddd9-42a1-b6d9-da26963ee3ce flagged: score=24.0 tab_switches=1 left_exam=3
2026-09-25 19:05:18 | WARNING  | exam.proctor                 | Session 43b4051f-ddd9-42a1-b6d9-da26963ee3ce AUTO-SUBMITTED after 3 focus violation(s)
2026-09-25 19:05:19 | WARNING  | exam.proctor                 | Session 3d6d4712-1f7d-4ded-b88c-efa754e4a720 flagged: score=23.1 tab_switches=3 left_exam=3
2026-09-25 19:05:19 | WARNING  | exam.proctor                 | Session 3d6d4712-1f7d-4ded-b88c-efa754e4a720 AUTO-SUBMITTED after 3 focus violation(s)
2026-09-25 19:05:20 | WARNING  | exam.proctor                 | Session 61dfcf62-776b-4bff-879b-c0c9b49ee42a flagged: score=23.1 tab_switches=3 left_exam=3
2026-09-25 19:05:20 | WARNING  | exam.proctor                 | Session 61dfcf62-776b-4bff-879b-c0c9b49ee42a AUTO-SUBMITTED after 3 focus violation(s)
2026-09-25 19:05:21 | WARNING  | exam.proctor                 | Session 438efa0b-e8ea-4a98-a177-9885a0448961 flagged: score=23.1 tab_switches=3 left_exam=3
2026-09-25 19:05:21 | WARNING  | exam.proctor                 | Session 438efa0b-e8ea-4a98-a177-9885a0448961 AUTO-SUBMITTED after 3 focus violation(s)
2026-09-25 19:05:22 | WARNING  | exam.proctor                 | Session 731c4d47-e667-4eda-86c4-4ed879ea58c0 flagged: score=23.1 tab_switches=3 left_exam=3
2026-09-25 19:05:22 | WARNING  | exam.proctor                 | Session 731c4d47-e667-4eda-86c4-4ed879ea58c0 AUTO-SUBMITTED after 3 focus violation(s)
2026-09-25 19:05:24 | WARNING  | exam.proctor                 | Session 12391d7e-aff3-41cb-a6a8-4f5f12cba40e flagged: score=23.1 tab_switches=3 left_exam=3
2026-09-25 19:05:24 | WARNING  | exam.proctor                 | Session 12391d7e-aff3-41cb-a6a8-4f5f12cba40e AUTO-SUBMITTED after 3 focus violation(s)
2026-09-25 19:05:25 | WARNING  | exam.proctor                 | Session adb3258a-959d-4bf3-ab9b-42dfe6a033df flagged: score=23.1 tab_switches=3 left_exam=3
2026-09-25 19:05:25 | WARNING  | exam.proctor                 | Session adb3258a-959d-4bf3-ab9b-42dfe6a033df AUTO-SUBMITTED after 3 focus violation(s)
2026-09-25 19:05:25 | INFO     | exam.proctor                 | examiner-1a51e4bc@test.edu ruled session adb3258a-959d-4bf3-ab9b-42dfe6a033df as cleared
2026-09-25 19:05:28 | WARNING  | exam.proctor                 | Session ef529786-65ef-4646-89e8-618affdab059 flagged: score=27.3 tab_switches=4 left_exam=4
2026-09-25 19:05:30 | WARNING  | exam.proctor                 | Session 8b929dc7-48a3-428d-ade7-4fc754b9a426 flagged: score=10.0 tab_switches=1 left_exam=1
2026-09-25 19:05:30 | WARNING  | exam.proctor                 | Session 8b929dc7-48a3-428d-ade7-4fc754b9a426 AUTO-SUBMITTED after 1 focus violation(s)
2026-09-25 19:05:39 | INFO     | exam.proctor                 | examiner-4b87b432@test.edu ruled session 6d683bd4-2614-415a-8b0d-a58d00267838 as cleared
2026-09-25 19:05:40 | INFO     | exam.proctor                 | examiner-ec781159@test.edu ruled session 7f28e3fe-d3a7-476f-8a9f-3044dc294c9a as malpractice
2026-09-25 19:05:43 | INFO     | exam.proctor                 | examiner-d78db750@test.edu ruled session e7ad14a7-5191-4561-a21d-508c9445905d as cleared
2026-09-25 19:05:45 | INFO     | exam.proctor                 | examiner-04cb6f09@test.edu ruled session be9975c4-e700-4e18-bf3e-345b88d5a16e as malpractice
2026-09-25 19:05:50 | INFO     | exam.proctor                 | examiner-ef9a96bf@test.edu ruled session 7b42e7ab-9948-4839-9582-eb0c4dbbb327 as malpractice
2026-09-25 19:05:52 | INFO     | exam.proctor                 | examiner-fb41dbeb@test.edu ruled session 2080a360-d96e-431e-850e-53c5831be201 as malpractice
2026-09-25 19:05:53 | INFO     | exam.proctor                 | examiner-ddc1d567@test.edu ruled session 81df3639-d01c-446d-ab8c-bd6ab21a96f7 as cleared
2026-09-25 19:07:07 | INFO     | exam.proctor                 | Proctor socket open for session efc0367c-73c2-426a-aea3-4f798750dfc2
2026-09-25 19:07:07 | INFO     | exam.proctor                 | Proctor socket closed for session efc0367c-73c2-426a-aea3-4f798750dfc2
2026-09-25 19:07:13 | INFO     | exam.proctor                 | Proctor socket open for session 941534d9-2662-4637-b602-37c0d3439797
2026-09-25 19:07:13 | INFO     | exam.proctor                 | Proctor socket closed for session 941534d9-2662-4637-b602-37c0d3439797
2026-09-25 19:07:13 | INFO     | exam.proctor                 | Proctor socket open for session c6bca27d-ba14-4054-a867-1c71e3a58709
2026-09-25 19:07:14 | INFO     | exam.proctor                 | Proctor socket closed for session c6bca27d-ba14-4054-a867-1c71e3a58709
2026-09-25 19:07:14 | INFO     | exam.proctor                 | Proctor socket open for session f53a5c1d-fb32-4959-8cc3-2b4bb2669445
2026-09-25 19:07:14 | WARNING  | exam.proctor                 | Session f53a5c1d-fb32-4959-8cc3-2b4bb2669445 flagged: score=23.1 tab_switches=3 left_exam=3
2026-09-25 19:07:14 | WARNING  | exam.proctor                 | Session f53a5c1d-fb32-4959-8cc3-2b4bb2669445 AUTO-SUBMITTED after 3 focus violation(s)
2026-09-25 19:07:16 | INFO     | exam.proctor                 | Proctor socket open for session 97dc053e-df1f-47af-b477-62aafc292068
2026-09-25 19:07:16 | INFO     | exam.proctor                 | Proctor socket closed for session 97dc053e-df1f-47af-b477-62aafc292068
2026-09-25 19:07:17 | INFO     | exam.proctor                 | Proctor socket open for session 1284b8a4-1ca2-4e8a-9b37-4c16b45cb12c
2026-09-25 19:07:17 | INFO     | exam.proctor                 | Proctor socket closed for session 1284b8a4-1ca2-4e8a-9b37-4c16b45cb12c
2026-09-25 19:07:17 | INFO     | exam.proctor                 | Proctor socket open for session 1daf490b-9d53-4043-809c-ac8f71a31026
2026-09-25 19:07:18 | INFO     | exam.proctor                 | Proctor socket closed for session 1daf490b-9d53-4043-809c-ac8f71a31026
2026-09-25 19:07:18 | INFO     | exam.proctor                 | Proctor socket open for session 2f5f7630-5421-46cd-810a-a2c8affa9e35
2026-09-25 19:07:18 | INFO     | exam.proctor                 | Proctor socket closed for session 2f5f7630-5421-46cd-810a-a2c8affa9e35
2026-09-25 19:25:33 | WARNING  | exam.proctor                 | Session cc873a17-02c9-4f3c-8b3a-b49d548e5895 flagged: score=106.9 tab_switches=0 left_exam=0
2026-09-25 19:25:33 | WARNING  | exam.proctor                 | Session cc873a17-02c9-4f3c-8b3a-b49d548e5895 TERMINATED at score 106.9
2026-09-25 19:26:05 | WARNING  | exam.proctor                 | Session 81c6217f-48d7-4364-8856-185076f1d252 flagged: score=23.1 tab_switches=3 left_exam=3
2026-09-25 19:26:05 | WARNING  | exam.proctor                 | Session 81c6217f-48d7-4364-8856-185076f1d252 AUTO-SUBMITTED after 3 focus violation(s)
2026-09-25 19:26:05 | WARNING  | exam.proctor                 | Session 620b08e6-ac5c-4aee-8475-d2821e380581 flagged: score=24.0 tab_switches=1 left_exam=3
2026-09-25 19:26:05 | WARNING  | exam.proctor                 | Session 620b08e6-ac5c-4aee-8475-d2821e380581 AUTO-SUBMITTED after 3 focus violation(s)
2026-09-25 19:26:06 | WARNING  | exam.proctor                 | Session 265688f1-fa65-47a5-8bc9-4612a3bf1f9f flagged: score=23.1 tab_switches=3 left_exam=3
2026-09-25 19:26:06 | WARNING  | exam.proctor                 | Session 265688f1-fa65-47a5-8bc9-4612a3bf1f9f AUTO-SUBMITTED after 3 focus violation(s)
2026-09-25 19:26:07 | WARNING  | exam.proctor                 | Session 3b487ec8-bc96-41d0-9b06-85022d195cd4 flagged: score=23.1 tab_switches=3 left_exam=3
2026-09-25 19:26:07 | WARNING  | exam.proctor                 | Session 3b487ec8-bc96-41d0-9b06-85022d195cd4 AUTO-SUBMITTED after 3 focus violation(s)
2026-09-25 19:26:08 | WARNING  | exam.proctor                 | Session e8c13155-a9b9-4c32-aaae-24ed77384847 flagged: score=23.1 tab_switches=3 left_exam=3
2026-09-25 19:26:08 | WARNING  | exam.proctor                 | Session e8c13155-a9b9-4c32-aaae-24ed77384847 AUTO-SUBMITTED after 3 focus violation(s)
2026-09-25 19:26:09 | WARNING  | exam.proctor                 | Session 68ef6419-b247-4345-908e-52291079170f flagged: score=23.1 tab_switches=3 left_exam=3
2026-09-25 19:26:09 | WARNING  | exam.proctor                 | Session 68ef6419-b247-4345-908e-52291079170f AUTO-SUBMITTED after 3 focus violation(s)
2026-09-25 19:26:10 | WARNING  | exam.proctor                 | Session 3e200cfd-4b7b-4174-bdd8-8bc8e9dbcd9d flagged: score=23.1 tab_switches=3 left_exam=3
2026-09-25 19:26:10 | WARNING  | exam.proctor                 | Session 3e200cfd-4b7b-4174-bdd8-8bc8e9dbcd9d AUTO-SUBMITTED after 3 focus violation(s)
2026-09-25 19:26:11 | WARNING  | exam.proctor                 | Session 641c06ea-b765-45d9-acf6-e51dba59ef33 flagged: score=23.1 tab_switches=3 left_exam=3
2026-09-25 19:26:11 | WARNING  | exam.proctor                 | Session 641c06ea-b765-45d9-acf6-e51dba59ef33 AUTO-SUBMITTED after 3 focus violation(s)
2026-09-25 19:26:11 | INFO     | exam.proctor                 | examiner-f9743660@test.edu ruled session 641c06ea-b765-45d9-acf6-e51dba59ef33 as cleared
2026-09-25 19:26:14 | WARNING  | exam.proctor                 | Session 1b9e18b5-9746-4c43-8a48-6b505479073b flagged: score=27.3 tab_switches=4 left_exam=4
2026-09-25 19:26:14 | WARNING  | exam.proctor                 | Session 6f9bd714-8ca1-4507-af8a-21e160dc472e flagged: score=10.0 tab_switches=1 left_exam=1
2026-09-25 19:26:14 | WARNING  | exam.proctor                 | Session 6f9bd714-8ca1-4507-af8a-21e160dc472e AUTO-SUBMITTED after 1 focus violation(s)
2026-09-25 19:26:20 | INFO     | exam.proctor                 | examiner-92efb86f@test.edu ruled session 685aea11-e162-41ad-a8b8-8b63cb4490b4 as cleared
2026-09-25 19:26:21 | INFO     | exam.proctor                 | examiner-9c27b9c5@test.edu ruled session a896c6ff-0e75-4b72-98c6-1314224548a4 as malpractice
2026-09-25 19:26:24 | INFO     | exam.proctor                 | examiner-f67f77aa@test.edu ruled session bd25290f-d5eb-407e-8866-83f645117524 as cleared
2026-09-25 19:26:26 | INFO     | exam.proctor                 | examiner-4b92f57f@test.edu ruled session a6443afe-9c7c-4744-9c3c-756b806a55cc as malpractice
2026-09-25 19:26:28 | INFO     | exam.proctor                 | examiner-b70de77b@test.edu ruled session 8c420db4-c88b-4ce7-abf4-f03d783fa2a6 as malpractice
2026-09-25 19:26:29 | INFO     | exam.proctor                 | examiner-750f5eae@test.edu ruled session 9e413204-676c-4d49-aa22-753c5baa8d5f as malpractice
2026-09-25 19:26:30 | INFO     | exam.proctor                 | examiner-06b92301@test.edu ruled session 00af68be-d53c-4b91-ae04-522c4cd2471f as cleared
2026-09-25 19:27:01 | INFO     | exam.proctor                 | Proctor socket open for session a4524456-92fc-4421-b89d-e6f94da8b21f
2026-09-25 19:27:01 | INFO     | exam.proctor                 | Proctor socket closed for session a4524456-92fc-4421-b89d-e6f94da8b21f
2026-09-25 19:27:03 | INFO     | exam.proctor                 | Proctor socket open for session 1b50297e-3e91-4e87-ad29-0931c834cf06
2026-09-25 19:27:03 | INFO     | exam.proctor                 | Proctor socket closed for session 1b50297e-3e91-4e87-ad29-0931c834cf06
2026-09-25 19:27:03 | INFO     | exam.proctor                 | Proctor socket open for session ed24e56f-ee1e-412a-aa8b-83c4b5b457a9
2026-09-25 19:27:03 | INFO     | exam.proctor                 | Proctor socket closed for session ed24e56f-ee1e-412a-aa8b-83c4b5b457a9
2026-09-25 19:27:04 | INFO     | exam.proctor                 | Proctor socket open for session abdad454-b364-46c0-9e0f-ce27223c94cc
2026-09-25 19:27:04 | WARNING  | exam.proctor                 | Session abdad454-b364-46c0-9e0f-ce27223c94cc flagged: score=23.1 tab_switches=3 left_exam=3
2026-09-25 19:27:04 | WARNING  | exam.proctor                 | Session abdad454-b364-46c0-9e0f-ce27223c94cc AUTO-SUBMITTED after 3 focus violation(s)
2026-09-25 19:27:04 | INFO     | exam.proctor                 | Proctor socket open for session 87dda981-9fa0-4281-b309-92e57a10edb6
2026-09-25 19:27:04 | INFO     | exam.proctor                 | Proctor socket closed for session 87dda981-9fa0-4281-b309-92e57a10edb6
2026-09-25 19:27:05 | INFO     | exam.proctor                 | Proctor socket open for session cc041af6-e5b7-42bb-9ef7-2873abbf2224
2026-09-25 19:27:05 | INFO     | exam.proctor                 | Proctor socket closed for session cc041af6-e5b7-42bb-9ef7-2873abbf2224
2026-09-25 19:27:05 | INFO     | exam.proctor                 | Proctor socket open for session 854d9ea0-b27e-492a-af1e-5b981ab3a8e2
2026-09-25 19:27:05 | INFO     | exam.proctor                 | Proctor socket closed for session 854d9ea0-b27e-492a-af1e-5b981ab3a8e2
2026-09-25 19:27:06 | INFO     | exam.proctor                 | Proctor socket open for session 73fea1d9-2658-4094-abc2-5a0b5e6b1c07
2026-09-25 19:27:06 | INFO     | exam.proctor                 | Proctor socket closed for session 73fea1d9-2658-4094-abc2-5a0b5e6b1c07
2026-09-25 20:26:26 | WARNING  | exam.proctor                 | Session 84289a75-680b-42c5-8635-85130aab2ae4 flagged: score=106.9 tab_switches=0 left_exam=0
2026-09-25 20:26:26 | WARNING  | exam.proctor                 | Session 84289a75-680b-42c5-8635-85130aab2ae4 TERMINATED at score 106.9
2026-09-25 20:26:48 | WARNING  | exam.proctor                 | Session 2fbcae57-30c0-4aaf-8edb-fe1f34dc28d9 flagged: score=23.1 tab_switches=3 left_exam=3
2026-09-25 20:26:48 | WARNING  | exam.proctor                 | Session 2fbcae57-30c0-4aaf-8edb-fe1f34dc28d9 AUTO-SUBMITTED after 3 focus violation(s)
2026-09-25 20:26:48 | WARNING  | exam.proctor                 | Session 49b17c3d-cac4-414d-ab23-f98bef1014d5 flagged: score=24.0 tab_switches=1 left_exam=3
2026-09-25 20:26:48 | WARNING  | exam.proctor                 | Session 49b17c3d-cac4-414d-ab23-f98bef1014d5 AUTO-SUBMITTED after 3 focus violation(s)
2026-09-25 20:26:48 | WARNING  | exam.proctor                 | Session 1145758b-e36c-4610-aef9-ab94f3ac9430 flagged: score=23.1 tab_switches=3 left_exam=3
2026-09-25 20:26:49 | WARNING  | exam.proctor                 | Session 1145758b-e36c-4610-aef9-ab94f3ac9430 AUTO-SUBMITTED after 3 focus violation(s)
2026-09-25 20:26:49 | WARNING  | exam.proctor                 | Session a26fffd3-a9e2-4ada-973d-04d89ec5c796 flagged: score=23.1 tab_switches=3 left_exam=3
2026-09-25 20:26:49 | WARNING  | exam.proctor                 | Session a26fffd3-a9e2-4ada-973d-04d89ec5c796 AUTO-SUBMITTED after 3 focus violation(s)
2026-09-25 20:26:49 | WARNING  | exam.proctor                 | Session 06cbcb0d-173e-48a3-94b6-e5112d3c53a9 flagged: score=23.1 tab_switches=3 left_exam=3
2026-09-25 20:26:49 | WARNING  | exam.proctor                 | Session 06cbcb0d-173e-48a3-94b6-e5112d3c53a9 AUTO-SUBMITTED after 3 focus violation(s)
2026-09-25 20:26:50 | WARNING  | exam.proctor                 | Session a101c542-4125-4002-b4f9-4bf41e8e9761 flagged: score=23.1 tab_switches=3 left_exam=3
2026-09-25 20:26:50 | WARNING  | exam.proctor                 | Session a101c542-4125-4002-b4f9-4bf41e8e9761 AUTO-SUBMITTED after 3 focus violation(s)
2026-09-25 20:26:50 | WARNING  | exam.proctor                 | Session d67addb7-34bd-410a-8acb-8cdaa7fd1989 flagged: score=23.1 tab_switches=3 left_exam=3
2026-09-25 20:26:50 | WARNING  | exam.proctor                 | Session d67addb7-34bd-410a-8acb-8cdaa7fd1989 AUTO-SUBMITTED after 3 focus violation(s)
2026-09-25 20:26:51 | WARNING  | exam.proctor                 | Session 19800ebd-7d43-41a5-930a-f6be2db47c2c flagged: score=23.1 tab_switches=3 left_exam=3
2026-09-25 20:26:51 | WARNING  | exam.proctor                 | Session 19800ebd-7d43-41a5-930a-f6be2db47c2c AUTO-SUBMITTED after 3 focus violation(s)
2026-09-25 20:26:51 | INFO     | exam.proctor                 | examiner-667f862d@test.edu ruled session 19800ebd-7d43-41a5-930a-f6be2db47c2c as cleared
2026-09-25 20:26:52 | WARNING  | exam.proctor                 | Session 57afbf1e-2aee-4f2e-9c6d-0039df30a1aa flagged: score=27.3 tab_switches=4 left_exam=4
2026-09-25 20:26:53 | WARNING  | exam.proctor                 | Session d429468f-e403-41d7-b404-02a3fd298189 flagged: score=10.0 tab_switches=1 left_exam=1
2026-09-25 20:26:53 | WARNING  | exam.proctor                 | Session d429468f-e403-41d7-b404-02a3fd298189 AUTO-SUBMITTED after 1 focus violation(s)
2026-09-25 20:26:57 | INFO     | exam.proctor                 | examiner-914eebd7@test.edu ruled session 9118da85-8b18-4206-a2ba-ab89ee12256c as cleared
2026-09-25 20:26:58 | INFO     | exam.proctor                 | examiner-10055453@test.edu ruled session dee4c1d1-15d3-42e1-a2c6-d42fc6c2f151 as malpractice
2026-09-25 20:27:00 | INFO     | exam.proctor                 | examiner-2c6b6696@test.edu ruled session 809d597d-3c5d-449d-9fde-11eb98517704 as cleared
2026-09-25 20:27:01 | INFO     | exam.proctor                 | examiner-63896782@test.edu ruled session 9e6b7fb0-b341-4dba-86c9-06874c7cc821 as malpractice
2026-09-25 20:27:02 | INFO     | exam.proctor                 | examiner-c1990c58@test.edu ruled session 41ea19d7-d89a-487c-a4c7-987eac280815 as malpractice
2026-09-25 20:27:04 | INFO     | exam.proctor                 | examiner-d8102bb6@test.edu ruled session 6851a710-77a6-4a7e-af4a-c2e653437a26 as malpractice
2026-09-25 20:27:04 | INFO     | exam.proctor                 | examiner-332d24a7@test.edu ruled session 8a97bc68-41ba-4eb5-9c2c-4cc6fea2a900 as cleared
2026-09-25 20:27:38 | INFO     | exam.proctor                 | Proctor socket open for session 35174fce-51e6-468a-bc4d-f5e0389c34da
2026-09-25 20:27:38 | INFO     | exam.proctor                 | Proctor socket closed for session 35174fce-51e6-468a-bc4d-f5e0389c34da
2026-09-25 20:27:40 | INFO     | exam.proctor                 | Proctor socket open for session 976d5608-2371-4a67-a5fc-aa6ec0e26e99
2026-09-25 20:27:40 | INFO     | exam.proctor                 | Proctor socket closed for session 976d5608-2371-4a67-a5fc-aa6ec0e26e99
2026-09-25 20:27:41 | INFO     | exam.proctor                 | Proctor socket open for session b6192670-74c7-405c-8489-60be211f5150
2026-09-25 20:27:41 | INFO     | exam.proctor                 | Proctor socket closed for session b6192670-74c7-405c-8489-60be211f5150
2026-09-25 20:27:41 | INFO     | exam.proctor                 | Proctor socket open for session 62710788-758e-4750-aa32-d30b33f3054f
2026-09-25 20:27:41 | WARNING  | exam.proctor                 | Session 62710788-758e-4750-aa32-d30b33f3054f flagged: score=23.1 tab_switches=3 left_exam=3
2026-09-25 20:27:41 | WARNING  | exam.proctor                 | Session 62710788-758e-4750-aa32-d30b33f3054f AUTO-SUBMITTED after 3 focus violation(s)
2026-09-25 20:27:42 | INFO     | exam.proctor                 | Proctor socket open for session 1cf305bd-18a4-456d-af62-8dbf49cb0e51
2026-09-25 20:27:42 | INFO     | exam.proctor                 | Proctor socket closed for session 1cf305bd-18a4-456d-af62-8dbf49cb0e51
2026-09-25 20:27:42 | INFO     | exam.proctor                 | Proctor socket open for session 76070fae-25bc-4fd3-b869-21ea53132f9b
2026-09-25 20:27:42 | INFO     | exam.proctor                 | Proctor socket closed for session 76070fae-25bc-4fd3-b869-21ea53132f9b
2026-09-25 20:27:43 | INFO     | exam.proctor                 | Proctor socket open for session 623d7006-c1e5-480f-9fab-487fb7819528
2026-09-25 20:27:43 | INFO     | exam.proctor                 | Proctor socket closed for session 623d7006-c1e5-480f-9fab-487fb7819528
2026-09-25 20:27:43 | INFO     | exam.proctor                 | Proctor socket open for session 7a7624d0-299a-4847-b491-c53ae2e83c0f
2026-09-25 20:27:43 | INFO     | exam.proctor                 | Proctor socket closed for session 7a7624d0-299a-4847-b491-c53ae2e83c0f
2026-09-25 20:34:58 | WARNING  | exam.proctor                 | Session 1792e2a5-a1f1-4a10-8dda-8ed10d39fd59 flagged: score=106.9 tab_switches=0 left_exam=0
2026-09-25 20:34:59 | WARNING  | exam.proctor                 | Session 1792e2a5-a1f1-4a10-8dda-8ed10d39fd59 TERMINATED at score 106.9
2026-09-25 20:35:15 | WARNING  | exam.proctor                 | Session 5cafb99b-aa36-4fb5-b50d-ef32b4a568ba flagged: score=23.1 tab_switches=3 left_exam=3
2026-09-25 20:35:15 | WARNING  | exam.proctor                 | Session 5cafb99b-aa36-4fb5-b50d-ef32b4a568ba AUTO-SUBMITTED after 3 focus violation(s)
2026-09-25 20:35:15 | WARNING  | exam.proctor                 | Session 7f344863-93f6-4ffd-914a-e2a9d9a7ed92 flagged: score=24.0 tab_switches=1 left_exam=3
2026-09-25 20:35:15 | WARNING  | exam.proctor                 | Session 7f344863-93f6-4ffd-914a-e2a9d9a7ed92 AUTO-SUBMITTED after 3 focus violation(s)
2026-09-25 20:35:16 | WARNING  | exam.proctor                 | Session 1e51bc21-3b71-4dc6-b831-593237677f02 flagged: score=23.1 tab_switches=3 left_exam=3
2026-09-25 20:35:16 | WARNING  | exam.proctor                 | Session 1e51bc21-3b71-4dc6-b831-593237677f02 AUTO-SUBMITTED after 3 focus violation(s)
2026-09-25 20:35:16 | WARNING  | exam.proctor                 | Session ad372285-8be9-426c-b22a-b93b26a59904 flagged: score=23.1 tab_switches=3 left_exam=3
2026-09-25 20:35:16 | WARNING  | exam.proctor                 | Session ad372285-8be9-426c-b22a-b93b26a59904 AUTO-SUBMITTED after 3 focus violation(s)
2026-09-25 20:35:17 | WARNING  | exam.proctor                 | Session a1518408-d94d-4963-ada7-75c8f9e7d82f flagged: score=23.1 tab_switches=3 left_exam=3
2026-09-25 20:35:17 | WARNING  | exam.proctor                 | Session a1518408-d94d-4963-ada7-75c8f9e7d82f AUTO-SUBMITTED after 3 focus violation(s)
2026-09-25 20:35:17 | WARNING  | exam.proctor                 | Session d953cbfa-bbd8-4202-aff7-e9c5dd31ba73 flagged: score=23.1 tab_switches=3 left_exam=3
2026-09-25 20:35:17 | WARNING  | exam.proctor                 | Session d953cbfa-bbd8-4202-aff7-e9c5dd31ba73 AUTO-SUBMITTED after 3 focus violation(s)
2026-09-25 20:35:18 | WARNING  | exam.proctor                 | Session 8e474c4f-3bd6-4c84-aa98-b24a2d13c18f flagged: score=23.1 tab_switches=3 left_exam=3
2026-09-25 20:35:18 | WARNING  | exam.proctor                 | Session 8e474c4f-3bd6-4c84-aa98-b24a2d13c18f AUTO-SUBMITTED after 3 focus violation(s)
2026-09-25 20:35:18 | WARNING  | exam.proctor                 | Session b134aab4-eb66-4c36-ac62-5262c812645e flagged: score=23.1 tab_switches=3 left_exam=3
2026-09-25 20:35:18 | WARNING  | exam.proctor                 | Session b134aab4-eb66-4c36-ac62-5262c812645e AUTO-SUBMITTED after 3 focus violation(s)
2026-09-25 20:35:18 | INFO     | exam.proctor                 | examiner-f8a543a8@test.edu ruled session b134aab4-eb66-4c36-ac62-5262c812645e as cleared
2026-09-25 20:35:20 | WARNING  | exam.proctor                 | Session b9315f40-15df-4f92-8c12-e61db76f52ea flagged: score=27.3 tab_switches=4 left_exam=4
2026-09-25 20:35:20 | WARNING  | exam.proctor                 | Session 7330a36e-edca-4043-bf1d-4ec0873422da flagged: score=10.0 tab_switches=1 left_exam=1
2026-09-25 20:35:20 | WARNING  | exam.proctor                 | Session 7330a36e-edca-4043-bf1d-4ec0873422da AUTO-SUBMITTED after 1 focus violation(s)
2026-09-25 20:35:23 | INFO     | exam.proctor                 | examiner-f31c4529@test.edu ruled session 998bb4cc-8366-4f20-936b-3dae14bdd366 as cleared
2026-09-25 20:35:24 | INFO     | exam.proctor                 | examiner-38223f2a@test.edu ruled session aeefe0fb-ce53-451d-bf31-30fbea8a07df as malpractice
2026-09-25 20:35:25 | INFO     | exam.proctor                 | examiner-44ba3550@test.edu ruled session dbf8a899-a3e2-4231-93b8-b7e63c693fc6 as cleared
2026-09-25 20:35:26 | INFO     | exam.proctor                 | examiner-65f5af16@test.edu ruled session 7a3fdf54-fac5-48ed-9a3e-5bb47ab5bf1c as malpractice
2026-09-25 20:35:28 | INFO     | exam.proctor                 | examiner-0c1caa9c@test.edu ruled session 36aac5bb-c04e-41fe-b6ed-87a53dab76b8 as malpractice
2026-09-25 20:35:29 | INFO     | exam.proctor                 | examiner-128ea197@test.edu ruled session a7a07fb4-d526-4438-87db-48fbb5edbb3f as malpractice
2026-09-25 20:35:29 | INFO     | exam.proctor                 | examiner-7dc9862d@test.edu ruled session 86d7e302-fffe-4b44-8ccc-4dab94cae399 as cleared
2026-09-25 20:35:56 | INFO     | exam.proctor                 | Proctor socket open for session 765decac-2652-4743-8473-7e99fae29545
2026-09-25 20:35:56 | INFO     | exam.proctor                 | Proctor socket closed for session 765decac-2652-4743-8473-7e99fae29545
2026-09-25 20:35:59 | INFO     | exam.proctor                 | Proctor socket open for session 711d31f2-55dd-42f6-908b-7613e1dd062f
2026-09-25 20:35:59 | INFO     | exam.proctor                 | Proctor socket closed for session 711d31f2-55dd-42f6-908b-7613e1dd062f
2026-09-25 20:35:59 | INFO     | exam.proctor                 | Proctor socket open for session 3cf5551c-bf80-4a82-871a-3530ee61622c
2026-09-25 20:35:59 | INFO     | exam.proctor                 | Proctor socket closed for session 3cf5551c-bf80-4a82-871a-3530ee61622c
2026-09-25 20:35:59 | INFO     | exam.proctor                 | Proctor socket open for session 6392aae6-60aa-4843-b1e2-da557a4a4cd1
2026-09-25 20:35:59 | WARNING  | exam.proctor                 | Session 6392aae6-60aa-4843-b1e2-da557a4a4cd1 flagged: score=23.1 tab_switches=3 left_exam=3
2026-09-25 20:36:00 | WARNING  | exam.proctor                 | Session 6392aae6-60aa-4843-b1e2-da557a4a4cd1 AUTO-SUBMITTED after 3 focus violation(s)
2026-09-25 20:36:00 | INFO     | exam.proctor                 | Proctor socket open for session 1e5d696d-03a2-4dc3-8a74-a7414cc21d63
2026-09-25 20:36:00 | INFO     | exam.proctor                 | Proctor socket closed for session 1e5d696d-03a2-4dc3-8a74-a7414cc21d63
2026-09-25 20:36:00 | INFO     | exam.proctor                 | Proctor socket open for session 360ab26f-2101-4356-8ba6-3f5b16c6447d
2026-09-25 20:36:00 | INFO     | exam.proctor                 | Proctor socket closed for session 360ab26f-2101-4356-8ba6-3f5b16c6447d
2026-09-25 20:36:01 | INFO     | exam.proctor                 | Proctor socket open for session 8bd0f06d-ad25-46d6-b554-65092bbcccca
2026-09-25 20:36:01 | INFO     | exam.proctor                 | Proctor socket closed for session 8bd0f06d-ad25-46d6-b554-65092bbcccca
2026-09-25 20:36:01 | INFO     | exam.proctor                 | Proctor socket open for session 7aea468f-2421-42fb-96d2-bd3ecd249574
2026-09-25 20:36:01 | INFO     | exam.proctor                 | Proctor socket closed for session 7aea468f-2421-42fb-96d2-bd3ecd249574
2026-09-25 21:12:07 | WARNING  | exam.proctor                 | Session e8baa978-6448-4e09-8b49-734bff157f74 flagged: score=106.9 tab_switches=0 left_exam=0
2026-09-25 21:12:07 | WARNING  | exam.proctor                 | Session e8baa978-6448-4e09-8b49-734bff157f74 TERMINATED at score 106.9
2026-09-25 21:12:38 | WARNING  | exam.proctor                 | Session 9e1e41c4-6d79-4b87-a0f7-b482240affe8 flagged: score=23.1 tab_switches=3 left_exam=3
2026-09-25 21:12:38 | WARNING  | exam.proctor                 | Session 9e1e41c4-6d79-4b87-a0f7-b482240affe8 AUTO-SUBMITTED after 3 focus violation(s)
2026-09-25 21:12:39 | WARNING  | exam.proctor                 | Session 45f86898-e9e8-4cbf-b6c2-066e4778c73c flagged: score=24.0 tab_switches=1 left_exam=3
2026-09-25 21:12:39 | WARNING  | exam.proctor                 | Session 45f86898-e9e8-4cbf-b6c2-066e4778c73c AUTO-SUBMITTED after 3 focus violation(s)
2026-09-25 21:12:40 | WARNING  | exam.proctor                 | Session 2b28bc71-712a-43bc-bfeb-ca85f744cdd4 flagged: score=23.1 tab_switches=3 left_exam=3
2026-09-25 21:12:40 | WARNING  | exam.proctor                 | Session 2b28bc71-712a-43bc-bfeb-ca85f744cdd4 AUTO-SUBMITTED after 3 focus violation(s)
2026-09-25 21:12:41 | WARNING  | exam.proctor                 | Session 31b6c45c-4c05-4a4d-ab20-d0f08c168476 flagged: score=23.1 tab_switches=3 left_exam=3
2026-09-25 21:12:41 | WARNING  | exam.proctor                 | Session 31b6c45c-4c05-4a4d-ab20-d0f08c168476 AUTO-SUBMITTED after 3 focus violation(s)
2026-09-25 21:12:42 | WARNING  | exam.proctor                 | Session f1d2884f-22ab-4c6a-9aab-804a40d2c8a4 flagged: score=23.1 tab_switches=3 left_exam=3
2026-09-25 21:12:42 | WARNING  | exam.proctor                 | Session f1d2884f-22ab-4c6a-9aab-804a40d2c8a4 AUTO-SUBMITTED after 3 focus violation(s)
2026-09-25 21:12:43 | WARNING  | exam.proctor                 | Session daff1605-7c23-4f11-a901-1faa6f5da75e flagged: score=23.1 tab_switches=3 left_exam=3
2026-09-25 21:12:43 | WARNING  | exam.proctor                 | Session daff1605-7c23-4f11-a901-1faa6f5da75e AUTO-SUBMITTED after 3 focus violation(s)
2026-09-25 21:12:44 | WARNING  | exam.proctor                 | Session c168d928-19d8-46ca-9712-79399f30ae98 flagged: score=23.1 tab_switches=3 left_exam=3
2026-09-25 21:12:44 | WARNING  | exam.proctor                 | Session c168d928-19d8-46ca-9712-79399f30ae98 AUTO-SUBMITTED after 3 focus violation(s)
2026-09-25 21:12:45 | WARNING  | exam.proctor                 | Session 51fb1a0e-c806-4f2e-a108-998a720db3b0 flagged: score=23.1 tab_switches=3 left_exam=3
2026-09-25 21:12:45 | WARNING  | exam.proctor                 | Session 51fb1a0e-c806-4f2e-a108-998a720db3b0 AUTO-SUBMITTED after 3 focus violation(s)
2026-09-25 21:12:45 | INFO     | exam.proctor                 | examiner-7ea3f232@test.edu ruled session 51fb1a0e-c806-4f2e-a108-998a720db3b0 as cleared
2026-09-25 21:12:47 | WARNING  | exam.proctor                 | Session dd51a6f2-d1f8-4f70-ab85-e633e55dfde7 flagged: score=27.3 tab_switches=4 left_exam=4
2026-09-25 21:12:48 | WARNING  | exam.proctor                 | Session a698bd40-0afe-46bb-a820-94ac4034ddaf flagged: score=10.0 tab_switches=1 left_exam=1
2026-09-25 21:12:48 | WARNING  | exam.proctor                 | Session a698bd40-0afe-46bb-a820-94ac4034ddaf AUTO-SUBMITTED after 1 focus violation(s)
2026-09-25 21:12:55 | INFO     | exam.proctor                 | examiner-789a6efe@test.edu ruled session 96032ca3-64f6-4731-8406-22c4d4a750c0 as cleared
2026-09-25 21:12:56 | INFO     | exam.proctor                 | examiner-c003c38b@test.edu ruled session 9aa2e2e2-87ca-483d-8375-ee40a74164de as malpractice
2026-09-25 21:12:58 | INFO     | exam.proctor                 | examiner-48c0ab9b@test.edu ruled session bd657680-3707-4f0e-a202-cfe8ce645325 as cleared
2026-09-25 21:13:00 | INFO     | exam.proctor                 | examiner-93a9dde1@test.edu ruled session c5886d07-2a5c-41c2-b86d-a87bcc1a8c66 as malpractice
2026-09-25 21:13:03 | INFO     | exam.proctor                 | examiner-5898c4f2@test.edu ruled session 698a1eee-39c1-419b-8e23-65bdc8c90887 as malpractice
2026-09-25 21:13:04 | INFO     | exam.proctor                 | examiner-83cf86e6@test.edu ruled session 5d526a8c-955d-4592-b64c-eed1f99781d9 as malpractice
2026-09-25 21:13:05 | INFO     | exam.proctor                 | examiner-932ffa0e@test.edu ruled session 779c8003-4eb2-48ec-ac7e-ed21eca6bab3 as cleared
2026-09-25 21:13:51 | INFO     | exam.proctor                 | Proctor socket open for session 12737373-1243-4173-9c11-441e2b5727a8
2026-09-25 21:13:51 | INFO     | exam.proctor                 | Proctor socket closed for session 12737373-1243-4173-9c11-441e2b5727a8
2026-09-25 21:13:55 | INFO     | exam.proctor                 | Proctor socket open for session 3aa2ecac-959c-4576-a063-33f1a14402fd
2026-09-25 21:13:55 | INFO     | exam.proctor                 | Proctor socket closed for session 3aa2ecac-959c-4576-a063-33f1a14402fd
2026-09-25 21:13:56 | INFO     | exam.proctor                 | Proctor socket open for session 566df0b3-f258-463b-b592-66efbd7e7cce
2026-09-25 21:13:56 | INFO     | exam.proctor                 | Proctor socket closed for session 566df0b3-f258-463b-b592-66efbd7e7cce
2026-09-25 21:13:57 | INFO     | exam.proctor                 | Proctor socket open for session 6c260bdf-f825-4675-a0d6-74d1ee8213c7
2026-09-25 21:13:57 | WARNING  | exam.proctor                 | Session 6c260bdf-f825-4675-a0d6-74d1ee8213c7 flagged: score=23.1 tab_switches=3 left_exam=3
2026-09-25 21:13:57 | WARNING  | exam.proctor                 | Session 6c260bdf-f825-4675-a0d6-74d1ee8213c7 AUTO-SUBMITTED after 3 focus violation(s)
2026-09-25 21:13:57 | INFO     | exam.proctor                 | Proctor socket open for session 4a7c2d4f-b773-4709-90f1-e256c765b1de
2026-09-25 21:13:57 | INFO     | exam.proctor                 | Proctor socket closed for session 4a7c2d4f-b773-4709-90f1-e256c765b1de
2026-09-25 21:13:58 | INFO     | exam.proctor                 | Proctor socket open for session 72e0c929-16d6-4459-ac8c-21f80cd8c298
2026-09-25 21:13:58 | INFO     | exam.proctor                 | Proctor socket closed for session 72e0c929-16d6-4459-ac8c-21f80cd8c298
2026-09-25 21:13:59 | INFO     | exam.proctor                 | Proctor socket open for session 3b9b2e29-100d-437c-8c1c-009dfa4a37c3
2026-09-25 21:13:59 | INFO     | exam.proctor                 | Proctor socket closed for session 3b9b2e29-100d-437c-8c1c-009dfa4a37c3
2026-09-25 21:14:00 | INFO     | exam.proctor                 | Proctor socket open for session f00272f9-b440-4ba6-b021-9c6b9a08db03
2026-09-25 21:14:00 | INFO     | exam.proctor                 | Proctor socket closed for session f00272f9-b440-4ba6-b021-9c6b9a08db03
2026-09-25 21:18:20 | WARNING  | exam.proctor                 | Session 5286187e-b215-4543-9707-91196762b008 flagged: score=106.9 tab_switches=0 left_exam=0
2026-09-25 21:18:20 | WARNING  | exam.proctor                 | Session 5286187e-b215-4543-9707-91196762b008 TERMINATED at score 106.9
2026-09-25 21:18:51 | WARNING  | exam.proctor                 | Session fc640547-8f6f-4f3e-b642-9fb0a6751691 flagged: score=23.1 tab_switches=3 left_exam=3
2026-09-25 21:18:51 | WARNING  | exam.proctor                 | Session fc640547-8f6f-4f3e-b642-9fb0a6751691 AUTO-SUBMITTED after 3 focus violation(s)
2026-09-25 21:18:52 | WARNING  | exam.proctor                 | Session c4e453b7-0a09-4442-85c2-9c05242326dc flagged: score=24.0 tab_switches=1 left_exam=3
2026-09-25 21:18:52 | WARNING  | exam.proctor                 | Session c4e453b7-0a09-4442-85c2-9c05242326dc AUTO-SUBMITTED after 3 focus violation(s)
2026-09-25 21:18:53 | WARNING  | exam.proctor                 | Session c468e473-bf44-4ec8-ae31-6c5e5fc38981 flagged: score=23.1 tab_switches=3 left_exam=3
2026-09-25 21:18:53 | WARNING  | exam.proctor                 | Session c468e473-bf44-4ec8-ae31-6c5e5fc38981 AUTO-SUBMITTED after 3 focus violation(s)
2026-09-25 21:18:54 | WARNING  | exam.proctor                 | Session 0bf7dd3e-9920-4966-b96b-f18a6093daf1 flagged: score=23.1 tab_switches=3 left_exam=3
2026-09-25 21:18:54 | WARNING  | exam.proctor                 | Session 0bf7dd3e-9920-4966-b96b-f18a6093daf1 AUTO-SUBMITTED after 3 focus violation(s)
2026-09-25 21:18:54 | WARNING  | exam.proctor                 | Session 31e09db6-1b75-4aa5-939f-16d045c34102 flagged: score=23.1 tab_switches=3 left_exam=3
2026-09-25 21:18:54 | WARNING  | exam.proctor                 | Session 31e09db6-1b75-4aa5-939f-16d045c34102 AUTO-SUBMITTED after 3 focus violation(s)
2026-09-25 21:18:55 | WARNING  | exam.proctor                 | Session 4ed26379-a373-45b2-8101-09a54c519fe3 flagged: score=23.1 tab_switches=3 left_exam=3
2026-09-25 21:18:55 | WARNING  | exam.proctor                 | Session 4ed26379-a373-45b2-8101-09a54c519fe3 AUTO-SUBMITTED after 3 focus violation(s)
2026-09-25 21:18:56 | WARNING  | exam.proctor                 | Session 328cab72-4284-4678-9891-7e73d7604aa7 flagged: score=23.1 tab_switches=3 left_exam=3
2026-09-25 21:18:56 | WARNING  | exam.proctor                 | Session 328cab72-4284-4678-9891-7e73d7604aa7 AUTO-SUBMITTED after 3 focus violation(s)
2026-09-25 21:18:57 | WARNING  | exam.proctor                 | Session bc27f1c4-0166-47e2-a7c0-0fcc2212667b flagged: score=23.1 tab_switches=3 left_exam=3
2026-09-25 21:18:57 | WARNING  | exam.proctor                 | Session bc27f1c4-0166-47e2-a7c0-0fcc2212667b AUTO-SUBMITTED after 3 focus violation(s)
2026-09-25 21:18:57 | INFO     | exam.proctor                 | examiner-957da31b@test.edu ruled session bc27f1c4-0166-47e2-a7c0-0fcc2212667b as cleared
2026-09-25 21:19:00 | WARNING  | exam.proctor                 | Session 0aaeea60-40c0-4463-8fbd-e748ce83dc5b flagged: score=27.3 tab_switches=4 left_exam=4
2026-09-25 21:19:01 | WARNING  | exam.proctor                 | Session 11f34e04-adfd-4a3a-b2d7-bd6aaa9a9036 flagged: score=10.0 tab_switches=1 left_exam=1
2026-09-25 21:19:01 | WARNING  | exam.proctor                 | Session 11f34e04-adfd-4a3a-b2d7-bd6aaa9a9036 AUTO-SUBMITTED after 1 focus violation(s)
2026-09-25 21:19:07 | INFO     | exam.proctor                 | examiner-49683f8b@test.edu ruled session 6f2d1632-1f41-47eb-b764-479c1c635b82 as cleared
2026-09-25 21:19:08 | INFO     | exam.proctor                 | examiner-fe322cef@test.edu ruled session d629090d-c307-45a5-864b-0c0f3e96ea6a as malpractice
2026-09-25 21:19:11 | INFO     | exam.proctor                 | examiner-afc9ad8c@test.edu ruled session 097fea8b-6b95-4f5a-a540-b48edfe83a3d as cleared
2026-09-25 21:19:13 | INFO     | exam.proctor                 | examiner-6c2309bd@test.edu ruled session 435f1d5a-40ee-4966-aeba-e41cfee159e4 as malpractice
2026-09-25 21:19:15 | INFO     | exam.proctor                 | examiner-ee4d7a54@test.edu ruled session f326a58b-0fe1-40cd-b3a2-b3fd32ba3268 as malpractice
2026-09-25 21:19:17 | INFO     | exam.proctor                 | examiner-89316789@test.edu ruled session 90d2498c-4f4f-458d-ad38-1d9ff5a2ff0f as malpractice
2026-09-25 21:19:18 | INFO     | exam.proctor                 | examiner-a24ed4c3@test.edu ruled session e06c8e52-fe1a-463d-880f-50f783048f6e as cleared
2026-09-25 21:20:04 | INFO     | exam.proctor                 | Proctor socket open for session 9042479e-4e17-49f6-92ce-b0615a0a13bb
2026-09-25 21:20:04 | INFO     | exam.proctor                 | Proctor socket closed for session 9042479e-4e17-49f6-92ce-b0615a0a13bb
2026-09-25 21:20:08 | INFO     | exam.proctor                 | Proctor socket open for session 66cbd553-55c9-40d1-bcf1-46cae8d91038
2026-09-25 21:20:08 | INFO     | exam.proctor                 | Proctor socket closed for session 66cbd553-55c9-40d1-bcf1-46cae8d91038
2026-09-25 21:20:08 | INFO     | exam.proctor                 | Proctor socket open for session e3e7427d-e788-4535-95e5-0828260f3e66
2026-09-25 21:20:08 | INFO     | exam.proctor                 | Proctor socket closed for session e3e7427d-e788-4535-95e5-0828260f3e66
2026-09-25 21:20:09 | INFO     | exam.proctor                 | Proctor socket open for session 1e0a2169-1521-421c-acd0-4ae8486ef83d
2026-09-25 21:20:09 | WARNING  | exam.proctor                 | Session 1e0a2169-1521-421c-acd0-4ae8486ef83d flagged: score=23.1 tab_switches=3 left_exam=3
2026-09-25 21:20:09 | WARNING  | exam.proctor                 | Session 1e0a2169-1521-421c-acd0-4ae8486ef83d AUTO-SUBMITTED after 3 focus violation(s)
2026-09-25 21:20:10 | INFO     | exam.proctor                 | Proctor socket open for session faff25bc-ce28-47e3-ba9c-2ff823fa581e
2026-09-25 21:20:10 | INFO     | exam.proctor                 | Proctor socket closed for session faff25bc-ce28-47e3-ba9c-2ff823fa581e
2026-09-25 21:20:11 | INFO     | exam.proctor                 | Proctor socket open for session ac67f918-21c0-488b-8a8a-37725679dbc6
2026-09-25 21:20:11 | INFO     | exam.proctor                 | Proctor socket closed for session ac67f918-21c0-488b-8a8a-37725679dbc6
2026-09-25 21:20:11 | INFO     | exam.proctor                 | Proctor socket open for session 26d39dc7-b596-4463-b332-8139dc87e348
2026-09-25 21:20:11 | INFO     | exam.proctor                 | Proctor socket closed for session 26d39dc7-b596-4463-b332-8139dc87e348
2026-09-25 21:20:12 | INFO     | exam.proctor                 | Proctor socket open for session 07c3d262-04ac-4e70-b6f0-070c919312e1
2026-09-25 21:20:12 | INFO     | exam.proctor                 | Proctor socket closed for session 07c3d262-04ac-4e70-b6f0-070c919312e1
2026-09-25 21:22:00 | WARNING  | exam.proctor                 | Session 9cc44631-02b2-43ee-a412-79bd16806e97 flagged: score=106.9 tab_switches=0 left_exam=0
2026-09-25 21:22:00 | WARNING  | exam.proctor                 | Session 9cc44631-02b2-43ee-a412-79bd16806e97 TERMINATED at score 106.9
2026-09-25 21:22:31 | WARNING  | exam.proctor                 | Session 549ca403-a0d0-4224-80ab-c09672dee4e8 flagged: score=23.1 tab_switches=3 left_exam=3
2026-09-25 21:22:31 | WARNING  | exam.proctor                 | Session 549ca403-a0d0-4224-80ab-c09672dee4e8 AUTO-SUBMITTED after 3 focus violation(s)
2026-09-25 21:22:32 | WARNING  | exam.proctor                 | Session b70e709d-22b0-4dd5-8393-bc99b5b48695 flagged: score=24.0 tab_switches=1 left_exam=3
2026-09-25 21:22:32 | WARNING  | exam.proctor                 | Session b70e709d-22b0-4dd5-8393-bc99b5b48695 AUTO-SUBMITTED after 3 focus violation(s)
2026-09-25 21:22:33 | WARNING  | exam.proctor                 | Session 2465c5b7-e609-4d28-a9c3-8f0f867a528b flagged: score=23.1 tab_switches=3 left_exam=3
2026-09-25 21:22:33 | WARNING  | exam.proctor                 | Session 2465c5b7-e609-4d28-a9c3-8f0f867a528b AUTO-SUBMITTED after 3 focus violation(s)
2026-09-25 21:22:34 | WARNING  | exam.proctor                 | Session 913031a5-7b99-4313-97a3-1fc624df6971 flagged: score=23.1 tab_switches=3 left_exam=3
2026-09-25 21:22:34 | WARNING  | exam.proctor                 | Session 913031a5-7b99-4313-97a3-1fc624df6971 AUTO-SUBMITTED after 3 focus violation(s)
2026-09-25 21:22:35 | WARNING  | exam.proctor                 | Session 89b0aace-d37e-44ac-b3d4-1f87beca9ac7 flagged: score=23.1 tab_switches=3 left_exam=3
2026-09-25 21:22:35 | WARNING  | exam.proctor                 | Session 89b0aace-d37e-44ac-b3d4-1f87beca9ac7 AUTO-SUBMITTED after 3 focus violation(s)
2026-09-25 21:22:36 | WARNING  | exam.proctor                 | Session 8bcce6a1-3eb2-4094-bdad-5b4c7bee8672 flagged: score=23.1 tab_switches=3 left_exam=3
2026-09-25 21:22:36 | WARNING  | exam.proctor                 | Session 8bcce6a1-3eb2-4094-bdad-5b4c7bee8672 AUTO-SUBMITTED after 3 focus violation(s)
2026-09-25 21:22:36 | WARNING  | exam.proctor                 | Session 23cfa944-6532-4870-89da-14bdec529f54 flagged: score=23.1 tab_switches=3 left_exam=3
2026-09-25 21:22:37 | WARNING  | exam.proctor                 | Session 23cfa944-6532-4870-89da-14bdec529f54 AUTO-SUBMITTED after 3 focus violation(s)
2026-09-25 21:22:37 | WARNING  | exam.proctor                 | Session 2dbb0f08-6c80-483e-9be1-7781bf7974b2 flagged: score=23.1 tab_switches=3 left_exam=3
2026-09-25 21:22:37 | WARNING  | exam.proctor                 | Session 2dbb0f08-6c80-483e-9be1-7781bf7974b2 AUTO-SUBMITTED after 3 focus violation(s)
2026-09-25 21:22:38 | INFO     | exam.proctor                 | examiner-fcf9dc84@test.edu ruled session 2dbb0f08-6c80-483e-9be1-7781bf7974b2 as cleared
2026-09-25 21:22:40 | WARNING  | exam.proctor                 | Session 919542da-39a0-430f-ad92-b60477bcdce5 flagged: score=27.3 tab_switches=4 left_exam=4
2026-09-25 21:22:41 | WARNING  | exam.proctor                 | Session f8e91c2e-dda2-4584-8f84-0cac4d569573 flagged: score=10.0 tab_switches=1 left_exam=1
2026-09-25 21:22:41 | WARNING  | exam.proctor                 | Session f8e91c2e-dda2-4584-8f84-0cac4d569573 AUTO-SUBMITTED after 1 focus violation(s)
2026-09-25 21:22:47 | INFO     | exam.proctor                 | examiner-c764adde@test.edu ruled session b7f9ce61-dd9d-4549-b580-ab7c5ba41547 as cleared
2026-09-25 21:22:48 | INFO     | exam.proctor                 | examiner-b160309b@test.edu ruled session 7d9bf81a-92d5-416c-b782-12e77c62ba3a as malpractice
2026-09-25 21:22:51 | INFO     | exam.proctor                 | examiner-9c680063@test.edu ruled session 6dc75dcb-3852-4856-9695-9bc21a420f16 as cleared
2026-09-25 21:22:53 | INFO     | exam.proctor                 | examiner-d33081f9@test.edu ruled session bff9f2da-5a21-4394-b8c8-28bd8a1752e6 as malpractice
2026-09-25 21:22:56 | INFO     | exam.proctor                 | examiner-2062e165@test.edu ruled session c4458482-78d2-488d-9468-638216e21629 as malpractice
2026-09-25 21:22:57 | INFO     | exam.proctor                 | examiner-2a06a643@test.edu ruled session 19e4c001-e70f-4cd1-8d1a-d708fd16cb16 as malpractice
2026-09-25 21:22:58 | INFO     | exam.proctor                 | examiner-bc44575a@test.edu ruled session 2f4e065c-cfd2-465a-b692-2674b3e3f070 as cleared
2026-09-25 21:23:45 | INFO     | exam.proctor                 | Proctor socket open for session 7409fe1b-a87b-4136-a910-b8f135093dc5
2026-09-25 21:23:45 | INFO     | exam.proctor                 | Proctor socket closed for session 7409fe1b-a87b-4136-a910-b8f135093dc5
2026-09-25 21:23:48 | INFO     | exam.proctor                 | Proctor socket open for session cb2c04d2-cb01-48a1-b843-33d89263035d
2026-09-25 21:23:48 | INFO     | exam.proctor                 | Proctor socket closed for session cb2c04d2-cb01-48a1-b843-33d89263035d
2026-09-25 21:23:49 | INFO     | exam.proctor                 | Proctor socket open for session 56543907-2a48-43fc-8298-22e1bc71aaa3
2026-09-25 21:23:49 | INFO     | exam.proctor                 | Proctor socket closed for session 56543907-2a48-43fc-8298-22e1bc71aaa3
2026-09-25 21:23:50 | INFO     | exam.proctor                 | Proctor socket open for session 976466e7-ad90-4553-85a1-8a5a4c6c913c
2026-09-25 21:23:50 | WARNING  | exam.proctor                 | Session 976466e7-ad90-4553-85a1-8a5a4c6c913c flagged: score=23.1 tab_switches=3 left_exam=3
2026-09-25 21:23:50 | WARNING  | exam.proctor                 | Session 976466e7-ad90-4553-85a1-8a5a4c6c913c AUTO-SUBMITTED after 3 focus violation(s)
2026-09-25 21:23:51 | INFO     | exam.proctor                 | Proctor socket open for session f9f60489-cba5-4386-b837-299c60694e19
2026-09-25 21:23:51 | INFO     | exam.proctor                 | Proctor socket closed for session f9f60489-cba5-4386-b837-299c60694e19
2026-09-25 21:23:51 | INFO     | exam.proctor                 | Proctor socket open for session b220db17-da7d-4197-9655-6d248449b6e7
2026-09-25 21:23:51 | INFO     | exam.proctor                 | Proctor socket closed for session b220db17-da7d-4197-9655-6d248449b6e7
2026-09-25 21:23:52 | INFO     | exam.proctor                 | Proctor socket open for session d3b183f5-cce8-4fee-a437-6ef334f744b1
2026-09-25 21:23:52 | INFO     | exam.proctor                 | Proctor socket closed for session d3b183f5-cce8-4fee-a437-6ef334f744b1
2026-09-25 21:23:53 | INFO     | exam.proctor                 | Proctor socket open for session 72092cb6-9d8e-4fa7-950a-633c2217cc29
2026-09-25 21:23:53 | INFO     | exam.proctor                 | Proctor socket closed for session 72092cb6-9d8e-4fa7-950a-633c2217cc29
2026-09-25 21:25:42 | WARNING  | exam.proctor                 | Session 3dfe023a-c796-49c3-9513-a1eaabed2684 flagged: score=106.9 tab_switches=0 left_exam=0
2026-09-25 21:25:42 | WARNING  | exam.proctor                 | Session 3dfe023a-c796-49c3-9513-a1eaabed2684 TERMINATED at score 106.9
2026-09-25 21:26:13 | WARNING  | exam.proctor                 | Session c94b46b1-f80e-4343-869e-1f2b4f653280 flagged: score=23.1 tab_switches=3 left_exam=3
2026-09-25 21:26:13 | WARNING  | exam.proctor                 | Session c94b46b1-f80e-4343-869e-1f2b4f653280 AUTO-SUBMITTED after 3 focus violation(s)
2026-09-25 21:26:13 | WARNING  | exam.proctor                 | Session 24489342-c3b7-44fe-901f-77e59d58c340 flagged: score=24.0 tab_switches=1 left_exam=3
2026-09-25 21:26:14 | WARNING  | exam.proctor                 | Session 24489342-c3b7-44fe-901f-77e59d58c340 AUTO-SUBMITTED after 3 focus violation(s)
2026-09-25 21:26:14 | WARNING  | exam.proctor                 | Session 8202602d-150e-4e85-9fea-9797b61875ec flagged: score=23.1 tab_switches=3 left_exam=3
2026-09-25 21:26:14 | WARNING  | exam.proctor                 | Session 8202602d-150e-4e85-9fea-9797b61875ec AUTO-SUBMITTED after 3 focus violation(s)
2026-09-25 21:26:15 | WARNING  | exam.proctor                 | Session a6d9b2e3-944e-41e0-8605-e0a1ea200a5d flagged: score=23.1 tab_switches=3 left_exam=3
2026-09-25 21:26:15 | WARNING  | exam.proctor                 | Session a6d9b2e3-944e-41e0-8605-e0a1ea200a5d AUTO-SUBMITTED after 3 focus violation(s)
2026-09-25 21:26:16 | WARNING  | exam.proctor                 | Session 7eb8a4e2-a776-4d79-bad8-fa3d93472f72 flagged: score=23.1 tab_switches=3 left_exam=3
2026-09-25 21:26:16 | WARNING  | exam.proctor                 | Session 7eb8a4e2-a776-4d79-bad8-fa3d93472f72 AUTO-SUBMITTED after 3 focus violation(s)
2026-09-25 21:26:17 | WARNING  | exam.proctor                 | Session 7df3c10c-b8da-4d75-b0ec-9989b09f78c7 flagged: score=23.1 tab_switches=3 left_exam=3
2026-09-25 21:26:17 | WARNING  | exam.proctor                 | Session 7df3c10c-b8da-4d75-b0ec-9989b09f78c7 AUTO-SUBMITTED after 3 focus violation(s)
2026-09-25 21:26:18 | WARNING  | exam.proctor                 | Session ade4af23-fe96-43d5-9d55-fa5d2fb0b073 flagged: score=23.1 tab_switches=3 left_exam=3
2026-09-25 21:26:18 | WARNING  | exam.proctor                 | Session ade4af23-fe96-43d5-9d55-fa5d2fb0b073 AUTO-SUBMITTED after 3 focus violation(s)
2026-09-25 21:26:19 | WARNING  | exam.proctor                 | Session be2cbe55-9542-4ec2-9911-5aaaa814bffe flagged: score=23.1 tab_switches=3 left_exam=3
2026-09-25 21:26:19 | WARNING  | exam.proctor                 | Session be2cbe55-9542-4ec2-9911-5aaaa814bffe AUTO-SUBMITTED after 3 focus violation(s)
2026-09-25 21:26:19 | INFO     | exam.proctor                 | examiner-205080ad@test.edu ruled session be2cbe55-9542-4ec2-9911-5aaaa814bffe as cleared
2026-09-25 21:26:22 | WARNING  | exam.proctor                 | Session f8ce7604-b053-4c9f-b779-b229d6011344 flagged: score=27.3 tab_switches=4 left_exam=4
2026-09-25 21:26:22 | WARNING  | exam.proctor                 | Session 76038061-96e0-4ab4-a76a-259120119a10 flagged: score=10.0 tab_switches=1 left_exam=1
2026-09-25 21:26:22 | WARNING  | exam.proctor                 | Session 76038061-96e0-4ab4-a76a-259120119a10 AUTO-SUBMITTED after 1 focus violation(s)
2026-09-25 21:26:29 | INFO     | exam.proctor                 | examiner-648d2fad@test.edu ruled session 9354db14-1e74-467b-bedb-c8fade1c2800 as cleared
2026-09-25 21:26:30 | INFO     | exam.proctor                 | examiner-f1783e51@test.edu ruled session e6120d11-988a-462b-b0b2-2278f59d4221 as malpractice
2026-09-25 21:26:33 | INFO     | exam.proctor                 | examiner-0ad5d76b@test.edu ruled session c6f90057-55e0-47a2-9b6c-778e58bbe586 as cleared
2026-09-25 21:26:34 | INFO     | exam.proctor                 | examiner-4b80ee9f@test.edu ruled session 60e97c80-1ae6-44fa-9b8f-0daa983421e3 as malpractice
2026-09-25 21:26:37 | INFO     | exam.proctor                 | examiner-7c7cfbd7@test.edu ruled session b657ef2d-d511-4335-b785-3af923fa0684 as malpractice
2026-09-25 21:26:39 | INFO     | exam.proctor                 | examiner-f0f8a48c@test.edu ruled session b60bd6ff-7e72-4457-b5d4-cf0c18dc93d9 as malpractice
2026-09-25 21:26:40 | INFO     | exam.proctor                 | examiner-d635dcb0@test.edu ruled session 52b5a9b4-c372-4564-bdc5-d268e40edee8 as cleared
2026-09-25 21:27:25 | INFO     | exam.proctor                 | Proctor socket open for session 1010eec5-afc3-4be7-a0b3-4bc36702d6fa
2026-09-25 21:27:25 | INFO     | exam.proctor                 | Proctor socket closed for session 1010eec5-afc3-4be7-a0b3-4bc36702d6fa
2026-09-25 21:27:29 | INFO     | exam.proctor                 | Proctor socket open for session 82ee72e3-4b20-4ed7-a1cc-88a5b0dde2ff
2026-09-25 21:27:29 | INFO     | exam.proctor                 | Proctor socket closed for session 82ee72e3-4b20-4ed7-a1cc-88a5b0dde2ff
2026-09-25 21:27:30 | INFO     | exam.proctor                 | Proctor socket open for session 2e299cbf-2e0e-4508-8c21-036dd0ea9ea3
2026-09-25 21:27:30 | INFO     | exam.proctor                 | Proctor socket closed for session 2e299cbf-2e0e-4508-8c21-036dd0ea9ea3
2026-09-25 21:27:30 | INFO     | exam.proctor                 | Proctor socket open for session a65dbffa-dd17-40bc-80fb-2ba260ab3f96
2026-09-25 21:27:30 | WARNING  | exam.proctor                 | Session a65dbffa-dd17-40bc-80fb-2ba260ab3f96 flagged: score=23.1 tab_switches=3 left_exam=3
2026-09-25 21:27:30 | WARNING  | exam.proctor                 | Session a65dbffa-dd17-40bc-80fb-2ba260ab3f96 AUTO-SUBMITTED after 3 focus violation(s)
2026-09-25 21:27:31 | INFO     | exam.proctor                 | Proctor socket open for session f5dbf0b1-13a8-4f89-8b29-d5107b1ad587
2026-09-25 21:27:31 | INFO     | exam.proctor                 | Proctor socket closed for session f5dbf0b1-13a8-4f89-8b29-d5107b1ad587
2026-09-25 21:27:32 | INFO     | exam.proctor                 | Proctor socket open for session 308271fb-5a8d-40f9-a88c-913c18d37077
2026-09-25 21:27:32 | INFO     | exam.proctor                 | Proctor socket closed for session 308271fb-5a8d-40f9-a88c-913c18d37077
2026-09-25 21:27:33 | INFO     | exam.proctor                 | Proctor socket open for session 71233732-8d68-4257-91ac-619c6ece90ec
2026-09-25 21:27:33 | INFO     | exam.proctor                 | Proctor socket closed for session 71233732-8d68-4257-91ac-619c6ece90ec
2026-09-25 21:27:33 | INFO     | exam.proctor                 | Proctor socket open for session f6379c18-9369-4e63-bd5f-9712c3636b6e
2026-09-25 21:27:33 | INFO     | exam.proctor                 | Proctor socket closed for session f6379c18-9369-4e63-bd5f-9712c3636b6e
2026-09-25 21:29:58 | WARNING  | exam.proctor                 | Session 06c6f1a7-48a4-4afc-8584-bd81ca6436d3 flagged: score=106.9 tab_switches=0 left_exam=0
2026-09-25 21:29:58 | WARNING  | exam.proctor                 | Session 06c6f1a7-48a4-4afc-8584-bd81ca6436d3 TERMINATED at score 106.9
2026-09-25 21:30:29 | WARNING  | exam.proctor                 | Session d6cbdb23-43be-4ed5-a24f-b804f22305ac flagged: score=23.1 tab_switches=3 left_exam=3
2026-09-25 21:30:29 | WARNING  | exam.proctor                 | Session d6cbdb23-43be-4ed5-a24f-b804f22305ac AUTO-SUBMITTED after 3 focus violation(s)
2026-09-25 21:30:30 | WARNING  | exam.proctor                 | Session 99c5fb1c-210f-4447-9852-283b355afcff flagged: score=24.0 tab_switches=1 left_exam=3
2026-09-25 21:30:30 | WARNING  | exam.proctor                 | Session 99c5fb1c-210f-4447-9852-283b355afcff AUTO-SUBMITTED after 3 focus violation(s)
2026-09-25 21:30:31 | WARNING  | exam.proctor                 | Session 0adb1960-bde0-406b-b3e6-ad8eac4b27f3 flagged: score=23.1 tab_switches=3 left_exam=3
2026-09-25 21:30:31 | WARNING  | exam.proctor                 | Session 0adb1960-bde0-406b-b3e6-ad8eac4b27f3 AUTO-SUBMITTED after 3 focus violation(s)
2026-09-25 21:30:32 | WARNING  | exam.proctor                 | Session 0971c526-ad5b-4914-a5a6-cf87c0f906c1 flagged: score=23.1 tab_switches=3 left_exam=3
2026-09-25 21:30:32 | WARNING  | exam.proctor                 | Session 0971c526-ad5b-4914-a5a6-cf87c0f906c1 AUTO-SUBMITTED after 3 focus violation(s)
2026-09-25 21:30:33 | WARNING  | exam.proctor                 | Session 820215e9-0fa7-4acb-a314-8dadd99f28f3 flagged: score=23.1 tab_switches=3 left_exam=3
2026-09-25 21:30:33 | WARNING  | exam.proctor                 | Session 820215e9-0fa7-4acb-a314-8dadd99f28f3 AUTO-SUBMITTED after 3 focus violation(s)
2026-09-25 21:30:34 | WARNING  | exam.proctor                 | Session 16437063-6531-4710-9b38-b232a78ac044 flagged: score=23.1 tab_switches=3 left_exam=3
2026-09-25 21:30:34 | WARNING  | exam.proctor                 | Session 16437063-6531-4710-9b38-b232a78ac044 AUTO-SUBMITTED after 3 focus violation(s)
2026-09-25 21:30:34 | WARNING  | exam.proctor                 | Session 07f9bc6c-e010-4760-ba6e-bb3a92b6b1c3 flagged: score=23.1 tab_switches=3 left_exam=3
2026-09-25 21:30:34 | WARNING  | exam.proctor                 | Session 07f9bc6c-e010-4760-ba6e-bb3a92b6b1c3 AUTO-SUBMITTED after 3 focus violation(s)
2026-09-25 21:30:35 | WARNING  | exam.proctor                 | Session 20bb3f09-5c66-485d-818c-93482b31d6eb flagged: score=23.1 tab_switches=3 left_exam=3
2026-09-25 21:30:35 | WARNING  | exam.proctor                 | Session 20bb3f09-5c66-485d-818c-93482b31d6eb AUTO-SUBMITTED after 3 focus violation(s)
2026-09-25 21:30:36 | INFO     | exam.proctor                 | examiner-8b3247d3@test.edu ruled session 20bb3f09-5c66-485d-818c-93482b31d6eb as cleared
2026-09-25 21:30:38 | WARNING  | exam.proctor                 | Session 77d379fe-3b57-48bf-83ab-02261e79c1d9 flagged: score=27.3 tab_switches=4 left_exam=4
2026-09-25 21:30:39 | WARNING  | exam.proctor                 | Session 7b6c9441-173d-43a8-879b-6ce8f1240520 flagged: score=10.0 tab_switches=1 left_exam=1
2026-09-25 21:30:39 | WARNING  | exam.proctor                 | Session 7b6c9441-173d-43a8-879b-6ce8f1240520 AUTO-SUBMITTED after 1 focus violation(s)
2026-09-25 21:30:45 | INFO     | exam.proctor                 | examiner-5093dc19@test.edu ruled session 5f5ef68e-0f0f-4202-b47d-427905c371d3 as cleared
2026-09-25 21:30:46 | INFO     | exam.proctor                 | examiner-1d915c1a@test.edu ruled session 72efe920-1a0e-4fcc-b658-d78ee20e0260 as malpractice
2026-09-25 21:30:49 | INFO     | exam.proctor                 | examiner-0452a62e@test.edu ruled session 8d81bf4c-8753-4a35-8763-4f44e83148d9 as cleared
2026-09-25 21:30:51 | INFO     | exam.proctor                 | examiner-7d378992@test.edu ruled session 84e0e344-cdd4-4702-a083-6c7e9b1c24be as malpractice
2026-09-25 21:30:53 | INFO     | exam.proctor                 | examiner-bb5e7c4f@test.edu ruled session b6887be3-1e89-43d1-b52e-3af937e8792e as malpractice
2026-09-25 21:30:55 | INFO     | exam.proctor                 | examiner-0e598a79@test.edu ruled session 1396d8e8-8659-4301-abef-91ceada032da as malpractice
2026-09-25 21:30:56 | INFO     | exam.proctor                 | examiner-06178705@test.edu ruled session d4653fc7-5e30-4514-9277-f33713e63d3e as cleared
2026-09-25 21:31:42 | INFO     | exam.proctor                 | Proctor socket open for session 65678393-83fb-42d0-ae76-0b574a3f25ef
2026-09-25 21:31:42 | INFO     | exam.proctor                 | Proctor socket closed for session 65678393-83fb-42d0-ae76-0b574a3f25ef
2026-09-25 21:31:46 | INFO     | exam.proctor                 | Proctor socket open for session 6b0c4726-8583-4643-9553-37d6fabdc944
2026-09-25 21:31:46 | INFO     | exam.proctor                 | Proctor socket closed for session 6b0c4726-8583-4643-9553-37d6fabdc944
2026-09-25 21:31:46 | INFO     | exam.proctor                 | Proctor socket open for session 7a0fe1b7-3687-4e7c-8a52-0e2b166ffdc7
2026-09-25 21:31:46 | INFO     | exam.proctor                 | Proctor socket closed for session 7a0fe1b7-3687-4e7c-8a52-0e2b166ffdc7
2026-09-25 21:31:47 | INFO     | exam.proctor                 | Proctor socket open for session 718a4ba8-f2e8-43e5-a28b-54c9d7630199
2026-09-25 21:31:47 | WARNING  | exam.proctor                 | Session 718a4ba8-f2e8-43e5-a28b-54c9d7630199 flagged: score=23.1 tab_switches=3 left_exam=3
2026-09-25 21:31:47 | WARNING  | exam.proctor                 | Session 718a4ba8-f2e8-43e5-a28b-54c9d7630199 AUTO-SUBMITTED after 3 focus violation(s)
2026-09-25 21:31:48 | INFO     | exam.proctor                 | Proctor socket open for session d9e7a215-08bb-43c7-81a1-a8582e8fc4e6
2026-09-25 21:31:48 | INFO     | exam.proctor                 | Proctor socket closed for session d9e7a215-08bb-43c7-81a1-a8582e8fc4e6
2026-09-25 21:31:49 | INFO     | exam.proctor                 | Proctor socket open for session 5a108788-5495-4db9-a35d-a8f8e8868cd4
2026-09-25 21:31:49 | INFO     | exam.proctor                 | Proctor socket closed for session 5a108788-5495-4db9-a35d-a8f8e8868cd4
2026-09-25 21:31:49 | INFO     | exam.proctor                 | Proctor socket open for session a9e027e0-c0e6-45b2-be42-a5294a809ef0
2026-09-25 21:31:49 | INFO     | exam.proctor                 | Proctor socket closed for session a9e027e0-c0e6-45b2-be42-a5294a809ef0
2026-09-25 21:31:50 | INFO     | exam.proctor                 | Proctor socket open for session d6f5b7a7-7097-460f-9f94-92e8973ac186
2026-09-25 21:31:50 | INFO     | exam.proctor                 | Proctor socket closed for session d6f5b7a7-7097-460f-9f94-92e8973ac186
2026-09-26 00:16:56 | WARNING  | exam.proctor                 | Session d5d5598c-b3cc-42c9-9e26-222dc3941dcf flagged: score=106.9 tab_switches=0 left_exam=0
2026-09-26 00:16:56 | WARNING  | exam.proctor                 | Session d5d5598c-b3cc-42c9-9e26-222dc3941dcf TERMINATED at score 106.9
2026-09-26 00:17:18 | WARNING  | exam.proctor                 | Session b25fa246-6757-4c75-ab02-60e401f3f7e4 flagged: score=23.1 tab_switches=3 left_exam=3
2026-09-26 00:17:18 | WARNING  | exam.proctor                 | Session b25fa246-6757-4c75-ab02-60e401f3f7e4 AUTO-SUBMITTED after 3 focus violation(s)
2026-09-26 00:17:19 | WARNING  | exam.proctor                 | Session 02fad809-74df-43c5-9c2b-c26c6d7a7a6c flagged: score=24.0 tab_switches=1 left_exam=3
2026-09-26 00:17:19 | WARNING  | exam.proctor                 | Session 02fad809-74df-43c5-9c2b-c26c6d7a7a6c AUTO-SUBMITTED after 3 focus violation(s)
2026-09-26 00:17:19 | WARNING  | exam.proctor                 | Session f113887f-d489-49d9-bfb9-b3aacdbe2224 flagged: score=23.1 tab_switches=3 left_exam=3
2026-09-26 00:17:19 | WARNING  | exam.proctor                 | Session f113887f-d489-49d9-bfb9-b3aacdbe2224 AUTO-SUBMITTED after 3 focus violation(s)
2026-09-26 00:17:20 | WARNING  | exam.proctor                 | Session 42228533-6936-41e1-b7d2-bd723b03e780 flagged: score=23.1 tab_switches=3 left_exam=3
2026-09-26 00:17:20 | WARNING  | exam.proctor                 | Session 42228533-6936-41e1-b7d2-bd723b03e780 AUTO-SUBMITTED after 3 focus violation(s)
2026-09-26 00:17:20 | WARNING  | exam.proctor                 | Session 81fb7162-7d34-4534-ac1b-5af0e9757ff6 flagged: score=23.1 tab_switches=3 left_exam=3
2026-09-26 00:17:20 | WARNING  | exam.proctor                 | Session 81fb7162-7d34-4534-ac1b-5af0e9757ff6 AUTO-SUBMITTED after 3 focus violation(s)
2026-09-26 00:17:22 | WARNING  | exam.proctor                 | Session 15754e6b-7753-46d4-9747-70dfd2b342fd flagged: score=23.1 tab_switches=3 left_exam=3
2026-09-26 00:17:22 | WARNING  | exam.proctor                 | Session 15754e6b-7753-46d4-9747-70dfd2b342fd AUTO-SUBMITTED after 3 focus violation(s)
2026-09-26 00:17:22 | WARNING  | exam.proctor                 | Session 0608323b-7267-427b-94e6-27a035c1e00b flagged: score=23.1 tab_switches=3 left_exam=3
2026-09-26 00:17:22 | WARNING  | exam.proctor                 | Session 0608323b-7267-427b-94e6-27a035c1e00b AUTO-SUBMITTED after 3 focus violation(s)
2026-09-26 00:17:23 | INFO     | exam.proctor                 | examiner-4044b672@test.edu ruled session 0608323b-7267-427b-94e6-27a035c1e00b as cleared
2026-09-26 00:17:24 | WARNING  | exam.proctor                 | Session 5dbc7ec6-7a3e-4019-8273-6bee85c7e660 flagged: score=27.3 tab_switches=4 left_exam=4
2026-09-26 00:17:25 | WARNING  | exam.proctor                 | Session 268fec98-eb64-4182-9203-1280d2ff915d flagged: score=10.0 tab_switches=1 left_exam=1
2026-09-26 00:17:25 | WARNING  | exam.proctor                 | Session 268fec98-eb64-4182-9203-1280d2ff915d AUTO-SUBMITTED after 1 focus violation(s)
2026-09-26 00:17:30 | INFO     | exam.proctor                 | examiner-3bb00339@test.edu ruled session 52648f16-b103-4ca7-8010-efa3e9abfa1b as cleared
2026-09-26 00:17:30 | INFO     | exam.proctor                 | examiner-6b00b190@test.edu ruled session 7c6c639b-38c1-4a28-bbc3-1938ead79fda as malpractice
2026-09-26 00:17:32 | INFO     | exam.proctor                 | examiner-18e0aa34@test.edu ruled session 70303b4e-b8a8-48fc-906b-b3ca67653b7e as cleared
2026-09-26 00:17:33 | INFO     | exam.proctor                 | examiner-75bd4e5f@test.edu ruled session 10b16249-fcb8-4677-b8b5-fb4180c172b6 as malpractice
2026-09-26 00:17:35 | INFO     | exam.proctor                 | examiner-393176e4@test.edu ruled session 544adc62-3d83-4aa9-af2c-1aa5bef40b52 as malpractice
2026-09-26 00:17:36 | INFO     | exam.proctor                 | examiner-1d7707fe@test.edu ruled session df5bb816-102d-4f05-8210-2e763cbb7099 as malpractice
2026-09-26 00:17:37 | INFO     | exam.proctor                 | examiner-bc29a9dd@test.edu ruled session 48e4c725-89d4-499c-890c-cd1692b44bc1 as cleared
2026-09-26 00:17:54 | WARNING  | exam.proctor                 | Session e55903eb-0ae8-4cb6-ba2d-e55f3afe34ed flagged: score=106.9 tab_switches=0 left_exam=0
2026-09-26 00:17:54 | WARNING  | exam.proctor                 | Session e55903eb-0ae8-4cb6-ba2d-e55f3afe34ed TERMINATED at score 106.9
2026-09-26 00:18:08 | INFO     | exam.proctor                 | Proctor socket open for session 44f3d550-98fb-41b9-80dd-38a4133683e4
2026-09-26 00:18:08 | INFO     | exam.proctor                 | Proctor socket closed for session 44f3d550-98fb-41b9-80dd-38a4133683e4
2026-09-26 00:18:11 | INFO     | exam.proctor                 | Proctor socket open for session 6f4fe9dd-02f1-491f-a9a0-732e5c3b3ea3
2026-09-26 00:18:11 | INFO     | exam.proctor                 | Proctor socket closed for session 6f4fe9dd-02f1-491f-a9a0-732e5c3b3ea3
2026-09-26 00:18:11 | INFO     | exam.proctor                 | Proctor socket open for session 2546d9c5-df77-4fe2-be26-0c05ca062f68
2026-09-26 00:18:11 | INFO     | exam.proctor                 | Proctor socket closed for session 2546d9c5-df77-4fe2-be26-0c05ca062f68
2026-09-26 00:18:12 | INFO     | exam.proctor                 | Proctor socket open for session 09802365-aecd-434d-a0ad-bd0a92505245
2026-09-26 00:18:12 | WARNING  | exam.proctor                 | Session 09802365-aecd-434d-a0ad-bd0a92505245 flagged: score=23.1 tab_switches=3 left_exam=3
2026-09-26 00:18:12 | WARNING  | exam.proctor                 | Session 09802365-aecd-434d-a0ad-bd0a92505245 AUTO-SUBMITTED after 3 focus violation(s)
2026-09-26 00:18:12 | INFO     | exam.proctor                 | Proctor socket open for session b095eeea-cbed-49aa-845b-957a266535b4
2026-09-26 00:18:12 | INFO     | exam.proctor                 | Proctor socket closed for session b095eeea-cbed-49aa-845b-957a266535b4
2026-09-26 00:18:13 | INFO     | exam.proctor                 | Proctor socket open for session 387091b3-8e4b-4150-9f6b-b67e89aaae78
2026-09-26 00:18:13 | INFO     | exam.proctor                 | Proctor socket closed for session 387091b3-8e4b-4150-9f6b-b67e89aaae78
2026-09-26 00:18:14 | INFO     | exam.proctor                 | Proctor socket open for session fe138503-a869-4334-b319-38f302512426
2026-09-26 00:18:14 | INFO     | exam.proctor                 | Proctor socket closed for session fe138503-a869-4334-b319-38f302512426
2026-09-26 00:18:14 | INFO     | exam.proctor                 | Proctor socket open for session cae8c377-d431-4461-81b9-fff4d2167d78
2026-09-26 00:18:14 | INFO     | exam.proctor                 | Proctor socket closed for session cae8c377-d431-4461-81b9-fff4d2167d78
2026-09-26 00:18:15 | WARNING  | exam.proctor                 | Session 45b745e2-5a28-4981-be76-99c6c40224b7 flagged: score=23.1 tab_switches=3 left_exam=3
2026-09-26 00:18:15 | WARNING  | exam.proctor                 | Session 45b745e2-5a28-4981-be76-99c6c40224b7 AUTO-SUBMITTED after 3 focus violation(s)
2026-09-26 00:18:15 | WARNING  | exam.proctor                 | Session 2ff7d14f-b89d-4d02-a909-3c21d855d4f7 flagged: score=24.0 tab_switches=1 left_exam=3
2026-09-26 00:18:16 | WARNING  | exam.proctor                 | Session 2ff7d14f-b89d-4d02-a909-3c21d855d4f7 AUTO-SUBMITTED after 3 focus violation(s)
2026-09-26 00:18:16 | WARNING  | exam.proctor                 | Session 2b1fa2f1-60d9-4a46-a8b0-9de3eae805e6 flagged: score=23.1 tab_switches=3 left_exam=3
2026-09-26 00:18:16 | WARNING  | exam.proctor                 | Session 2b1fa2f1-60d9-4a46-a8b0-9de3eae805e6 AUTO-SUBMITTED after 3 focus violation(s)
2026-09-26 00:18:17 | WARNING  | exam.proctor                 | Session 3c1ebf28-2f3f-4a07-86b3-ed174b7222d9 flagged: score=23.1 tab_switches=3 left_exam=3
2026-09-26 00:18:17 | WARNING  | exam.proctor                 | Session 3c1ebf28-2f3f-4a07-86b3-ed174b7222d9 AUTO-SUBMITTED after 3 focus violation(s)
2026-09-26 00:18:18 | WARNING  | exam.proctor                 | Session d09443a8-78e4-478f-aa5d-94bde651f93b flagged: score=23.1 tab_switches=3 left_exam=3
2026-09-26 00:18:18 | WARNING  | exam.proctor                 | Session d09443a8-78e4-478f-aa5d-94bde651f93b AUTO-SUBMITTED after 3 focus violation(s)
2026-09-26 00:18:18 | WARNING  | exam.proctor                 | Session ae0bc5cd-ace1-4f37-9aac-24b7428639b1 flagged: score=23.1 tab_switches=3 left_exam=3
2026-09-26 00:18:18 | WARNING  | exam.proctor                 | Session ae0bc5cd-ace1-4f37-9aac-24b7428639b1 AUTO-SUBMITTED after 3 focus violation(s)
2026-09-26 00:18:19 | WARNING  | exam.proctor                 | Session 79f2bed2-420b-4422-94eb-5101119d5b78 flagged: score=23.1 tab_switches=3 left_exam=3
2026-09-26 00:18:19 | WARNING  | exam.proctor                 | Session 79f2bed2-420b-4422-94eb-5101119d5b78 AUTO-SUBMITTED after 3 focus violation(s)
2026-09-26 00:18:19 | WARNING  | exam.proctor                 | Session 0f0d9071-af06-4e8f-9d84-a694f99bab81 flagged: score=23.1 tab_switches=3 left_exam=3
2026-09-26 00:18:19 | WARNING  | exam.proctor                 | Session 0f0d9071-af06-4e8f-9d84-a694f99bab81 AUTO-SUBMITTED after 3 focus violation(s)
2026-09-26 00:18:20 | INFO     | exam.proctor                 | examiner-4df268e0@test.edu ruled session 0f0d9071-af06-4e8f-9d84-a694f99bab81 as cleared
2026-09-26 00:18:21 | WARNING  | exam.proctor                 | Session bc8ea4a8-b734-4545-9cbd-ff7bf5720ba1 flagged: score=27.3 tab_switches=4 left_exam=4
2026-09-26 00:18:22 | WARNING  | exam.proctor                 | Session 06574852-d349-451c-bfc7-af89fdc46811 flagged: score=10.0 tab_switches=1 left_exam=1
2026-09-26 00:18:22 | WARNING  | exam.proctor                 | Session 06574852-d349-451c-bfc7-af89fdc46811 AUTO-SUBMITTED after 1 focus violation(s)
2026-09-26 00:18:26 | INFO     | exam.proctor                 | examiner-862dcf56@test.edu ruled session 7a4f528e-3fac-4051-8159-4bb28d86b1ea as cleared
2026-09-26 00:18:27 | INFO     | exam.proctor                 | examiner-e0765b65@test.edu ruled session aa632fe0-52a9-4c11-9411-bf7166e205b9 as malpractice
2026-09-26 00:18:29 | INFO     | exam.proctor                 | examiner-f9b151d8@test.edu ruled session 86049139-b3ad-4574-a4e0-6d7b87d16268 as cleared
2026-09-26 00:18:30 | INFO     | exam.proctor                 | examiner-ee6e2fa6@test.edu ruled session 559b6d2b-9b7c-4ace-9bfb-f62f62fed3e1 as malpractice
2026-09-26 00:18:31 | INFO     | exam.proctor                 | examiner-c2b84729@test.edu ruled session 8fe8155c-e846-47a0-95cc-6d98bac4aa53 as malpractice
2026-09-26 00:18:33 | INFO     | exam.proctor                 | examiner-805efd3b@test.edu ruled session 51f98b09-ca5f-4213-bd89-cc192eb01515 as malpractice
2026-09-26 00:18:33 | INFO     | exam.proctor                 | examiner-a5fa1c3b@test.edu ruled session 68882331-e003-475d-9be4-bb889687bfc8 as cleared
2026-09-26 00:18:55 | INFO     | exam.proctor                 | Proctor socket open for session 0653b16c-ac15-40f3-869e-e25eea0ec111
2026-09-26 00:18:55 | INFO     | exam.proctor                 | Proctor socket closed for session 0653b16c-ac15-40f3-869e-e25eea0ec111
2026-09-26 00:18:57 | INFO     | exam.proctor                 | Proctor socket open for session 0c36fc29-3d5b-4668-9d89-e3cd9bd6d502
2026-09-26 00:18:57 | INFO     | exam.proctor                 | Proctor socket closed for session 0c36fc29-3d5b-4668-9d89-e3cd9bd6d502
2026-09-26 00:18:57 | INFO     | exam.proctor                 | Proctor socket open for session e1a0bf4e-2b57-4358-bd75-605ab4e8761a
2026-09-26 00:18:57 | INFO     | exam.proctor                 | Proctor socket closed for session e1a0bf4e-2b57-4358-bd75-605ab4e8761a
2026-09-26 00:18:57 | INFO     | exam.proctor                 | Proctor socket open for session 28dfb550-f731-477a-ae88-fcda3e1bfaca
2026-09-26 00:18:57 | WARNING  | exam.proctor                 | Session 28dfb550-f731-477a-ae88-fcda3e1bfaca flagged: score=23.1 tab_switches=3 left_exam=3
2026-09-26 00:18:57 | WARNING  | exam.proctor                 | Session 28dfb550-f731-477a-ae88-fcda3e1bfaca AUTO-SUBMITTED after 3 focus violation(s)
2026-09-26 00:18:58 | INFO     | exam.proctor                 | Proctor socket open for session b32d51ea-ca00-4368-91e8-9b3109acfe00
2026-09-26 00:18:58 | INFO     | exam.proctor                 | Proctor socket closed for session b32d51ea-ca00-4368-91e8-9b3109acfe00
2026-09-26 00:18:58 | INFO     | exam.proctor                 | Proctor socket open for session a13a92c1-2c0e-4105-b5f0-b45f560015b6
2026-09-26 00:18:58 | INFO     | exam.proctor                 | Proctor socket closed for session a13a92c1-2c0e-4105-b5f0-b45f560015b6
2026-09-26 00:18:58 | INFO     | exam.proctor                 | Proctor socket open for session 10e2e50c-bff9-4844-b55c-6b8649d7aabd
2026-09-26 00:18:58 | INFO     | exam.proctor                 | Proctor socket closed for session 10e2e50c-bff9-4844-b55c-6b8649d7aabd
2026-09-26 00:18:59 | INFO     | exam.proctor                 | Proctor socket open for session 2458da8d-94c7-427e-ae93-2dcd3e9762a0
2026-09-26 00:18:59 | INFO     | exam.proctor                 | Proctor socket closed for session 2458da8d-94c7-427e-ae93-2dcd3e9762a0
2026-09-26 00:29:09 | WARNING  | exam.proctor                 | Session 34e9bc13-d434-45ea-bdf1-dd5b987733a9 flagged: score=106.9 tab_switches=0 left_exam=0
2026-09-26 00:29:09 | WARNING  | exam.proctor                 | Session 34e9bc13-d434-45ea-bdf1-dd5b987733a9 TERMINATED at score 106.9
2026-09-26 00:29:43 | WARNING  | exam.proctor                 | Session 4ffc35a9-bc93-4cc1-8a4e-adbb4776bb49 flagged: score=23.1 tab_switches=3 left_exam=3
2026-09-26 00:29:43 | WARNING  | exam.proctor                 | Session 4ffc35a9-bc93-4cc1-8a4e-adbb4776bb49 AUTO-SUBMITTED after 3 focus violation(s)
2026-09-26 00:29:43 | WARNING  | exam.proctor                 | Session 0067b3b3-b758-4eec-aae1-1922d27feaf5 flagged: score=24.0 tab_switches=1 left_exam=3
2026-09-26 00:29:43 | WARNING  | exam.proctor                 | Session 0067b3b3-b758-4eec-aae1-1922d27feaf5 AUTO-SUBMITTED after 3 focus violation(s)
2026-09-26 00:29:44 | WARNING  | exam.proctor                 | Session de593bbf-7e07-4a8a-9264-56a5abfb0b11 flagged: score=23.1 tab_switches=3 left_exam=3
2026-09-26 00:29:44 | WARNING  | exam.proctor                 | Session de593bbf-7e07-4a8a-9264-56a5abfb0b11 AUTO-SUBMITTED after 3 focus violation(s)
2026-09-26 00:29:45 | WARNING  | exam.proctor                 | Session 28f8ea62-7be6-4dd6-8c87-b12f8ff42f84 flagged: score=23.1 tab_switches=3 left_exam=3
2026-09-26 00:29:45 | WARNING  | exam.proctor                 | Session 28f8ea62-7be6-4dd6-8c87-b12f8ff42f84 AUTO-SUBMITTED after 3 focus violation(s)
2026-09-26 00:29:46 | WARNING  | exam.proctor                 | Session 38fd3f1f-4c5d-49f9-b8d1-9c926c10ee05 flagged: score=23.1 tab_switches=3 left_exam=3
2026-09-26 00:29:46 | WARNING  | exam.proctor                 | Session 38fd3f1f-4c5d-49f9-b8d1-9c926c10ee05 AUTO-SUBMITTED after 3 focus violation(s)
2026-09-26 00:29:47 | WARNING  | exam.proctor                 | Session 2a175fa8-eb5a-41fa-a4f0-877c352b30df flagged: score=23.1 tab_switches=3 left_exam=3
2026-09-26 00:29:47 | WARNING  | exam.proctor                 | Session 2a175fa8-eb5a-41fa-a4f0-877c352b30df AUTO-SUBMITTED after 3 focus violation(s)
2026-09-26 00:29:48 | WARNING  | exam.proctor                 | Session c6b0cd44-f19a-4b1f-bb65-ce50ecc6ad53 flagged: score=23.1 tab_switches=3 left_exam=3
2026-09-26 00:29:48 | WARNING  | exam.proctor                 | Session c6b0cd44-f19a-4b1f-bb65-ce50ecc6ad53 AUTO-SUBMITTED after 3 focus violation(s)
2026-09-26 00:29:48 | WARNING  | exam.proctor                 | Session e4ffffbc-e6ac-4d7a-bb90-1147ee88e3fc flagged: score=23.1 tab_switches=3 left_exam=3
2026-09-26 00:29:48 | WARNING  | exam.proctor                 | Session e4ffffbc-e6ac-4d7a-bb90-1147ee88e3fc AUTO-SUBMITTED after 3 focus violation(s)
2026-09-26 00:29:49 | INFO     | exam.proctor                 | examiner-e0117f54@test.edu ruled session e4ffffbc-e6ac-4d7a-bb90-1147ee88e3fc as cleared
2026-09-26 00:29:51 | WARNING  | exam.proctor                 | Session 64e139a8-aa0b-4225-b107-6cd496c4dcba flagged: score=27.3 tab_switches=4 left_exam=4
2026-09-26 00:29:52 | WARNING  | exam.proctor                 | Session cebf2f62-6832-4702-95f0-fa9c3a4ef828 flagged: score=10.0 tab_switches=1 left_exam=1
2026-09-26 00:29:52 | WARNING  | exam.proctor                 | Session cebf2f62-6832-4702-95f0-fa9c3a4ef828 AUTO-SUBMITTED after 1 focus violation(s)
2026-09-26 00:29:59 | INFO     | exam.proctor                 | examiner-5c273d58@test.edu ruled session 562fe79c-fc90-4a0b-b73e-4736502815ad as cleared
2026-09-26 00:30:00 | INFO     | exam.proctor                 | examiner-7e55f005@test.edu ruled session 622714e7-9bef-4133-9053-4f57fee613af as malpractice
2026-09-26 00:30:02 | INFO     | exam.proctor                 | examiner-a13f208e@test.edu ruled session d405558c-0a3c-4c31-b85e-310192ff0cfa as cleared
2026-09-26 00:30:04 | INFO     | exam.proctor                 | examiner-871c85d6@test.edu ruled session c3bbd4f3-f2e0-42ce-a3bc-50097bc6cd9e as malpractice
2026-09-26 00:30:07 | INFO     | exam.proctor                 | examiner-8053e129@test.edu ruled session e1cfd014-75cc-4729-968a-ca5f8bcb3fa3 as malpractice
2026-09-26 00:30:09 | INFO     | exam.proctor                 | examiner-bc23a4c8@test.edu ruled session 03dd54c8-3e23-4a57-9e8f-0a4f72d22fac as malpractice
2026-09-26 00:30:10 | INFO     | exam.proctor                 | examiner-421fdb53@test.edu ruled session 7326ad13-3cbf-416c-a06b-65f356968fd2 as cleared
2026-09-26 00:30:56 | INFO     | exam.proctor                 | Proctor socket open for session 0bc5dacf-5f86-44cc-9011-874091438784
2026-09-26 00:30:56 | INFO     | exam.proctor                 | Proctor socket closed for session 0bc5dacf-5f86-44cc-9011-874091438784
2026-09-26 00:31:00 | INFO     | exam.proctor                 | Proctor socket open for session a3febadb-ea24-451c-ae39-b162b2133040
2026-09-26 00:31:00 | INFO     | exam.proctor                 | Proctor socket closed for session a3febadb-ea24-451c-ae39-b162b2133040
2026-09-26 00:31:01 | INFO     | exam.proctor                 | Proctor socket open for session 25b58c62-18c9-4fea-b94d-ae8688f33e5f
2026-09-26 00:31:01 | INFO     | exam.proctor                 | Proctor socket closed for session 25b58c62-18c9-4fea-b94d-ae8688f33e5f
2026-09-26 00:31:02 | INFO     | exam.proctor                 | Proctor socket open for session c9aac84a-5b8e-4d63-b697-56f84f5379cb
2026-09-26 00:31:02 | WARNING  | exam.proctor                 | Session c9aac84a-5b8e-4d63-b697-56f84f5379cb flagged: score=23.1 tab_switches=3 left_exam=3
2026-09-26 00:31:02 | WARNING  | exam.proctor                 | Session c9aac84a-5b8e-4d63-b697-56f84f5379cb AUTO-SUBMITTED after 3 focus violation(s)
2026-09-26 00:31:03 | INFO     | exam.proctor                 | Proctor socket open for session df3c3a57-d21f-4b8f-a5e6-0097708e9892
2026-09-26 00:31:03 | INFO     | exam.proctor                 | Proctor socket closed for session df3c3a57-d21f-4b8f-a5e6-0097708e9892
2026-09-26 00:31:03 | INFO     | exam.proctor                 | Proctor socket open for session e1967bfc-14e2-422a-9d34-2e6f7c1b951f
2026-09-26 00:31:03 | INFO     | exam.proctor                 | Proctor socket closed for session e1967bfc-14e2-422a-9d34-2e6f7c1b951f
2026-09-26 00:31:04 | INFO     | exam.proctor                 | Proctor socket open for session ea37a66a-4f7e-458f-909d-f4d3e114ce02
2026-09-26 00:31:04 | INFO     | exam.proctor                 | Proctor socket closed for session ea37a66a-4f7e-458f-909d-f4d3e114ce02
2026-09-26 00:31:05 | INFO     | exam.proctor                 | Proctor socket open for session d5b2925e-f037-40f2-9ff7-675111a5074c
2026-09-26 00:31:05 | INFO     | exam.proctor                 | Proctor socket closed for session d5b2925e-f037-40f2-9ff7-675111a5074c
2026-09-26 00:34:02 | WARNING  | exam.proctor                 | Session 6142eed4-262d-433a-a06b-aa6f5ed12cb6 flagged: score=106.9 tab_switches=0 left_exam=0
2026-09-26 00:34:02 | WARNING  | exam.proctor                 | Session 6142eed4-262d-433a-a06b-aa6f5ed12cb6 TERMINATED at score 106.9
2026-09-26 00:34:39 | WARNING  | exam.proctor                 | Session 88ca3d36-de3a-4c67-83db-f17ef9b4d533 flagged: score=23.1 tab_switches=3 left_exam=3
2026-09-26 00:34:39 | WARNING  | exam.proctor                 | Session 88ca3d36-de3a-4c67-83db-f17ef9b4d533 AUTO-SUBMITTED after 3 focus violation(s)
2026-09-26 00:34:40 | WARNING  | exam.proctor                 | Session 4d5a2ed6-cf9d-4b7c-9551-7be5e9cd824c flagged: score=24.0 tab_switches=1 left_exam=3
2026-09-26 00:34:40 | WARNING  | exam.proctor                 | Session 4d5a2ed6-cf9d-4b7c-9551-7be5e9cd824c AUTO-SUBMITTED after 3 focus violation(s)
2026-09-26 00:34:41 | WARNING  | exam.proctor                 | Session b89c8644-adf0-4975-be5b-bb6ff488813a flagged: score=23.1 tab_switches=3 left_exam=3
2026-09-26 00:34:41 | WARNING  | exam.proctor                 | Session b89c8644-adf0-4975-be5b-bb6ff488813a AUTO-SUBMITTED after 3 focus violation(s)
2026-09-26 00:34:42 | WARNING  | exam.proctor                 | Session d2f298f7-c416-47a1-9bbc-aa38640524f6 flagged: score=23.1 tab_switches=3 left_exam=3
2026-09-26 00:34:42 | WARNING  | exam.proctor                 | Session d2f298f7-c416-47a1-9bbc-aa38640524f6 AUTO-SUBMITTED after 3 focus violation(s)
2026-09-26 00:34:42 | WARNING  | exam.proctor                 | Session 4ea46424-8c04-4cbc-a8a2-64e76d237b61 flagged: score=23.1 tab_switches=3 left_exam=3
2026-09-26 00:34:42 | WARNING  | exam.proctor                 | Session 4ea46424-8c04-4cbc-a8a2-64e76d237b61 AUTO-SUBMITTED after 3 focus violation(s)
2026-09-26 00:34:43 | WARNING  | exam.proctor                 | Session 193a1476-8a28-4043-81d5-0914cde004dc flagged: score=23.1 tab_switches=3 left_exam=3
2026-09-26 00:34:43 | WARNING  | exam.proctor                 | Session 193a1476-8a28-4043-81d5-0914cde004dc AUTO-SUBMITTED after 3 focus violation(s)
2026-09-26 00:34:44 | WARNING  | exam.proctor                 | Session 4046c5ce-bc7f-40ae-a009-8d5f4977c055 flagged: score=23.1 tab_switches=3 left_exam=3
2026-09-26 00:34:44 | WARNING  | exam.proctor                 | Session 4046c5ce-bc7f-40ae-a009-8d5f4977c055 AUTO-SUBMITTED after 3 focus violation(s)
2026-09-26 00:34:45 | WARNING  | exam.proctor                 | Session 0e29cdbb-2c87-43a3-8789-766d6a069f86 flagged: score=23.1 tab_switches=3 left_exam=3
2026-09-26 00:34:45 | WARNING  | exam.proctor                 | Session 0e29cdbb-2c87-43a3-8789-766d6a069f86 AUTO-SUBMITTED after 3 focus violation(s)
2026-09-26 00:34:45 | INFO     | exam.proctor                 | examiner-adcd073a@test.edu ruled session 0e29cdbb-2c87-43a3-8789-766d6a069f86 as cleared
2026-09-26 00:34:48 | WARNING  | exam.proctor                 | Session 00851313-a51a-4dbd-91f0-52483aa27d35 flagged: score=27.3 tab_switches=4 left_exam=4
2026-09-26 00:34:49 | WARNING  | exam.proctor                 | Session 01725b20-5aa2-44bd-a336-5a5abca9d2ff flagged: score=10.0 tab_switches=1 left_exam=1
2026-09-26 00:34:49 | WARNING  | exam.proctor                 | Session 01725b20-5aa2-44bd-a336-5a5abca9d2ff AUTO-SUBMITTED after 1 focus violation(s)
2026-09-26 00:34:56 | INFO     | exam.proctor                 | examiner-cc4bdfb8@test.edu ruled session b7e81bdd-a76b-4f90-b74b-f3b8afbc03b5 as cleared
2026-09-26 00:34:57 | INFO     | exam.proctor                 | examiner-856918c2@test.edu ruled session b13d51f1-069a-4b4c-8b0c-656c61853ed7 as malpractice
2026-09-26 00:34:59 | INFO     | exam.proctor                 | examiner-d9d44376@test.edu ruled session 7747b20e-07a0-434d-b053-f2392800c8b8 as cleared
2026-09-26 00:35:01 | INFO     | exam.proctor                 | examiner-443cc2a3@test.edu ruled session 0ae7d74f-df94-49e4-8eb1-a31b816301ae as malpractice
2026-09-26 00:35:04 | INFO     | exam.proctor                 | examiner-26d20680@test.edu ruled session f8231429-6163-4262-97b1-26484de683bd as malpractice
2026-09-26 00:35:06 | INFO     | exam.proctor                 | examiner-b64ecca3@test.edu ruled session 8e1f78f1-b986-4b17-b2f3-e915b6071ce5 as malpractice
2026-09-26 00:35:07 | INFO     | exam.proctor                 | examiner-aad8a7fe@test.edu ruled session edc414a1-8875-48dc-bdd2-c4cf3ffe7098 as cleared
2026-09-26 00:35:54 | INFO     | exam.proctor                 | Proctor socket open for session 89a39402-dc72-481c-bf4a-7ea02f767eca
2026-09-26 00:35:54 | INFO     | exam.proctor                 | Proctor socket closed for session 89a39402-dc72-481c-bf4a-7ea02f767eca
2026-09-26 00:35:58 | INFO     | exam.proctor                 | Proctor socket open for session c608a370-5f8b-4134-8e81-fbf283dd1cdd
2026-09-26 00:35:58 | INFO     | exam.proctor                 | Proctor socket closed for session c608a370-5f8b-4134-8e81-fbf283dd1cdd
2026-09-26 00:35:59 | INFO     | exam.proctor                 | Proctor socket open for session 8d7f29ec-a21e-4b9a-a070-40c06a30c9ec
2026-09-26 00:35:59 | INFO     | exam.proctor                 | Proctor socket closed for session 8d7f29ec-a21e-4b9a-a070-40c06a30c9ec
2026-09-26 00:36:00 | INFO     | exam.proctor                 | Proctor socket open for session 1b908df8-4535-4b64-8c6a-6d8219bea830
2026-09-26 00:36:00 | WARNING  | exam.proctor                 | Session 1b908df8-4535-4b64-8c6a-6d8219bea830 flagged: score=23.1 tab_switches=3 left_exam=3
2026-09-26 00:36:00 | WARNING  | exam.proctor                 | Session 1b908df8-4535-4b64-8c6a-6d8219bea830 AUTO-SUBMITTED after 3 focus violation(s)
2026-09-26 00:36:01 | INFO     | exam.proctor                 | Proctor socket open for session 86d75a02-ceb7-4b94-a3c8-df782e831c9b
2026-09-26 00:36:01 | INFO     | exam.proctor                 | Proctor socket closed for session 86d75a02-ceb7-4b94-a3c8-df782e831c9b
2026-09-26 00:36:02 | INFO     | exam.proctor                 | Proctor socket open for session e87d1c88-9926-4135-b926-d661bc0bcd0f
2026-09-26 00:36:02 | INFO     | exam.proctor                 | Proctor socket closed for session e87d1c88-9926-4135-b926-d661bc0bcd0f
2026-09-26 00:36:03 | INFO     | exam.proctor                 | Proctor socket open for session 4c8b71d5-ca63-495c-bba9-dd631d7d809c
2026-09-26 00:36:03 | INFO     | exam.proctor                 | Proctor socket closed for session 4c8b71d5-ca63-495c-bba9-dd631d7d809c
2026-09-26 00:36:03 | INFO     | exam.proctor                 | Proctor socket open for session 1c469519-709c-4b04-b303-c00db99c1cd1
2026-09-26 00:36:03 | INFO     | exam.proctor                 | Proctor socket closed for session 1c469519-709c-4b04-b303-c00db99c1cd1
2026-09-26 00:38:04 | WARNING  | exam.proctor                 | Session df572400-0c96-49c0-98da-06a7c9c25ff7 flagged: score=106.9 tab_switches=0 left_exam=0
2026-09-26 00:38:05 | WARNING  | exam.proctor                 | Session df572400-0c96-49c0-98da-06a7c9c25ff7 TERMINATED at score 106.9
2026-09-26 00:38:42 | WARNING  | exam.proctor                 | Session 0306acee-5a03-42fa-94e1-d6e5c0a9d1aa flagged: score=23.1 tab_switches=3 left_exam=3
2026-09-26 00:38:42 | WARNING  | exam.proctor                 | Session 0306acee-5a03-42fa-94e1-d6e5c0a9d1aa AUTO-SUBMITTED after 3 focus violation(s)
2026-09-26 00:38:43 | WARNING  | exam.proctor                 | Session c95642a6-8629-4b3b-9747-08d85598f267 flagged: score=24.0 tab_switches=1 left_exam=3
2026-09-26 00:38:43 | WARNING  | exam.proctor                 | Session c95642a6-8629-4b3b-9747-08d85598f267 AUTO-SUBMITTED after 3 focus violation(s)
2026-09-26 00:38:44 | WARNING  | exam.proctor                 | Session bd2c54c8-a539-4f47-be64-b22c122e8036 flagged: score=23.1 tab_switches=3 left_exam=3
2026-09-26 00:38:44 | WARNING  | exam.proctor                 | Session bd2c54c8-a539-4f47-be64-b22c122e8036 AUTO-SUBMITTED after 3 focus violation(s)
2026-09-26 00:38:45 | WARNING  | exam.proctor                 | Session f3b71df9-d222-430e-89fc-62a32d3b6681 flagged: score=23.1 tab_switches=3 left_exam=3
2026-09-26 00:38:45 | WARNING  | exam.proctor                 | Session f3b71df9-d222-430e-89fc-62a32d3b6681 AUTO-SUBMITTED after 3 focus violation(s)
2026-09-26 00:38:46 | WARNING  | exam.proctor                 | Session f8799b04-e0e1-4b2e-a5ea-249b937b854b flagged: score=23.1 tab_switches=3 left_exam=3
2026-09-26 00:38:46 | WARNING  | exam.proctor                 | Session f8799b04-e0e1-4b2e-a5ea-249b937b854b AUTO-SUBMITTED after 3 focus violation(s)
2026-09-26 00:38:46 | WARNING  | exam.proctor                 | Session d643a25c-ed7b-4fed-b267-3bc81fef6a2f flagged: score=23.1 tab_switches=3 left_exam=3
2026-09-26 00:38:46 | WARNING  | exam.proctor                 | Session d643a25c-ed7b-4fed-b267-3bc81fef6a2f AUTO-SUBMITTED after 3 focus violation(s)
2026-09-26 00:38:47 | WARNING  | exam.proctor                 | Session a86a9d26-8926-47ad-a17a-bb2d4fad526a flagged: score=23.1 tab_switches=3 left_exam=3
2026-09-26 00:38:47 | WARNING  | exam.proctor                 | Session a86a9d26-8926-47ad-a17a-bb2d4fad526a AUTO-SUBMITTED after 3 focus violation(s)
2026-09-26 00:38:48 | WARNING  | exam.proctor                 | Session ab1a0230-a02e-4a7b-bba4-6b3de73b5569 flagged: score=23.1 tab_switches=3 left_exam=3
2026-09-26 00:38:48 | WARNING  | exam.proctor                 | Session ab1a0230-a02e-4a7b-bba4-6b3de73b5569 AUTO-SUBMITTED after 3 focus violation(s)
2026-09-26 00:38:48 | INFO     | exam.proctor                 | examiner-e4b1f3a0@test.edu ruled session ab1a0230-a02e-4a7b-bba4-6b3de73b5569 as cleared
2026-09-26 00:38:51 | WARNING  | exam.proctor                 | Session f0686e6d-2961-4d98-91f4-e037e582ec37 flagged: score=27.3 tab_switches=4 left_exam=4
2026-09-26 00:38:52 | WARNING  | exam.proctor                 | Session 9f9b418e-fa78-4640-8dfd-0ef91f06a9ab flagged: score=10.0 tab_switches=1 left_exam=1
2026-09-26 00:38:52 | WARNING  | exam.proctor                 | Session 9f9b418e-fa78-4640-8dfd-0ef91f06a9ab AUTO-SUBMITTED after 1 focus violation(s)
2026-09-26 00:38:59 | INFO     | exam.proctor                 | examiner-ea921567@test.edu ruled session 8440acd8-a565-4a30-8822-d955fd0a3327 as cleared
2026-09-26 00:38:59 | INFO     | exam.proctor                 | examiner-fc0eb5f1@test.edu ruled session cdc413da-cebb-48e0-af99-a9749d3e6f6f as malpractice
2026-09-26 00:39:02 | INFO     | exam.proctor                 | examiner-9deaaf4f@test.edu ruled session f53b978c-2bbe-41bb-acf0-e2aa3e6adb77 as cleared
2026-09-26 00:39:04 | INFO     | exam.proctor                 | examiner-a9204398@test.edu ruled session c11b9421-20b8-467c-a2db-cae2641148dc as malpractice
2026-09-26 00:39:07 | INFO     | exam.proctor                 | examiner-73bd5cb0@test.edu ruled session 8b296e0e-f58c-4627-bc82-7e50a6ab7c80 as malpractice
2026-09-26 00:39:09 | INFO     | exam.proctor                 | examiner-0f94a567@test.edu ruled session 640f33cf-6820-4e8c-889f-7f7301a81e41 as malpractice
2026-09-26 00:39:10 | INFO     | exam.proctor                 | examiner-00d12973@test.edu ruled session 30d0a3cb-beab-4205-8a34-d0003273407b as cleared
2026-09-26 00:39:57 | INFO     | exam.proctor                 | Proctor socket open for session 17359571-bc31-4a77-8091-86f3bb27efe2
2026-09-26 00:39:57 | INFO     | exam.proctor                 | Proctor socket closed for session 17359571-bc31-4a77-8091-86f3bb27efe2
2026-09-26 00:40:01 | INFO     | exam.proctor                 | Proctor socket open for session 62ecba3b-17c7-48b8-8bae-546e041b1e98
2026-09-26 00:40:01 | INFO     | exam.proctor                 | Proctor socket closed for session 62ecba3b-17c7-48b8-8bae-546e041b1e98
2026-09-26 00:40:02 | INFO     | exam.proctor                 | Proctor socket open for session ec20646c-fd75-44ba-98af-3f74845c839f
2026-09-26 00:40:02 | INFO     | exam.proctor                 | Proctor socket closed for session ec20646c-fd75-44ba-98af-3f74845c839f
2026-09-26 00:40:03 | INFO     | exam.proctor                 | Proctor socket open for session 66417783-9ddb-4f93-8f15-2eb48b4694b6
2026-09-26 00:40:03 | WARNING  | exam.proctor                 | Session 66417783-9ddb-4f93-8f15-2eb48b4694b6 flagged: score=23.1 tab_switches=3 left_exam=3
2026-09-26 00:40:03 | WARNING  | exam.proctor                 | Session 66417783-9ddb-4f93-8f15-2eb48b4694b6 AUTO-SUBMITTED after 3 focus violation(s)
2026-09-26 00:40:03 | INFO     | exam.proctor                 | Proctor socket open for session 28f46ecd-b615-4d2f-9cee-444ea979280d
2026-09-26 00:40:04 | INFO     | exam.proctor                 | Proctor socket closed for session 28f46ecd-b615-4d2f-9cee-444ea979280d
2026-09-26 00:40:04 | INFO     | exam.proctor                 | Proctor socket open for session 865b9e1c-046e-43a0-ab37-3299447ce454
2026-09-26 00:40:04 | INFO     | exam.proctor                 | Proctor socket closed for session 865b9e1c-046e-43a0-ab37-3299447ce454
2026-09-26 00:40:05 | INFO     | exam.proctor                 | Proctor socket open for session 422c61f1-2e20-416f-9b27-64f90466faaf
2026-09-26 00:40:05 | INFO     | exam.proctor                 | Proctor socket closed for session 422c61f1-2e20-416f-9b27-64f90466faaf
2026-09-26 00:40:06 | INFO     | exam.proctor                 | Proctor socket open for session 84c7e493-7add-421a-a9d3-ac46b227ef3a
2026-09-26 00:40:06 | INFO     | exam.proctor                 | Proctor socket closed for session 84c7e493-7add-421a-a9d3-ac46b227ef3a
2026-09-26 02:27:07 | WARNING  | exam.proctor                 | Session 06ebb2a7-8e6b-4b62-8d94-70dcdf55b670 flagged: score=106.9 tab_switches=0 left_exam=0
2026-09-26 02:27:07 | WARNING  | exam.proctor                 | Session 06ebb2a7-8e6b-4b62-8d94-70dcdf55b670 TERMINATED at score 106.9
2026-09-26 02:27:27 | WARNING  | exam.proctor                 | Session 5b8f9f93-8dd1-40c6-9b76-69b2eb9aacca flagged: score=23.1 tab_switches=3 left_exam=3
2026-09-26 02:27:28 | WARNING  | exam.proctor                 | Session 5b8f9f93-8dd1-40c6-9b76-69b2eb9aacca AUTO-SUBMITTED after 3 focus violation(s)
2026-09-26 02:27:28 | WARNING  | exam.proctor                 | Session 427b2a02-1746-4e1e-b925-214ca9f9a6a7 flagged: score=24.0 tab_switches=1 left_exam=3
2026-09-26 02:27:28 | WARNING  | exam.proctor                 | Session 427b2a02-1746-4e1e-b925-214ca9f9a6a7 AUTO-SUBMITTED after 3 focus violation(s)
2026-09-26 02:27:28 | WARNING  | exam.proctor                 | Session d962007c-fab4-483c-936c-f0dd762b6d71 flagged: score=23.1 tab_switches=3 left_exam=3
2026-09-26 02:27:29 | WARNING  | exam.proctor                 | Session d962007c-fab4-483c-936c-f0dd762b6d71 AUTO-SUBMITTED after 3 focus violation(s)
2026-09-26 02:27:29 | WARNING  | exam.proctor                 | Session ad9b45d4-10a9-496e-9df0-35d255cd78c9 flagged: score=23.1 tab_switches=3 left_exam=3
2026-09-26 02:27:29 | WARNING  | exam.proctor                 | Session ad9b45d4-10a9-496e-9df0-35d255cd78c9 AUTO-SUBMITTED after 3 focus violation(s)
2026-09-26 02:27:30 | WARNING  | exam.proctor                 | Session 1e08d2eb-b660-42b6-8bae-6eaeed68401b flagged: score=23.1 tab_switches=3 left_exam=3
2026-09-26 02:27:30 | WARNING  | exam.proctor                 | Session 1e08d2eb-b660-42b6-8bae-6eaeed68401b AUTO-SUBMITTED after 3 focus violation(s)
2026-09-26 02:27:30 | WARNING  | exam.proctor                 | Session 88ed0ed1-76e6-451e-a9c2-f48bb18eefc0 flagged: score=23.1 tab_switches=3 left_exam=3
2026-09-26 02:27:30 | WARNING  | exam.proctor                 | Session 88ed0ed1-76e6-451e-a9c2-f48bb18eefc0 AUTO-SUBMITTED after 3 focus violation(s)
2026-09-26 02:27:30 | WARNING  | exam.proctor                 | Session c8f0ad0d-cbbc-4849-8697-01b4d49cfe02 flagged: score=23.1 tab_switches=3 left_exam=3
2026-09-26 02:27:30 | WARNING  | exam.proctor                 | Session c8f0ad0d-cbbc-4849-8697-01b4d49cfe02 AUTO-SUBMITTED after 3 focus violation(s)
2026-09-26 02:27:31 | WARNING  | exam.proctor                 | Session 1440550f-53c4-4d65-90fe-79c4652de07f flagged: score=23.1 tab_switches=3 left_exam=3
2026-09-26 02:27:31 | WARNING  | exam.proctor                 | Session 1440550f-53c4-4d65-90fe-79c4652de07f AUTO-SUBMITTED after 3 focus violation(s)
2026-09-26 02:27:31 | INFO     | exam.proctor                 | examiner-3d39b07d@test.edu ruled session 1440550f-53c4-4d65-90fe-79c4652de07f as cleared
2026-09-26 02:27:33 | WARNING  | exam.proctor                 | Session 6d2262cf-1ec0-4cb8-ac47-42e3b6b15235 flagged: score=27.3 tab_switches=4 left_exam=4
2026-09-26 02:27:33 | WARNING  | exam.proctor                 | Session 9e74e6c0-82ca-4273-83e5-eb0240f63dfa flagged: score=10.0 tab_switches=1 left_exam=1
2026-09-26 02:27:33 | WARNING  | exam.proctor                 | Session 9e74e6c0-82ca-4273-83e5-eb0240f63dfa AUTO-SUBMITTED after 1 focus violation(s)
2026-09-26 02:27:37 | INFO     | exam.proctor                 | examiner-86747eed@test.edu ruled session 34a7f960-feb6-4f1f-8b55-e7ff5868caf3 as cleared
2026-09-26 02:27:37 | INFO     | exam.proctor                 | examiner-b9e89d37@test.edu ruled session 26323dcb-9275-4214-9096-512044cc7feb as malpractice
2026-09-26 02:27:39 | INFO     | exam.proctor                 | examiner-d69411ef@test.edu ruled session 4eabfc28-9493-48ac-abeb-e4c5fcf5a5e7 as cleared
2026-09-26 02:27:40 | INFO     | exam.proctor                 | examiner-382d5a1a@test.edu ruled session 39c7cb53-92e8-4070-b194-43513be657a9 as malpractice
2026-09-26 02:27:41 | INFO     | exam.proctor                 | examiner-44e246f4@test.edu ruled session db928d90-1b6a-47e4-af18-78873b6fe533 as malpractice
2026-09-26 02:27:42 | INFO     | exam.proctor                 | examiner-28dbc75b@test.edu ruled session 17524b69-af7b-4576-8f2b-d067126f8f01 as malpractice
2026-09-26 02:27:43 | INFO     | exam.proctor                 | examiner-809df3f8@test.edu ruled session 7a9e906b-419c-4c99-98f3-25778669bed6 as cleared
2026-09-26 02:28:09 | INFO     | exam.proctor                 | Proctor socket open for session b1c78a80-ffb6-474e-a69b-6cd4d81ba25a
2026-09-26 02:28:10 | INFO     | exam.proctor                 | Proctor socket closed for session b1c78a80-ffb6-474e-a69b-6cd4d81ba25a
2026-09-26 02:28:12 | INFO     | exam.proctor                 | Proctor socket open for session 094c3345-a427-4c10-aa9c-3734d7450cad
2026-09-26 02:28:12 | INFO     | exam.proctor                 | Proctor socket closed for session 094c3345-a427-4c10-aa9c-3734d7450cad
2026-09-26 02:28:12 | INFO     | exam.proctor                 | Proctor socket open for session 9a4e7258-9ccc-46f0-9ff6-067b514c2909
2026-09-26 02:28:12 | INFO     | exam.proctor                 | Proctor socket closed for session 9a4e7258-9ccc-46f0-9ff6-067b514c2909
2026-09-26 02:28:12 | INFO     | exam.proctor                 | Proctor socket open for session 30f7ff49-90ac-4209-af4a-371d585c520a
2026-09-26 02:28:12 | WARNING  | exam.proctor                 | Session 30f7ff49-90ac-4209-af4a-371d585c520a flagged: score=23.1 tab_switches=3 left_exam=3
2026-09-26 02:28:12 | WARNING  | exam.proctor                 | Session 30f7ff49-90ac-4209-af4a-371d585c520a AUTO-SUBMITTED after 3 focus violation(s)
2026-09-26 02:28:13 | INFO     | exam.proctor                 | Proctor socket open for session f8180eee-f1fb-4481-83f2-18d65ee919e3
2026-09-26 02:28:13 | INFO     | exam.proctor                 | Proctor socket closed for session f8180eee-f1fb-4481-83f2-18d65ee919e3
2026-09-26 02:28:13 | INFO     | exam.proctor                 | Proctor socket open for session ab79bad3-4c09-43b2-8f88-62319460eb63
2026-09-26 02:28:13 | INFO     | exam.proctor                 | Proctor socket closed for session ab79bad3-4c09-43b2-8f88-62319460eb63
2026-09-26 02:28:14 | INFO     | exam.proctor                 | Proctor socket open for session 58d627b0-a416-4247-9c36-5998af05cb86
2026-09-26 02:28:14 | INFO     | exam.proctor                 | Proctor socket closed for session 58d627b0-a416-4247-9c36-5998af05cb86
2026-09-26 02:28:14 | INFO     | exam.proctor                 | Proctor socket open for session fc7d2c0e-c54a-45fe-8798-07de65083485
2026-09-26 02:28:14 | INFO     | exam.proctor                 | Proctor socket closed for session fc7d2c0e-c54a-45fe-8798-07de65083485
2026-09-26 03:31:05 | WARNING  | exam.proctor                 | Session 3fdf9c0f-b263-44da-808f-04c442aacd27 flagged: score=106.9 tab_switches=0 left_exam=0
2026-09-26 03:31:05 | WARNING  | exam.proctor                 | Session 3fdf9c0f-b263-44da-808f-04c442aacd27 TERMINATED at score 106.9
2026-09-26 03:31:20 | WARNING  | exam.proctor                 | Session a1a132ba-d05c-48a1-bcfd-b16785114c49 flagged: score=23.1 tab_switches=3 left_exam=3
2026-09-26 03:31:20 | WARNING  | exam.proctor                 | Session a1a132ba-d05c-48a1-bcfd-b16785114c49 AUTO-SUBMITTED after 3 focus violation(s)
2026-09-26 03:31:20 | WARNING  | exam.proctor                 | Session 64b029a7-88c1-4fe6-88bc-a6bd8c448223 flagged: score=24.0 tab_switches=1 left_exam=3
2026-09-26 03:31:20 | WARNING  | exam.proctor                 | Session 64b029a7-88c1-4fe6-88bc-a6bd8c448223 AUTO-SUBMITTED after 3 focus violation(s)
2026-09-26 03:31:20 | WARNING  | exam.proctor                 | Session 1b26352f-7397-4aaa-9232-fa94c3602825 flagged: score=23.1 tab_switches=3 left_exam=3
2026-09-26 03:31:20 | WARNING  | exam.proctor                 | Session 1b26352f-7397-4aaa-9232-fa94c3602825 AUTO-SUBMITTED after 3 focus violation(s)
2026-09-26 03:31:21 | WARNING  | exam.proctor                 | Session 5a727fa5-d8b1-4704-b76a-1f601ee7ddea flagged: score=23.1 tab_switches=3 left_exam=3
2026-09-26 03:31:21 | WARNING  | exam.proctor                 | Session 5a727fa5-d8b1-4704-b76a-1f601ee7ddea AUTO-SUBMITTED after 3 focus violation(s)
2026-09-26 03:31:21 | WARNING  | exam.proctor                 | Session e98f535a-e1e5-4020-8a61-03644953e170 flagged: score=23.1 tab_switches=3 left_exam=3
2026-09-26 03:31:21 | WARNING  | exam.proctor                 | Session e98f535a-e1e5-4020-8a61-03644953e170 AUTO-SUBMITTED after 3 focus violation(s)
2026-09-26 03:31:22 | WARNING  | exam.proctor                 | Session d4f0e69d-2726-4c3a-8a6a-2a1da7c6c235 flagged: score=23.1 tab_switches=3 left_exam=3
2026-09-26 03:31:22 | WARNING  | exam.proctor                 | Session d4f0e69d-2726-4c3a-8a6a-2a1da7c6c235 AUTO-SUBMITTED after 3 focus violation(s)
2026-09-26 03:31:22 | WARNING  | exam.proctor                 | Session f1e6ff04-688f-4879-9055-1a98cbbd6dc6 flagged: score=23.1 tab_switches=3 left_exam=3
2026-09-26 03:31:22 | WARNING  | exam.proctor                 | Session f1e6ff04-688f-4879-9055-1a98cbbd6dc6 AUTO-SUBMITTED after 3 focus violation(s)
2026-09-26 03:31:22 | WARNING  | exam.proctor                 | Session f5ede64d-3a4f-4895-a598-d3409ab48eaa flagged: score=23.1 tab_switches=3 left_exam=3
2026-09-26 03:31:22 | WARNING  | exam.proctor                 | Session f5ede64d-3a4f-4895-a598-d3409ab48eaa AUTO-SUBMITTED after 3 focus violation(s)
2026-09-26 03:31:22 | INFO     | exam.proctor                 | examiner-297d7047@test.edu ruled session f5ede64d-3a4f-4895-a598-d3409ab48eaa as cleared
2026-09-26 03:31:23 | WARNING  | exam.proctor                 | Session b5a78d6b-5ef8-444e-a61a-18f74c4529bd flagged: score=27.3 tab_switches=4 left_exam=4
2026-09-26 03:31:24 | WARNING  | exam.proctor                 | Session 437f2a0e-ae70-46a8-b528-c32127b79a8f flagged: score=10.0 tab_switches=1 left_exam=1
2026-09-26 03:31:24 | WARNING  | exam.proctor                 | Session 437f2a0e-ae70-46a8-b528-c32127b79a8f AUTO-SUBMITTED after 1 focus violation(s)
2026-09-26 03:31:26 | INFO     | exam.proctor                 | examiner-a268f13a@test.edu ruled session 96c08322-ce37-41fb-ac86-ac58238d3dd5 as cleared
2026-09-26 03:31:27 | INFO     | exam.proctor                 | examiner-8ed4ec27@test.edu ruled session 7c9f04ae-27d0-4a21-a65f-a87bf34a6ed2 as malpractice
2026-09-26 03:31:28 | INFO     | exam.proctor                 | examiner-5cc349cc@test.edu ruled session 167475a0-2040-4ffc-a7f9-2437767430c8 as cleared
2026-09-26 03:31:29 | INFO     | exam.proctor                 | examiner-faf779be@test.edu ruled session df9f6844-a311-4fe4-8e28-332188bd81cc as malpractice
2026-09-26 03:31:30 | INFO     | exam.proctor                 | examiner-ebb91c71@test.edu ruled session c5bad342-8294-459d-b0fb-07d8c4eba6c6 as malpractice
2026-09-26 03:31:31 | INFO     | exam.proctor                 | examiner-a27f9918@test.edu ruled session 3788325e-88b2-45fe-be77-418248df4e10 as malpractice
2026-09-26 03:31:31 | INFO     | exam.proctor                 | examiner-96345762@test.edu ruled session 4b9e03be-b73e-4174-8449-484c6bfa5bbb as cleared
2026-09-26 03:31:51 | INFO     | exam.proctor                 | Proctor socket open for session fe0dab07-3d68-4c43-8aa1-320a903893a6
2026-09-26 03:31:51 | INFO     | exam.proctor                 | Proctor socket closed for session fe0dab07-3d68-4c43-8aa1-320a903893a6
2026-09-26 03:31:53 | INFO     | exam.proctor                 | Proctor socket open for session 7be999cb-00f4-4b28-8778-24bf03bf75be
2026-09-26 03:31:53 | INFO     | exam.proctor                 | Proctor socket closed for session 7be999cb-00f4-4b28-8778-24bf03bf75be
2026-09-26 03:31:53 | INFO     | exam.proctor                 | Proctor socket open for session 0617425b-54a0-49c8-99ed-a72af9909cfd
2026-09-26 03:31:53 | INFO     | exam.proctor                 | Proctor socket closed for session 0617425b-54a0-49c8-99ed-a72af9909cfd
2026-09-26 03:31:53 | INFO     | exam.proctor                 | Proctor socket open for session d2c8cf84-0d12-473b-a1af-5483876b0c01
2026-09-26 03:31:53 | WARNING  | exam.proctor                 | Session d2c8cf84-0d12-473b-a1af-5483876b0c01 flagged: score=23.1 tab_switches=3 left_exam=3
2026-09-26 03:31:53 | WARNING  | exam.proctor                 | Session d2c8cf84-0d12-473b-a1af-5483876b0c01 AUTO-SUBMITTED after 3 focus violation(s)
2026-09-26 03:31:53 | INFO     | exam.proctor                 | Proctor socket open for session bf5eb8dc-11f1-42f4-901b-7753b67a85e8
2026-09-26 03:31:53 | INFO     | exam.proctor                 | Proctor socket closed for session bf5eb8dc-11f1-42f4-901b-7753b67a85e8
2026-09-26 03:31:54 | INFO     | exam.proctor                 | Proctor socket open for session afbcf378-d822-47ab-84da-eab82e0de166
2026-09-26 03:31:54 | INFO     | exam.proctor                 | Proctor socket closed for session afbcf378-d822-47ab-84da-eab82e0de166
2026-09-26 03:31:54 | INFO     | exam.proctor                 | Proctor socket open for session 3ebc0228-9a26-4cf6-a3ba-262436f18d15
2026-09-26 03:31:54 | INFO     | exam.proctor                 | Proctor socket closed for session 3ebc0228-9a26-4cf6-a3ba-262436f18d15
2026-09-26 03:31:54 | INFO     | exam.proctor                 | Proctor socket open for session 586ab648-e39f-4672-987b-e2fbf6a43be6
2026-09-26 03:31:54 | INFO     | exam.proctor                 | Proctor socket closed for session 586ab648-e39f-4672-987b-e2fbf6a43be6
2026-09-26 03:35:23 | WARNING  | exam.proctor                 | Session b192d90b-9391-4352-baf9-00b4fc17d961 flagged: score=106.9 tab_switches=0 left_exam=0
2026-09-26 03:35:23 | WARNING  | exam.proctor                 | Session b192d90b-9391-4352-baf9-00b4fc17d961 TERMINATED at score 106.9
2026-09-26 03:35:37 | WARNING  | exam.proctor                 | Session ce2e3592-8ad3-41d8-9db0-d77a23af5570 flagged: score=23.1 tab_switches=3 left_exam=3
2026-09-26 03:35:37 | WARNING  | exam.proctor                 | Session ce2e3592-8ad3-41d8-9db0-d77a23af5570 AUTO-SUBMITTED after 3 focus violation(s)
2026-09-26 03:35:37 | WARNING  | exam.proctor                 | Session 04ba911a-b93a-464b-9af2-ddb4c399305b flagged: score=24.0 tab_switches=1 left_exam=3
2026-09-26 03:35:37 | WARNING  | exam.proctor                 | Session 04ba911a-b93a-464b-9af2-ddb4c399305b AUTO-SUBMITTED after 3 focus violation(s)
2026-09-26 03:35:38 | WARNING  | exam.proctor                 | Session 5b9ac6b5-dd39-4b16-ad64-efeef2ce75e5 flagged: score=23.1 tab_switches=3 left_exam=3
2026-09-26 03:35:38 | WARNING  | exam.proctor                 | Session 5b9ac6b5-dd39-4b16-ad64-efeef2ce75e5 AUTO-SUBMITTED after 3 focus violation(s)
2026-09-26 03:35:38 | WARNING  | exam.proctor                 | Session 049df975-09f8-49ba-8d01-cbddd72107b3 flagged: score=23.1 tab_switches=3 left_exam=3
2026-09-26 03:35:38 | WARNING  | exam.proctor                 | Session 049df975-09f8-49ba-8d01-cbddd72107b3 AUTO-SUBMITTED after 3 focus violation(s)
2026-09-26 03:35:39 | WARNING  | exam.proctor                 | Session a26a99d4-5627-41e5-a7c9-ec4c85dd2fb5 flagged: score=23.1 tab_switches=3 left_exam=3
2026-09-26 03:35:39 | WARNING  | exam.proctor                 | Session a26a99d4-5627-41e5-a7c9-ec4c85dd2fb5 AUTO-SUBMITTED after 3 focus violation(s)
2026-09-26 03:35:39 | WARNING  | exam.proctor                 | Session 589c39fb-08d9-4dca-acf6-0d1af0ce8bb6 flagged: score=23.1 tab_switches=3 left_exam=3
2026-09-26 03:35:39 | WARNING  | exam.proctor                 | Session 589c39fb-08d9-4dca-acf6-0d1af0ce8bb6 AUTO-SUBMITTED after 3 focus violation(s)
2026-09-26 03:35:39 | WARNING  | exam.proctor                 | Session 0bca7b98-14b1-4193-a66e-19c67e8d0889 flagged: score=23.1 tab_switches=3 left_exam=3
2026-09-26 03:35:39 | WARNING  | exam.proctor                 | Session 0bca7b98-14b1-4193-a66e-19c67e8d0889 AUTO-SUBMITTED after 3 focus violation(s)
2026-09-26 03:35:40 | WARNING  | exam.proctor                 | Session cdd04fbd-bcc1-435f-9077-19fe3346a17b flagged: score=23.1 tab_switches=3 left_exam=3
2026-09-26 03:35:40 | WARNING  | exam.proctor                 | Session cdd04fbd-bcc1-435f-9077-19fe3346a17b AUTO-SUBMITTED after 3 focus violation(s)
2026-09-26 03:35:40 | INFO     | exam.proctor                 | examiner-0e970951@test.edu ruled session cdd04fbd-bcc1-435f-9077-19fe3346a17b as cleared
2026-09-26 03:35:41 | WARNING  | exam.proctor                 | Session dea9d8d4-8f61-4eaa-84a1-9b07d4e3c266 flagged: score=27.3 tab_switches=4 left_exam=4
2026-09-26 03:35:41 | WARNING  | exam.proctor                 | Session 9f6bd00b-8f55-4ce0-b95f-a30e10a426b8 flagged: score=10.0 tab_switches=1 left_exam=1
2026-09-26 03:35:41 | WARNING  | exam.proctor                 | Session 9f6bd00b-8f55-4ce0-b95f-a30e10a426b8 AUTO-SUBMITTED after 1 focus violation(s)
2026-09-26 03:35:44 | INFO     | exam.proctor                 | examiner-3dc60bd1@test.edu ruled session 1bdbae74-7dfc-4c38-b673-fa2454356702 as cleared
2026-09-26 03:35:44 | INFO     | exam.proctor                 | examiner-1a1caf38@test.edu ruled session dc1d7a17-470e-4ffb-b324-0c378fe9e8aa as malpractice
2026-09-26 03:35:45 | INFO     | exam.proctor                 | examiner-5402f81a@test.edu ruled session 188da545-adb4-4ab3-b61f-77aaee5eb00d as cleared
2026-09-26 03:35:46 | INFO     | exam.proctor                 | examiner-2de36d17@test.edu ruled session 3e312aeb-3e21-4c56-9856-c39773826510 as malpractice
2026-09-26 03:35:47 | INFO     | exam.proctor                 | examiner-dd3f1b07@test.edu ruled session 541ce431-9592-4584-8a4f-96e2189478fe as malpractice
2026-09-26 03:35:48 | INFO     | exam.proctor                 | examiner-7b425055@test.edu ruled session 40550ff0-02df-43a8-83b6-936410df4efb as malpractice
2026-09-26 03:35:48 | INFO     | exam.proctor                 | examiner-b3e22ecc@test.edu ruled session 9228b33b-f7aa-49b4-b96c-009652f08edf as cleared
2026-09-26 03:36:07 | INFO     | exam.proctor                 | Proctor socket open for session e62d3dae-7cba-4a1c-ba1a-9a5f0de13eee
2026-09-26 03:36:07 | INFO     | exam.proctor                 | Proctor socket closed for session e62d3dae-7cba-4a1c-ba1a-9a5f0de13eee
2026-09-26 03:36:09 | INFO     | exam.proctor                 | Proctor socket open for session ff433969-861c-4f03-a0b2-e17ffe2baada
2026-09-26 03:36:09 | INFO     | exam.proctor                 | Proctor socket closed for session ff433969-861c-4f03-a0b2-e17ffe2baada
2026-09-26 03:36:09 | INFO     | exam.proctor                 | Proctor socket open for session c396f5e1-317b-4c54-a221-2de87bf4746d
2026-09-26 03:36:09 | INFO     | exam.proctor                 | Proctor socket closed for session c396f5e1-317b-4c54-a221-2de87bf4746d
2026-09-26 03:36:10 | INFO     | exam.proctor                 | Proctor socket open for session 8865cf08-5238-4ea8-961b-1e3dbcbe2604
2026-09-26 03:36:10 | WARNING  | exam.proctor                 | Session 8865cf08-5238-4ea8-961b-1e3dbcbe2604 flagged: score=23.1 tab_switches=3 left_exam=3
2026-09-26 03:36:10 | WARNING  | exam.proctor                 | Session 8865cf08-5238-4ea8-961b-1e3dbcbe2604 AUTO-SUBMITTED after 3 focus violation(s)
2026-09-26 03:36:10 | INFO     | exam.proctor                 | Proctor socket open for session b8783da9-e6de-49c7-afcb-4164631c6488
2026-09-26 03:36:10 | INFO     | exam.proctor                 | Proctor socket closed for session b8783da9-e6de-49c7-afcb-4164631c6488
2026-09-26 03:36:10 | INFO     | exam.proctor                 | Proctor socket open for session a06b0367-4c95-4f98-92bd-9cd6f87f73ac
2026-09-26 03:36:10 | INFO     | exam.proctor                 | Proctor socket closed for session a06b0367-4c95-4f98-92bd-9cd6f87f73ac
2026-09-26 03:36:10 | INFO     | exam.proctor                 | Proctor socket open for session 39962b2e-a18b-4626-b9a8-b7a7b561fb3b
2026-09-26 03:36:10 | INFO     | exam.proctor                 | Proctor socket closed for session 39962b2e-a18b-4626-b9a8-b7a7b561fb3b
2026-09-26 03:36:11 | INFO     | exam.proctor                 | Proctor socket open for session 8765b463-b491-465c-8248-717e7be4f9ce
2026-09-26 03:36:11 | INFO     | exam.proctor                 | Proctor socket closed for session 8765b463-b491-465c-8248-717e7be4f9ce
2026-09-26 03:36:55 | WARNING  | exam.proctor                 | Session 4d8b9a71-983c-49b9-a9f8-04b9543d8b25 flagged: score=106.9 tab_switches=0 left_exam=0
2026-09-26 03:36:55 | WARNING  | exam.proctor                 | Session 4d8b9a71-983c-49b9-a9f8-04b9543d8b25 TERMINATED at score 106.9
2026-09-26 03:37:10 | WARNING  | exam.proctor                 | Session 4afb6530-da3b-4c65-b293-5127b20405b9 flagged: score=23.1 tab_switches=3 left_exam=3
2026-09-26 03:37:10 | WARNING  | exam.proctor                 | Session 4afb6530-da3b-4c65-b293-5127b20405b9 AUTO-SUBMITTED after 3 focus violation(s)
2026-09-26 03:37:11 | WARNING  | exam.proctor                 | Session 3fc42541-733d-4587-bd0e-39760bd617b6 flagged: score=24.0 tab_switches=1 left_exam=3
2026-09-26 03:37:11 | WARNING  | exam.proctor                 | Session 3fc42541-733d-4587-bd0e-39760bd617b6 AUTO-SUBMITTED after 3 focus violation(s)
2026-09-26 03:37:11 | WARNING  | exam.proctor                 | Session ab10ee49-a406-4ded-959c-76be044f4b6c flagged: score=23.1 tab_switches=3 left_exam=3
2026-09-26 03:37:11 | WARNING  | exam.proctor                 | Session ab10ee49-a406-4ded-959c-76be044f4b6c AUTO-SUBMITTED after 3 focus violation(s)
2026-09-26 03:37:12 | WARNING  | exam.proctor                 | Session 268837c3-92b4-42a2-a6aa-b192e5f20897 flagged: score=23.1 tab_switches=3 left_exam=3
2026-09-26 03:37:12 | WARNING  | exam.proctor                 | Session 268837c3-92b4-42a2-a6aa-b192e5f20897 AUTO-SUBMITTED after 3 focus violation(s)
2026-09-26 03:37:12 | WARNING  | exam.proctor                 | Session 6c56fd48-2d3c-4a41-8002-0471e0cb3bb9 flagged: score=23.1 tab_switches=3 left_exam=3
2026-09-26 03:37:12 | WARNING  | exam.proctor                 | Session 6c56fd48-2d3c-4a41-8002-0471e0cb3bb9 AUTO-SUBMITTED after 3 focus violation(s)
2026-09-26 03:37:12 | WARNING  | exam.proctor                 | Session d0065f6d-6754-4e65-b1e6-19122a1120d7 flagged: score=23.1 tab_switches=3 left_exam=3
2026-09-26 03:37:12 | WARNING  | exam.proctor                 | Session d0065f6d-6754-4e65-b1e6-19122a1120d7 AUTO-SUBMITTED after 3 focus violation(s)
2026-09-26 03:37:13 | WARNING  | exam.proctor                 | Session 0223d5f2-61d0-402f-a310-2733bee51808 flagged: score=23.1 tab_switches=3 left_exam=3
2026-09-26 03:37:13 | WARNING  | exam.proctor                 | Session 0223d5f2-61d0-402f-a310-2733bee51808 AUTO-SUBMITTED after 3 focus violation(s)
2026-09-26 03:37:13 | WARNING  | exam.proctor                 | Session 6474474d-6fcd-4afb-ad50-8ede61285a82 flagged: score=23.1 tab_switches=3 left_exam=3
2026-09-26 03:37:13 | WARNING  | exam.proctor                 | Session 6474474d-6fcd-4afb-ad50-8ede61285a82 AUTO-SUBMITTED after 3 focus violation(s)
2026-09-26 03:37:13 | INFO     | exam.proctor                 | examiner-68930e61@test.edu ruled session 6474474d-6fcd-4afb-ad50-8ede61285a82 as cleared
2026-09-26 03:37:14 | WARNING  | exam.proctor                 | Session be3bf061-e1a3-4993-84fa-cafe318a3e5d flagged: score=27.3 tab_switches=4 left_exam=4
2026-09-26 03:37:14 | WARNING  | exam.proctor                 | Session 61437d13-3bc2-44ac-af9e-54d4f001a402 flagged: score=10.0 tab_switches=1 left_exam=1
2026-09-26 03:37:14 | WARNING  | exam.proctor                 | Session 61437d13-3bc2-44ac-af9e-54d4f001a402 AUTO-SUBMITTED after 1 focus violation(s)
2026-09-26 03:37:17 | INFO     | exam.proctor                 | examiner-28df40fb@test.edu ruled session 46837d29-fd92-4f86-bb05-c33ab8b12f56 as cleared
2026-09-26 03:37:17 | INFO     | exam.proctor                 | examiner-1c86e13c@test.edu ruled session 9a832f7e-3877-4155-b571-574945836506 as malpractice
2026-09-26 03:37:19 | INFO     | exam.proctor                 | examiner-6fafd4d2@test.edu ruled session 33af12d8-0273-41ed-ada0-b7c11eb0574c as cleared
2026-09-26 03:37:20 | INFO     | exam.proctor                 | examiner-ace7edf7@test.edu ruled session 9b95b8ae-28df-4aaa-b013-74ac381e3ee2 as malpractice
2026-09-26 03:37:21 | INFO     | exam.proctor                 | examiner-7684edf0@test.edu ruled session 18d57ad0-ed66-4f11-bf64-3a5164383652 as malpractice
2026-09-26 03:37:21 | INFO     | exam.proctor                 | examiner-564a8fa0@test.edu ruled session 70b79587-ad4b-410f-a173-8e103c840996 as malpractice
2026-09-26 03:37:22 | INFO     | exam.proctor                 | examiner-691844b5@test.edu ruled session 0f1c48e8-3198-4ac6-997b-f19fe925cc4f as cleared
2026-09-26 03:37:41 | INFO     | exam.proctor                 | Proctor socket open for session 102bd01a-4810-41a1-8d7f-dbe27f604e8f
2026-09-26 03:37:41 | INFO     | exam.proctor                 | Proctor socket closed for session 102bd01a-4810-41a1-8d7f-dbe27f604e8f
2026-09-26 03:37:43 | INFO     | exam.proctor                 | Proctor socket open for session b7a0d151-f2b2-4ec4-a992-94b919fffb6a
2026-09-26 03:37:43 | INFO     | exam.proctor                 | Proctor socket closed for session b7a0d151-f2b2-4ec4-a992-94b919fffb6a
2026-09-26 03:37:43 | INFO     | exam.proctor                 | Proctor socket open for session 5b2aa61b-6c69-49f0-a01c-5a233a1bdcf7
2026-09-26 03:37:43 | INFO     | exam.proctor                 | Proctor socket closed for session 5b2aa61b-6c69-49f0-a01c-5a233a1bdcf7
2026-09-26 03:37:44 | INFO     | exam.proctor                 | Proctor socket open for session 3bc9af03-df13-4b15-9dc3-078ab69c86d3
2026-09-26 03:37:44 | WARNING  | exam.proctor                 | Session 3bc9af03-df13-4b15-9dc3-078ab69c86d3 flagged: score=23.1 tab_switches=3 left_exam=3
2026-09-26 03:37:44 | WARNING  | exam.proctor                 | Session 3bc9af03-df13-4b15-9dc3-078ab69c86d3 AUTO-SUBMITTED after 3 focus violation(s)
2026-09-26 03:37:44 | INFO     | exam.proctor                 | Proctor socket open for session 57b00fc0-7131-4ed9-ae31-35d1c0545529
2026-09-26 03:37:44 | INFO     | exam.proctor                 | Proctor socket closed for session 57b00fc0-7131-4ed9-ae31-35d1c0545529
2026-09-26 03:37:44 | INFO     | exam.proctor                 | Proctor socket open for session bdc857b8-d370-473c-9a19-34646af2d4c1
2026-09-26 03:37:44 | INFO     | exam.proctor                 | Proctor socket closed for session bdc857b8-d370-473c-9a19-34646af2d4c1
2026-09-26 03:37:45 | INFO     | exam.proctor                 | Proctor socket open for session 99340428-d06d-4301-ad05-c1e1461aeeb3
2026-09-26 03:37:45 | INFO     | exam.proctor                 | Proctor socket closed for session 99340428-d06d-4301-ad05-c1e1461aeeb3
2026-09-26 03:37:45 | INFO     | exam.proctor                 | Proctor socket open for session 5af3005f-aee2-445d-9587-96df14da3faf
2026-09-26 03:37:45 | INFO     | exam.proctor                 | Proctor socket closed for session 5af3005f-aee2-445d-9587-96df14da3faf
2026-09-26 03:38:29 | WARNING  | exam.proctor                 | Session 62ed00d6-545b-45f8-b010-8e3ffc957a86 flagged: score=106.9 tab_switches=0 left_exam=0
2026-09-26 03:38:29 | WARNING  | exam.proctor                 | Session 62ed00d6-545b-45f8-b010-8e3ffc957a86 TERMINATED at score 106.9
2026-09-26 03:38:45 | WARNING  | exam.proctor                 | Session ea0a6994-b477-4c1b-b84f-b56dfc979f18 flagged: score=23.1 tab_switches=3 left_exam=3
2026-09-26 03:38:45 | WARNING  | exam.proctor                 | Session ea0a6994-b477-4c1b-b84f-b56dfc979f18 AUTO-SUBMITTED after 3 focus violation(s)
2026-09-26 03:38:45 | WARNING  | exam.proctor                 | Session 8bf9720d-c849-4707-97b8-9a49297ded6d flagged: score=24.0 tab_switches=1 left_exam=3
2026-09-26 03:38:45 | WARNING  | exam.proctor                 | Session 8bf9720d-c849-4707-97b8-9a49297ded6d AUTO-SUBMITTED after 3 focus violation(s)
2026-09-26 03:38:45 | WARNING  | exam.proctor                 | Session 241b14e3-d314-4bd3-a774-d5fff3841feb flagged: score=23.1 tab_switches=3 left_exam=3
2026-09-26 03:38:45 | WARNING  | exam.proctor                 | Session 241b14e3-d314-4bd3-a774-d5fff3841feb AUTO-SUBMITTED after 3 focus violation(s)
2026-09-26 03:38:46 | WARNING  | exam.proctor                 | Session 53dacd9c-af22-4975-97bb-c7eadda29af3 flagged: score=23.1 tab_switches=3 left_exam=3
2026-09-26 03:38:46 | WARNING  | exam.proctor                 | Session 53dacd9c-af22-4975-97bb-c7eadda29af3 AUTO-SUBMITTED after 3 focus violation(s)
2026-09-26 03:38:46 | WARNING  | exam.proctor                 | Session f6f768ed-624a-4289-b4be-15f144c721b4 flagged: score=23.1 tab_switches=3 left_exam=3
2026-09-26 03:38:46 | WARNING  | exam.proctor                 | Session f6f768ed-624a-4289-b4be-15f144c721b4 AUTO-SUBMITTED after 3 focus violation(s)
2026-09-26 03:38:46 | WARNING  | exam.proctor                 | Session 2ab0db28-4193-47c9-bb39-2e561d3fd567 flagged: score=23.1 tab_switches=3 left_exam=3
2026-09-26 03:38:46 | WARNING  | exam.proctor                 | Session 2ab0db28-4193-47c9-bb39-2e561d3fd567 AUTO-SUBMITTED after 3 focus violation(s)
2026-09-26 03:38:47 | WARNING  | exam.proctor                 | Session eaf600ae-be1f-4008-a5bb-85debf2c1003 flagged: score=23.1 tab_switches=3 left_exam=3
2026-09-26 03:38:47 | WARNING  | exam.proctor                 | Session eaf600ae-be1f-4008-a5bb-85debf2c1003 AUTO-SUBMITTED after 3 focus violation(s)
2026-09-26 03:38:47 | WARNING  | exam.proctor                 | Session 7349d937-b1ba-4cc3-92e3-34525e7d3965 flagged: score=23.1 tab_switches=3 left_exam=3
2026-09-26 03:38:47 | WARNING  | exam.proctor                 | Session 7349d937-b1ba-4cc3-92e3-34525e7d3965 AUTO-SUBMITTED after 3 focus violation(s)
2026-09-26 03:38:47 | INFO     | exam.proctor                 | examiner-46be10ef@test.edu ruled session 7349d937-b1ba-4cc3-92e3-34525e7d3965 as cleared
2026-09-26 03:38:48 | WARNING  | exam.proctor                 | Session 6615419a-6666-4252-84bb-c94c5cd9f826 flagged: score=27.3 tab_switches=4 left_exam=4
2026-09-26 03:38:49 | WARNING  | exam.proctor                 | Session 0e5ab3d8-6b2c-47de-bdf6-c58664507893 flagged: score=10.0 tab_switches=1 left_exam=1
2026-09-26 03:38:49 | WARNING  | exam.proctor                 | Session 0e5ab3d8-6b2c-47de-bdf6-c58664507893 AUTO-SUBMITTED after 1 focus violation(s)
2026-09-26 03:38:51 | INFO     | exam.proctor                 | examiner-3207a680@test.edu ruled session 750579b0-56c6-410c-8068-a2213f6fc434 as cleared
2026-09-26 03:38:52 | INFO     | exam.proctor                 | examiner-2acbcdcc@test.edu ruled session d2d79ab6-a03f-4106-9332-6ae8bb29518f as malpractice
2026-09-26 03:38:53 | INFO     | exam.proctor                 | examiner-c4a7dad5@test.edu ruled session 1f000548-68ec-4d8d-8310-0d12c0a66648 as cleared
2026-09-26 03:38:54 | INFO     | exam.proctor                 | examiner-ebb4cc89@test.edu ruled session 49b4cb36-b074-44b1-84ed-c33b6e4ff803 as malpractice
2026-09-26 03:38:55 | INFO     | exam.proctor                 | examiner-9eb300a0@test.edu ruled session 6af598b7-6acb-4618-a0d7-ec0068b2bcfe as malpractice
2026-09-26 03:38:56 | INFO     | exam.proctor                 | examiner-761b27ad@test.edu ruled session b2f0889a-deee-4795-bedc-c70842c79ffb as malpractice
2026-09-26 03:38:56 | INFO     | exam.proctor                 | examiner-658026ad@test.edu ruled session 6c9010b4-9a83-4614-9ab1-ca2f0ba4ed5a as cleared
2026-09-26 03:39:16 | INFO     | exam.proctor                 | Proctor socket open for session 2e3556ac-7f6b-454f-a43b-14d90c4493c6
2026-09-26 03:39:16 | INFO     | exam.proctor                 | Proctor socket closed for session 2e3556ac-7f6b-454f-a43b-14d90c4493c6
2026-09-26 03:39:18 | INFO     | exam.proctor                 | Proctor socket open for session 10c8627a-f791-4c0d-aba6-0c7bdeafccff
2026-09-26 03:39:18 | INFO     | exam.proctor                 | Proctor socket closed for session 10c8627a-f791-4c0d-aba6-0c7bdeafccff
2026-09-26 03:39:18 | INFO     | exam.proctor                 | Proctor socket open for session 631c8025-1e02-4ac6-ad50-aeb50ae6d160
2026-09-26 03:39:18 | INFO     | exam.proctor                 | Proctor socket closed for session 631c8025-1e02-4ac6-ad50-aeb50ae6d160
2026-09-26 03:39:19 | INFO     | exam.proctor                 | Proctor socket open for session 7f93bcec-4ddc-4ac5-a637-3c522a501a86
2026-09-26 03:39:19 | WARNING  | exam.proctor                 | Session 7f93bcec-4ddc-4ac5-a637-3c522a501a86 flagged: score=23.1 tab_switches=3 left_exam=3
2026-09-26 03:39:19 | WARNING  | exam.proctor                 | Session 7f93bcec-4ddc-4ac5-a637-3c522a501a86 AUTO-SUBMITTED after 3 focus violation(s)
2026-09-26 03:39:19 | INFO     | exam.proctor                 | Proctor socket open for session d1e3f7c2-0f66-4db0-83f7-83f93c3cd37e
2026-09-26 03:39:19 | INFO     | exam.proctor                 | Proctor socket closed for session d1e3f7c2-0f66-4db0-83f7-83f93c3cd37e
2026-09-26 03:39:19 | INFO     | exam.proctor                 | Proctor socket open for session 68693eba-1214-41db-a9f5-1288c507575d
2026-09-26 03:39:19 | INFO     | exam.proctor                 | Proctor socket closed for session 68693eba-1214-41db-a9f5-1288c507575d
2026-09-26 03:39:20 | INFO     | exam.proctor                 | Proctor socket open for session dda0dfb4-ffc6-444f-b1c1-eb8d151b2c64
2026-09-26 03:39:20 | INFO     | exam.proctor                 | Proctor socket closed for session dda0dfb4-ffc6-444f-b1c1-eb8d151b2c64
2026-09-26 03:39:20 | INFO     | exam.proctor                 | Proctor socket open for session 1f3113cc-3564-4032-a519-7af808773c92
2026-09-26 03:39:20 | INFO     | exam.proctor                 | Proctor socket closed for session 1f3113cc-3564-4032-a519-7af808773c92
2026-09-26 04:01:08 | WARNING  | exam.proctor                 | Session 5aa6ca57-ac9e-4709-a179-2e8d3f5aa14e flagged: score=106.9 tab_switches=0 left_exam=0
2026-09-26 04:01:08 | WARNING  | exam.proctor                 | Session 5aa6ca57-ac9e-4709-a179-2e8d3f5aa14e TERMINATED at score 106.9
2026-09-26 04:02:23 | WARNING  | exam.proctor                 | Session 7dc8ccad-79fc-4fa2-a4d5-854c5d6a3d62 flagged: score=23.1 tab_switches=3 left_exam=3
2026-09-26 04:02:23 | WARNING  | exam.proctor                 | Session 7dc8ccad-79fc-4fa2-a4d5-854c5d6a3d62 AUTO-SUBMITTED after 3 focus violation(s)
2026-09-26 04:02:27 | WARNING  | exam.proctor                 | Session c7295714-26bb-4552-b1d1-0fa11028d61e flagged: score=24.0 tab_switches=1 left_exam=3
2026-09-26 04:02:27 | WARNING  | exam.proctor                 | Session c7295714-26bb-4552-b1d1-0fa11028d61e AUTO-SUBMITTED after 3 focus violation(s)
2026-09-26 04:02:30 | WARNING  | exam.proctor                 | Session 7bd7cb1c-818a-4328-8111-43ad589944c6 flagged: score=23.1 tab_switches=3 left_exam=3
2026-09-26 04:02:30 | WARNING  | exam.proctor                 | Session 7bd7cb1c-818a-4328-8111-43ad589944c6 AUTO-SUBMITTED after 3 focus violation(s)
2026-09-26 04:02:32 | WARNING  | exam.proctor                 | Session 3ad842ef-4d9f-4b4e-91b6-50ad465a6f6f flagged: score=23.1 tab_switches=3 left_exam=3
2026-09-26 04:02:32 | WARNING  | exam.proctor                 | Session 3ad842ef-4d9f-4b4e-91b6-50ad465a6f6f AUTO-SUBMITTED after 3 focus violation(s)
2026-09-26 04:02:34 | WARNING  | exam.proctor                 | Session 28502531-f43f-4b71-9859-b03c7ed6cdd1 flagged: score=23.1 tab_switches=3 left_exam=3
2026-09-26 04:02:34 | WARNING  | exam.proctor                 | Session 28502531-f43f-4b71-9859-b03c7ed6cdd1 AUTO-SUBMITTED after 3 focus violation(s)
2026-09-26 04:02:36 | WARNING  | exam.proctor                 | Session fe93ff0e-f457-4dd4-ae92-d0e983c14020 flagged: score=23.1 tab_switches=3 left_exam=3
2026-09-26 04:02:36 | WARNING  | exam.proctor                 | Session fe93ff0e-f457-4dd4-ae92-d0e983c14020 AUTO-SUBMITTED after 3 focus violation(s)
2026-09-26 04:02:40 | WARNING  | exam.proctor                 | Session 341aa176-b5e8-4607-a2e7-f847ed281674 flagged: score=23.1 tab_switches=3 left_exam=3
2026-09-26 04:02:40 | WARNING  | exam.proctor                 | Session 341aa176-b5e8-4607-a2e7-f847ed281674 AUTO-SUBMITTED after 3 focus violation(s)
2026-09-26 04:02:43 | WARNING  | exam.proctor                 | Session dc707936-710c-4aac-8ac5-ad6e5d8a687e flagged: score=23.1 tab_switches=3 left_exam=3
2026-09-26 04:02:43 | WARNING  | exam.proctor                 | Session dc707936-710c-4aac-8ac5-ad6e5d8a687e AUTO-SUBMITTED after 3 focus violation(s)
2026-09-26 04:02:43 | INFO     | exam.proctor                 | examiner-e7a99613@test.edu ruled session dc707936-710c-4aac-8ac5-ad6e5d8a687e as cleared
2026-09-26 04:02:50 | WARNING  | exam.proctor                 | Session b3bc831a-82ef-42a1-bdfa-35ff36ca46df flagged: score=27.3 tab_switches=4 left_exam=4
2026-09-26 04:02:51 | WARNING  | exam.proctor                 | Session e6446613-dce1-4940-b901-05ae6f0a738b flagged: score=10.0 tab_switches=1 left_exam=1
2026-09-26 04:02:51 | WARNING  | exam.proctor                 | Session e6446613-dce1-4940-b901-05ae6f0a738b AUTO-SUBMITTED after 1 focus violation(s)
2026-09-26 04:03:08 | INFO     | exam.proctor                 | examiner-be4e80d0@test.edu ruled session 60a3e3df-99db-4182-9067-848a018900b6 as cleared
2026-09-26 04:03:09 | INFO     | exam.proctor                 | examiner-953edaad@test.edu ruled session de4453b4-a68c-4859-991f-97e3a63a0869 as malpractice
2026-09-26 04:03:15 | INFO     | exam.proctor                 | examiner-324fb0a3@test.edu ruled session 1ab83b23-bd08-4fcd-a294-587a6634a507 as cleared
2026-09-26 04:03:19 | INFO     | exam.proctor                 | examiner-06de6c19@test.edu ruled session 53f9862d-94da-4f25-a60d-ef3693dbeea3 as malpractice
2026-09-26 04:03:26 | INFO     | exam.proctor                 | examiner-85efbe84@test.edu ruled session a6dcbc0b-58ef-43f2-ad80-fc3c1e2d65a7 as malpractice
2026-09-26 04:03:31 | INFO     | exam.proctor                 | examiner-8b76618e@test.edu ruled session 68430335-213a-44de-9a67-c076874e281a as malpractice
2026-09-26 04:03:33 | INFO     | exam.proctor                 | examiner-0663bd57@test.edu ruled session 6ac11142-18fe-422b-8fb0-cb3251d70b6e as cleared
2026-09-26 04:05:33 | INFO     | exam.proctor                 | Proctor socket open for session 9bacd128-3ac2-489f-bfdc-4b15315fce94
2026-09-26 04:05:34 | INFO     | exam.proctor                 | Proctor socket closed for session 9bacd128-3ac2-489f-bfdc-4b15315fce94
2026-09-26 04:05:46 | INFO     | exam.proctor                 | Proctor socket open for session f7a0db6d-0d41-4740-8b80-b0d2aef942e2
2026-09-26 04:05:46 | INFO     | exam.proctor                 | Proctor socket closed for session f7a0db6d-0d41-4740-8b80-b0d2aef942e2
2026-09-26 04:05:48 | INFO     | exam.proctor                 | Proctor socket open for session 0c417678-a651-4a17-8cb7-d7a1d9c08ac1
2026-09-26 04:05:48 | INFO     | exam.proctor                 | Proctor socket closed for session 0c417678-a651-4a17-8cb7-d7a1d9c08ac1
2026-09-26 04:05:49 | INFO     | exam.proctor                 | Proctor socket open for session 6a20393c-3203-4136-b47c-11b664aa0201
2026-09-26 04:05:49 | WARNING  | exam.proctor                 | Session 6a20393c-3203-4136-b47c-11b664aa0201 flagged: score=23.1 tab_switches=3 left_exam=3
2026-09-26 04:05:50 | WARNING  | exam.proctor                 | Session 6a20393c-3203-4136-b47c-11b664aa0201 AUTO-SUBMITTED after 3 focus violation(s)
2026-09-26 04:05:55 | INFO     | exam.proctor                 | Proctor socket open for session 226acf02-881b-43bd-9720-1f4b9debb4be
2026-09-26 04:05:55 | INFO     | exam.proctor                 | Proctor socket closed for session 226acf02-881b-43bd-9720-1f4b9debb4be
2026-09-26 04:06:02 | INFO     | exam.proctor                 | Proctor socket open for session 53a63887-af18-418f-94a3-7978e95d5b67
2026-09-26 04:06:02 | INFO     | exam.proctor                 | Proctor socket closed for session 53a63887-af18-418f-94a3-7978e95d5b67
2026-09-26 04:06:05 | INFO     | exam.proctor                 | Proctor socket open for session d34588bb-19d2-4e38-a356-75c263744cf6
2026-09-26 04:06:05 | INFO     | exam.proctor                 | Proctor socket closed for session d34588bb-19d2-4e38-a356-75c263744cf6
2026-09-26 04:06:06 | INFO     | exam.proctor                 | Proctor socket open for session 87c69ed2-5e5d-4e83-964a-a8e68f078b3b
2026-09-26 04:06:06 | INFO     | exam.proctor                 | Proctor socket closed for session 87c69ed2-5e5d-4e83-964a-a8e68f078b3b
2026-09-26 04:08:26 | WARNING  | exam.proctor                 | Session fd9b2250-ba4e-49ac-8a2e-1f1fa5194d30 flagged: score=106.9 tab_switches=0 left_exam=0
2026-09-26 04:08:26 | WARNING  | exam.proctor                 | Session fd9b2250-ba4e-49ac-8a2e-1f1fa5194d30 TERMINATED at score 106.9
2026-09-26 04:08:49 | WARNING  | exam.proctor                 | Session c1a73c21-3933-4f87-9797-5010ee00b0b4 flagged: score=23.1 tab_switches=3 left_exam=3
2026-09-26 04:08:49 | WARNING  | exam.proctor                 | Session c1a73c21-3933-4f87-9797-5010ee00b0b4 AUTO-SUBMITTED after 3 focus violation(s)
2026-09-26 04:08:50 | WARNING  | exam.proctor                 | Session 0c29c336-0998-4b10-a56a-d74ac4b21fdb flagged: score=24.0 tab_switches=1 left_exam=3
2026-09-26 04:08:50 | WARNING  | exam.proctor                 | Session 0c29c336-0998-4b10-a56a-d74ac4b21fdb AUTO-SUBMITTED after 3 focus violation(s)
2026-09-26 04:08:50 | WARNING  | exam.proctor                 | Session 22e9faf3-5c04-4937-bc06-5a6008de6e87 flagged: score=23.1 tab_switches=3 left_exam=3
2026-09-26 04:08:50 | WARNING  | exam.proctor                 | Session 22e9faf3-5c04-4937-bc06-5a6008de6e87 AUTO-SUBMITTED after 3 focus violation(s)
2026-09-26 04:08:51 | WARNING  | exam.proctor                 | Session f1dac7a7-80dd-4648-899d-1e38af7be5ae flagged: score=23.1 tab_switches=3 left_exam=3
2026-09-26 04:08:51 | WARNING  | exam.proctor                 | Session f1dac7a7-80dd-4648-899d-1e38af7be5ae AUTO-SUBMITTED after 3 focus violation(s)
2026-09-26 04:08:52 | WARNING  | exam.proctor                 | Session 6fad9500-4761-4708-88a3-1560831b3e72 flagged: score=23.1 tab_switches=3 left_exam=3
2026-09-26 04:08:52 | WARNING  | exam.proctor                 | Session 6fad9500-4761-4708-88a3-1560831b3e72 AUTO-SUBMITTED after 3 focus violation(s)
2026-09-26 04:08:52 | WARNING  | exam.proctor                 | Session 3686f985-69b0-48ed-b960-ca369c63895c flagged: score=23.1 tab_switches=3 left_exam=3
2026-09-26 04:08:52 | WARNING  | exam.proctor                 | Session 3686f985-69b0-48ed-b960-ca369c63895c AUTO-SUBMITTED after 3 focus violation(s)
2026-09-26 04:08:53 | WARNING  | exam.proctor                 | Session 9893fcf4-31e7-447f-88b5-f55165ed5ee3 flagged: score=23.1 tab_switches=3 left_exam=3
2026-09-26 04:08:53 | WARNING  | exam.proctor                 | Session 9893fcf4-31e7-447f-88b5-f55165ed5ee3 AUTO-SUBMITTED after 3 focus violation(s)
2026-09-26 04:08:53 | WARNING  | exam.proctor                 | Session 76d3658e-a7c9-4123-985c-5f18ecd5f5ea flagged: score=23.1 tab_switches=3 left_exam=3
2026-09-26 04:08:53 | WARNING  | exam.proctor                 | Session 76d3658e-a7c9-4123-985c-5f18ecd5f5ea AUTO-SUBMITTED after 3 focus violation(s)
2026-09-26 04:08:54 | INFO     | exam.proctor                 | examiner-1b680257@test.edu ruled session 76d3658e-a7c9-4123-985c-5f18ecd5f5ea as cleared
2026-09-26 04:08:55 | WARNING  | exam.proctor                 | Session cfb44141-bdb6-4d9c-b9f4-14d0feb9595d flagged: score=27.3 tab_switches=4 left_exam=4
2026-09-26 04:08:56 | WARNING  | exam.proctor                 | Session 919a9b56-a3be-4a2e-9f5c-218b0cf7d360 flagged: score=10.0 tab_switches=1 left_exam=1
2026-09-26 04:08:56 | WARNING  | exam.proctor                 | Session 919a9b56-a3be-4a2e-9f5c-218b0cf7d360 AUTO-SUBMITTED after 1 focus violation(s)
2026-09-26 04:08:59 | INFO     | exam.proctor                 | examiner-30448bc4@test.edu ruled session 26a4a154-d246-4ba1-b80f-805afb479d40 as cleared
2026-09-26 04:09:00 | INFO     | exam.proctor                 | examiner-1ecbc3c5@test.edu ruled session 4b05634c-dcd3-44d5-a958-a43da6da85ea as malpractice
2026-09-26 04:09:02 | INFO     | exam.proctor                 | examiner-872e13d3@test.edu ruled session 675769c9-7686-4228-955a-2eec325ccee3 as cleared
2026-09-26 04:09:03 | INFO     | exam.proctor                 | examiner-541af604@test.edu ruled session 43175375-18b1-4145-8dce-56d730b18dd3 as malpractice
2026-09-26 04:09:05 | INFO     | exam.proctor                 | examiner-e9ee3f5b@test.edu ruled session ff308077-45ed-4c73-a56f-4fdac8711c6e as malpractice
2026-09-26 04:09:06 | INFO     | exam.proctor                 | examiner-cb9c4516@test.edu ruled session 8b1d8d4e-8fb0-4a83-b9dd-19ed0f361c07 as malpractice
2026-09-26 04:09:07 | INFO     | exam.proctor                 | examiner-331e8222@test.edu ruled session 04773c3a-83c8-42ae-8597-7c1e2fa09713 as cleared
2026-09-26 04:09:37 | INFO     | exam.proctor                 | Proctor socket open for session edd378f1-ad7d-4b31-b49c-be03466c88b6
2026-09-26 04:09:37 | INFO     | exam.proctor                 | Proctor socket closed for session edd378f1-ad7d-4b31-b49c-be03466c88b6
2026-09-26 04:09:39 | INFO     | exam.proctor                 | Proctor socket open for session 7b28a908-57ad-4a60-a260-0cb424138c79
2026-09-26 04:09:39 | INFO     | exam.proctor                 | Proctor socket closed for session 7b28a908-57ad-4a60-a260-0cb424138c79
2026-09-26 04:09:40 | INFO     | exam.proctor                 | Proctor socket open for session 469fef38-aee7-4cf2-ad87-0ca6daa3fed0
2026-09-26 04:09:40 | INFO     | exam.proctor                 | Proctor socket closed for session 469fef38-aee7-4cf2-ad87-0ca6daa3fed0
2026-09-26 04:09:40 | INFO     | exam.proctor                 | Proctor socket open for session 0d3f3f4a-b646-4ebb-97b5-8ea0b616387b
2026-09-26 04:09:40 | WARNING  | exam.proctor                 | Session 0d3f3f4a-b646-4ebb-97b5-8ea0b616387b flagged: score=23.1 tab_switches=3 left_exam=3
2026-09-26 04:09:40 | WARNING  | exam.proctor                 | Session 0d3f3f4a-b646-4ebb-97b5-8ea0b616387b AUTO-SUBMITTED after 3 focus violation(s)
2026-09-26 04:09:41 | INFO     | exam.proctor                 | Proctor socket open for session a87e9880-9d66-43a6-ae8a-5394513486f8
2026-09-26 04:09:41 | INFO     | exam.proctor                 | Proctor socket closed for session a87e9880-9d66-43a6-ae8a-5394513486f8
2026-09-26 04:09:42 | INFO     | exam.proctor                 | Proctor socket open for session 3551c239-e58d-42dd-8b25-758a08a6b5d7
2026-09-26 04:09:42 | INFO     | exam.proctor                 | Proctor socket closed for session 3551c239-e58d-42dd-8b25-758a08a6b5d7
2026-09-26 04:09:42 | INFO     | exam.proctor                 | Proctor socket open for session d343b645-3a93-4869-9060-30d639996e93
2026-09-26 04:09:42 | INFO     | exam.proctor                 | Proctor socket closed for session d343b645-3a93-4869-9060-30d639996e93
2026-09-26 04:09:42 | INFO     | exam.proctor                 | Proctor socket open for session 09081345-ec4b-4fdd-838b-caf3a1a39b23
2026-09-26 04:09:42 | INFO     | exam.proctor                 | Proctor socket closed for session 09081345-ec4b-4fdd-838b-caf3a1a39b23
2026-09-26 04:11:32 | WARNING  | exam.proctor                 | Session 4fbd9a77-20f7-48b2-a3a6-2ea954f72b03 flagged: score=106.9 tab_switches=0 left_exam=0
2026-09-26 04:11:32 | WARNING  | exam.proctor                 | Session 4fbd9a77-20f7-48b2-a3a6-2ea954f72b03 TERMINATED at score 106.9
2026-09-26 04:11:55 | WARNING  | exam.proctor                 | Session 0d12d2ee-0ef6-44f7-bdb7-21891b5d8986 flagged: score=23.1 tab_switches=3 left_exam=3
2026-09-26 04:11:55 | WARNING  | exam.proctor                 | Session 0d12d2ee-0ef6-44f7-bdb7-21891b5d8986 AUTO-SUBMITTED after 3 focus violation(s)
2026-09-26 04:11:55 | WARNING  | exam.proctor                 | Session 9584dd01-8cc9-42ce-85b9-89a3441aedb3 flagged: score=24.0 tab_switches=1 left_exam=3
2026-09-26 04:11:55 | WARNING  | exam.proctor                 | Session 9584dd01-8cc9-42ce-85b9-89a3441aedb3 AUTO-SUBMITTED after 3 focus violation(s)
2026-09-26 04:11:56 | WARNING  | exam.proctor                 | Session 655c46cd-66a1-468f-998c-616280f24916 flagged: score=23.1 tab_switches=3 left_exam=3
2026-09-26 04:11:56 | WARNING  | exam.proctor                 | Session 655c46cd-66a1-468f-998c-616280f24916 AUTO-SUBMITTED after 3 focus violation(s)
2026-09-26 04:11:56 | WARNING  | exam.proctor                 | Session da252b58-74dc-428f-8e6d-9822359e2b6a flagged: score=23.1 tab_switches=3 left_exam=3
2026-09-26 04:11:57 | WARNING  | exam.proctor                 | Session da252b58-74dc-428f-8e6d-9822359e2b6a AUTO-SUBMITTED after 3 focus violation(s)
2026-09-26 04:11:57 | WARNING  | exam.proctor                 | Session 31ad59f9-d15d-445c-9a72-6ad8b61e6949 flagged: score=23.1 tab_switches=3 left_exam=3
2026-09-26 04:11:57 | WARNING  | exam.proctor                 | Session 31ad59f9-d15d-445c-9a72-6ad8b61e6949 AUTO-SUBMITTED after 3 focus violation(s)
2026-09-26 04:11:58 | WARNING  | exam.proctor                 | Session e26524d4-400e-42aa-ac1c-69679a424e54 flagged: score=23.1 tab_switches=3 left_exam=3
2026-09-26 04:11:58 | WARNING  | exam.proctor                 | Session e26524d4-400e-42aa-ac1c-69679a424e54 AUTO-SUBMITTED after 3 focus violation(s)
2026-09-26 04:11:58 | WARNING  | exam.proctor                 | Session d40d0925-3bc1-4f7b-b82d-3b8f8c0f8ba8 flagged: score=23.1 tab_switches=3 left_exam=3
2026-09-26 04:11:58 | WARNING  | exam.proctor                 | Session d40d0925-3bc1-4f7b-b82d-3b8f8c0f8ba8 AUTO-SUBMITTED after 3 focus violation(s)
2026-09-26 04:11:59 | WARNING  | exam.proctor                 | Session 00c6129d-3112-4506-973d-e30cb7696315 flagged: score=23.1 tab_switches=3 left_exam=3
2026-09-26 04:11:59 | WARNING  | exam.proctor                 | Session 00c6129d-3112-4506-973d-e30cb7696315 AUTO-SUBMITTED after 3 focus violation(s)
2026-09-26 04:11:59 | INFO     | exam.proctor                 | examiner-e44e12ac@test.edu ruled session 00c6129d-3112-4506-973d-e30cb7696315 as cleared
2026-09-26 04:12:01 | WARNING  | exam.proctor                 | Session e8f6773d-8e63-499e-b8c7-55bcf6791db6 flagged: score=27.3 tab_switches=4 left_exam=4
2026-09-26 04:12:02 | WARNING  | exam.proctor                 | Session a5d938c0-f181-4c63-bd47-a149c5828ee4 flagged: score=10.0 tab_switches=1 left_exam=1
2026-09-26 04:12:02 | WARNING  | exam.proctor                 | Session a5d938c0-f181-4c63-bd47-a149c5828ee4 AUTO-SUBMITTED after 1 focus violation(s)
2026-09-26 04:12:07 | INFO     | exam.proctor                 | examiner-04fef392@test.edu ruled session de9a43ee-3350-4987-92df-7e96d34af000 as cleared
2026-09-26 04:12:07 | INFO     | exam.proctor                 | examiner-65cfeaf2@test.edu ruled session f53961d3-4d43-4e4b-904a-1d9d226242a5 as malpractice
2026-09-26 04:12:09 | INFO     | exam.proctor                 | examiner-a6190ccc@test.edu ruled session 984c4ebb-2bc8-48a6-9246-fb691e80b210 as cleared
2026-09-26 04:12:10 | INFO     | exam.proctor                 | examiner-cc9a447f@test.edu ruled session 0f69ba87-257a-4f04-8451-9e73770b4a41 as malpractice
2026-09-26 04:12:12 | INFO     | exam.proctor                 | examiner-19da8595@test.edu ruled session bae85558-6764-470f-badb-cc88fb08b016 as malpractice
2026-09-26 04:12:13 | INFO     | exam.proctor                 | examiner-51e9f1c1@test.edu ruled session 13a3831d-037e-4cf0-865e-a40feb4b8ace as malpractice
2026-09-26 04:12:14 | INFO     | exam.proctor                 | examiner-4516d604@test.edu ruled session cceb35b4-6171-4aac-b236-140dd22e8dde as cleared
2026-09-26 04:12:45 | INFO     | exam.proctor                 | Proctor socket open for session fb191e0b-9b0d-407a-afbe-56cd31908895
2026-09-26 04:12:45 | INFO     | exam.proctor                 | Proctor socket closed for session fb191e0b-9b0d-407a-afbe-56cd31908895
2026-09-26 04:12:47 | INFO     | exam.proctor                 | Proctor socket open for session a3d384c3-1622-45db-a568-5d7ad40f874d
2026-09-26 04:12:47 | INFO     | exam.proctor                 | Proctor socket closed for session a3d384c3-1622-45db-a568-5d7ad40f874d
2026-09-26 04:12:48 | INFO     | exam.proctor                 | Proctor socket open for session 788b2d39-1b99-4bfc-bd6a-9ffc9b7d3651
2026-09-26 04:12:48 | INFO     | exam.proctor                 | Proctor socket closed for session 788b2d39-1b99-4bfc-bd6a-9ffc9b7d3651
2026-09-26 04:12:48 | INFO     | exam.proctor                 | Proctor socket open for session bee586fa-ec40-4f14-8aeb-8b21d894cfa1
2026-09-26 04:12:48 | WARNING  | exam.proctor                 | Session bee586fa-ec40-4f14-8aeb-8b21d894cfa1 flagged: score=23.1 tab_switches=3 left_exam=3
2026-09-26 04:12:48 | WARNING  | exam.proctor                 | Session bee586fa-ec40-4f14-8aeb-8b21d894cfa1 AUTO-SUBMITTED after 3 focus violation(s)
2026-09-26 04:12:49 | INFO     | exam.proctor                 | Proctor socket open for session 13cdfb4b-d4b6-4798-9e90-e95139e620a9
2026-09-26 04:12:49 | INFO     | exam.proctor                 | Proctor socket closed for session 13cdfb4b-d4b6-4798-9e90-e95139e620a9
2026-09-26 04:12:49 | INFO     | exam.proctor                 | Proctor socket open for session de53f5f4-bb12-4264-861c-4f5bcd2d8486
2026-09-26 04:12:49 | INFO     | exam.proctor                 | Proctor socket closed for session de53f5f4-bb12-4264-861c-4f5bcd2d8486
2026-09-26 04:12:50 | INFO     | exam.proctor                 | Proctor socket open for session ae035836-7d97-46eb-8219-d26412ca07fb
2026-09-26 04:12:50 | INFO     | exam.proctor                 | Proctor socket closed for session ae035836-7d97-46eb-8219-d26412ca07fb
2026-09-26 04:12:50 | INFO     | exam.proctor                 | Proctor socket open for session fba03b4d-d743-48fe-b278-0d6d930730e7
2026-09-26 04:12:50 | INFO     | exam.proctor                 | Proctor socket closed for session fba03b4d-d743-48fe-b278-0d6d930730e7
2026-09-26 04:14:01 | WARNING  | exam.proctor                 | Session c27b6819-5cb3-4211-a8ca-9c56c727c4f0 flagged: score=106.9 tab_switches=0 left_exam=0
2026-09-26 04:14:01 | WARNING  | exam.proctor                 | Session c27b6819-5cb3-4211-a8ca-9c56c727c4f0 TERMINATED at score 106.9
2026-09-26 04:14:22 | WARNING  | exam.proctor                 | Session 4c8d2251-2547-4606-b9ec-0a615ca19069 flagged: score=23.1 tab_switches=3 left_exam=3
2026-09-26 04:14:23 | WARNING  | exam.proctor                 | Session 4c8d2251-2547-4606-b9ec-0a615ca19069 AUTO-SUBMITTED after 3 focus violation(s)
2026-09-26 04:14:23 | WARNING  | exam.proctor                 | Session 3bed6ec1-fe00-4497-851a-2c6237afbbd7 flagged: score=24.0 tab_switches=1 left_exam=3
2026-09-26 04:14:23 | WARNING  | exam.proctor                 | Session 3bed6ec1-fe00-4497-851a-2c6237afbbd7 AUTO-SUBMITTED after 3 focus violation(s)
2026-09-26 04:14:24 | WARNING  | exam.proctor                 | Session f9a6bb77-a13c-4ab6-b95a-5085ce93cb7a flagged: score=23.1 tab_switches=3 left_exam=3
2026-09-26 04:14:24 | WARNING  | exam.proctor                 | Session f9a6bb77-a13c-4ab6-b95a-5085ce93cb7a AUTO-SUBMITTED after 3 focus violation(s)
2026-09-26 04:14:24 | WARNING  | exam.proctor                 | Session b52f85e0-91e7-417f-a558-ec451f4a45d0 flagged: score=23.1 tab_switches=3 left_exam=3
2026-09-26 04:14:24 | WARNING  | exam.proctor                 | Session b52f85e0-91e7-417f-a558-ec451f4a45d0 AUTO-SUBMITTED after 3 focus violation(s)
2026-09-26 04:14:25 | WARNING  | exam.proctor                 | Session 57bf4f7f-9b38-4746-978e-9c47273aa934 flagged: score=23.1 tab_switches=3 left_exam=3
2026-09-26 04:14:25 | WARNING  | exam.proctor                 | Session 57bf4f7f-9b38-4746-978e-9c47273aa934 AUTO-SUBMITTED after 3 focus violation(s)
2026-09-26 04:14:25 | WARNING  | exam.proctor                 | Session 076565f2-568c-4a78-b66e-23b715a37c45 flagged: score=23.1 tab_switches=3 left_exam=3
2026-09-26 04:14:25 | WARNING  | exam.proctor                 | Session 076565f2-568c-4a78-b66e-23b715a37c45 AUTO-SUBMITTED after 3 focus violation(s)
2026-09-26 04:14:26 | WARNING  | exam.proctor                 | Session ddaf8dcf-bf48-45da-bed8-394ceb78a671 flagged: score=23.1 tab_switches=3 left_exam=3
2026-09-26 04:14:26 | WARNING  | exam.proctor                 | Session ddaf8dcf-bf48-45da-bed8-394ceb78a671 AUTO-SUBMITTED after 3 focus violation(s)
2026-09-26 04:14:26 | WARNING  | exam.proctor                 | Session 051a70d0-d16b-4bc5-82a5-4dc955badeb8 flagged: score=23.1 tab_switches=3 left_exam=3
2026-09-26 04:14:26 | WARNING  | exam.proctor                 | Session 051a70d0-d16b-4bc5-82a5-4dc955badeb8 AUTO-SUBMITTED after 3 focus violation(s)
2026-09-26 04:14:26 | INFO     | exam.proctor                 | examiner-3af409ce@test.edu ruled session 051a70d0-d16b-4bc5-82a5-4dc955badeb8 as cleared
2026-09-26 04:14:28 | WARNING  | exam.proctor                 | Session a7b5870a-8ea1-4f5c-99ce-4056c1146914 flagged: score=27.3 tab_switches=4 left_exam=4
2026-09-26 04:14:28 | WARNING  | exam.proctor                 | Session f0f3f70a-1d73-44f1-bba8-c5c945b06c1f flagged: score=10.0 tab_switches=1 left_exam=1
2026-09-26 04:14:28 | WARNING  | exam.proctor                 | Session f0f3f70a-1d73-44f1-bba8-c5c945b06c1f AUTO-SUBMITTED after 1 focus violation(s)
2026-09-26 04:14:32 | INFO     | exam.proctor                 | examiner-1f0039e1@test.edu ruled session 983fb7b2-1404-4cea-b6bc-ce44b58e22f3 as cleared
2026-09-26 04:14:32 | INFO     | exam.proctor                 | examiner-5568b5aa@test.edu ruled session 69f53536-e3fc-40e1-a5f2-5fb310946699 as malpractice
2026-09-26 04:14:34 | INFO     | exam.proctor                 | examiner-480ce2fb@test.edu ruled session fe398fcc-39c5-4b36-ae8f-38af812ef623 as cleared
2026-09-26 04:14:35 | INFO     | exam.proctor                 | examiner-441c9def@test.edu ruled session 59adc5ea-ac9b-4f7a-86ef-496b641c65aa as malpractice
2026-09-26 04:14:37 | INFO     | exam.proctor                 | examiner-4d95f021@test.edu ruled session 4b556bf0-acaa-4239-bf2b-c4c86bd32357 as malpractice
2026-09-26 04:14:38 | INFO     | exam.proctor                 | examiner-fa1dd0b8@test.edu ruled session b1d3d99a-8920-4294-8731-b0b8647b6c9a as malpractice
2026-09-26 04:14:38 | INFO     | exam.proctor                 | examiner-185acf3f@test.edu ruled session a0d77f5b-c6d7-4902-a334-4767302732cd as cleared
2026-09-26 04:15:07 | INFO     | exam.proctor                 | Proctor socket open for session 6e120500-4908-49aa-b117-b2647ef6a712
2026-09-26 04:15:07 | INFO     | exam.proctor                 | Proctor socket closed for session 6e120500-4908-49aa-b117-b2647ef6a712
2026-09-26 04:15:09 | INFO     | exam.proctor                 | Proctor socket open for session b9e93cb1-35e8-46af-908a-b4755c30cddd
2026-09-26 04:15:09 | INFO     | exam.proctor                 | Proctor socket closed for session b9e93cb1-35e8-46af-908a-b4755c30cddd
2026-09-26 04:15:10 | INFO     | exam.proctor                 | Proctor socket open for session 1ccba43a-c2b8-4261-95c6-8dec9b7f8e45
2026-09-26 04:15:10 | INFO     | exam.proctor                 | Proctor socket closed for session 1ccba43a-c2b8-4261-95c6-8dec9b7f8e45
2026-09-26 04:15:10 | INFO     | exam.proctor                 | Proctor socket open for session eb250c46-3969-4228-86a4-6e06fd850c19
2026-09-26 04:15:10 | WARNING  | exam.proctor                 | Session eb250c46-3969-4228-86a4-6e06fd850c19 flagged: score=23.1 tab_switches=3 left_exam=3
2026-09-26 04:15:10 | WARNING  | exam.proctor                 | Session eb250c46-3969-4228-86a4-6e06fd850c19 AUTO-SUBMITTED after 3 focus violation(s)
2026-09-26 04:15:11 | INFO     | exam.proctor                 | Proctor socket open for session 2ce1deb1-7907-4dff-844f-c8a990fca429
2026-09-26 04:15:11 | INFO     | exam.proctor                 | Proctor socket closed for session 2ce1deb1-7907-4dff-844f-c8a990fca429
2026-09-26 04:15:11 | INFO     | exam.proctor                 | Proctor socket open for session 04e7427a-5337-4464-99f7-d480c413cf61
2026-09-26 04:15:11 | INFO     | exam.proctor                 | Proctor socket closed for session 04e7427a-5337-4464-99f7-d480c413cf61
2026-09-26 04:15:12 | INFO     | exam.proctor                 | Proctor socket open for session 021d05fa-df19-4932-848a-42e98962d361
2026-09-26 04:15:12 | INFO     | exam.proctor                 | Proctor socket closed for session 021d05fa-df19-4932-848a-42e98962d361
2026-09-26 04:15:12 | INFO     | exam.proctor                 | Proctor socket open for session 5abbe6fb-e497-4722-9b96-8c5ecb56444f
2026-09-26 04:15:12 | INFO     | exam.proctor                 | Proctor socket closed for session 5abbe6fb-e497-4722-9b96-8c5ecb56444f
2026-09-26 04:23:22 | INFO     | exam.proctor                 | examiner-b114892e@test.edu ruled session 3d4d931c-d869-4538-976f-8dece00590ba as cleared
2026-09-26 04:23:22 | INFO     | exam.proctor                 | examiner-603cf06b@test.edu ruled session 749141ea-5519-4b8a-ba9a-7cb6d1556c34 as malpractice
2026-09-26 04:23:24 | INFO     | exam.proctor                 | examiner-2a40d76f@test.edu ruled session 17aedac9-c990-459a-b4c2-01cc44bd9b9b as cleared
2026-09-26 04:23:25 | INFO     | exam.proctor                 | examiner-7b8e6e13@test.edu ruled session d9955267-180c-470f-8832-415b366c37d5 as malpractice
2026-09-26 04:23:27 | INFO     | exam.proctor                 | examiner-a1b0db17@test.edu ruled session 1009eab2-f223-451d-a6db-01c6fca5f6e7 as malpractice
2026-09-26 04:23:28 | INFO     | exam.proctor                 | examiner-43afc5b6@test.edu ruled session 1b660e68-8883-458e-8ad3-e89b23c3e4c5 as malpractice
2026-09-26 04:23:29 | INFO     | exam.proctor                 | examiner-430de11c@test.edu ruled session 5d45fe16-2b72-4780-95bb-378e6b4f344d as cleared
2026-09-26 04:26:12 | WARNING  | exam.proctor                 | Session 13074d60-8c83-4138-bc9d-ba789d5852fe flagged: score=106.9 tab_switches=0 left_exam=0
2026-09-26 04:26:12 | WARNING  | exam.proctor                 | Session 13074d60-8c83-4138-bc9d-ba789d5852fe TERMINATED at score 106.9
2026-09-26 04:26:36 | WARNING  | exam.proctor                 | Session a536c561-3ae0-4c68-ab02-c5f9e3fb1253 flagged: score=23.1 tab_switches=3 left_exam=3
2026-09-26 04:26:36 | WARNING  | exam.proctor                 | Session a536c561-3ae0-4c68-ab02-c5f9e3fb1253 AUTO-SUBMITTED after 3 focus violation(s)
2026-09-26 04:26:37 | WARNING  | exam.proctor                 | Session 427c1098-28ed-4ea7-b83f-876541aabdb7 flagged: score=24.0 tab_switches=1 left_exam=3
2026-09-26 04:26:37 | WARNING  | exam.proctor                 | Session 427c1098-28ed-4ea7-b83f-876541aabdb7 AUTO-SUBMITTED after 3 focus violation(s)
2026-09-26 04:26:38 | WARNING  | exam.proctor                 | Session 3166836e-0505-4138-99dc-fd08512083c9 flagged: score=23.1 tab_switches=3 left_exam=3
2026-09-26 04:26:38 | WARNING  | exam.proctor                 | Session 3166836e-0505-4138-99dc-fd08512083c9 AUTO-SUBMITTED after 3 focus violation(s)
2026-09-26 04:26:38 | WARNING  | exam.proctor                 | Session 227028b3-ab63-40fe-96cf-24dd4da2e53c flagged: score=23.1 tab_switches=3 left_exam=3
2026-09-26 04:26:38 | WARNING  | exam.proctor                 | Session 227028b3-ab63-40fe-96cf-24dd4da2e53c AUTO-SUBMITTED after 3 focus violation(s)
2026-09-26 04:26:39 | WARNING  | exam.proctor                 | Session 31e826ab-de51-43ab-8afd-4b38f5cfc41e flagged: score=23.1 tab_switches=3 left_exam=3
2026-09-26 04:26:39 | WARNING  | exam.proctor                 | Session 31e826ab-de51-43ab-8afd-4b38f5cfc41e AUTO-SUBMITTED after 3 focus violation(s)
2026-09-26 04:26:40 | WARNING  | exam.proctor                 | Session cfa0abdb-0321-421e-9323-4c55c4947af2 flagged: score=23.1 tab_switches=3 left_exam=3
2026-09-26 04:26:40 | WARNING  | exam.proctor                 | Session cfa0abdb-0321-421e-9323-4c55c4947af2 AUTO-SUBMITTED after 3 focus violation(s)
2026-09-26 04:26:41 | WARNING  | exam.proctor                 | Session e5df5dd7-e353-4311-b78f-2ec777e7fd94 flagged: score=23.1 tab_switches=3 left_exam=3
2026-09-26 04:26:41 | WARNING  | exam.proctor                 | Session e5df5dd7-e353-4311-b78f-2ec777e7fd94 AUTO-SUBMITTED after 3 focus violation(s)
2026-09-26 04:26:42 | WARNING  | exam.proctor                 | Session 66004d07-c0ee-4039-8441-4dc52dc9bf41 flagged: score=23.1 tab_switches=3 left_exam=3
2026-09-26 04:26:42 | WARNING  | exam.proctor                 | Session 66004d07-c0ee-4039-8441-4dc52dc9bf41 AUTO-SUBMITTED after 3 focus violation(s)
2026-09-26 04:26:42 | INFO     | exam.proctor                 | examiner-4fd9bf21@test.edu ruled session 66004d07-c0ee-4039-8441-4dc52dc9bf41 as cleared
2026-09-26 04:26:44 | WARNING  | exam.proctor                 | Session 48d9db05-2f23-4810-a6d2-315b775190dc flagged: score=27.3 tab_switches=4 left_exam=4
2026-09-26 04:26:45 | WARNING  | exam.proctor                 | Session 953787e9-0501-45fb-b4cd-99d960c9eeb5 flagged: score=10.0 tab_switches=1 left_exam=1
2026-09-26 04:26:45 | WARNING  | exam.proctor                 | Session 953787e9-0501-45fb-b4cd-99d960c9eeb5 AUTO-SUBMITTED after 1 focus violation(s)
2026-09-26 04:26:52 | INFO     | exam.proctor                 | examiner-9f8e6107@test.edu ruled session a62c926d-31a0-4c4a-ae7f-17c6e31de5d1 as cleared
2026-09-26 04:26:53 | INFO     | exam.proctor                 | examiner-8c6d39ec@test.edu ruled session a080ef29-e6ef-4b57-b5a1-3b8a1c84b02b as malpractice
2026-09-26 04:26:55 | INFO     | exam.proctor                 | examiner-ca1823ba@test.edu ruled session 29a45116-78f6-4bac-aa64-228d4a6088d3 as cleared
2026-09-26 04:26:57 | INFO     | exam.proctor                 | examiner-077febce@test.edu ruled session 7efbe61b-de02-4a72-8cc8-b82306db6d35 as malpractice
2026-09-26 04:27:00 | INFO     | exam.proctor                 | examiner-fce6ea70@test.edu ruled session 6d4225f4-f928-438e-b0bf-1d5ee54829f4 as malpractice
2026-09-26 04:27:01 | INFO     | exam.proctor                 | examiner-3bd89663@test.edu ruled session 86887bd5-4cb9-4978-a8d5-21807071374b as malpractice
2026-09-26 04:27:02 | INFO     | exam.proctor                 | examiner-b47105a7@test.edu ruled session 77d7dabb-642a-4e96-986d-9d2447aaf5b2 as cleared
2026-09-26 04:27:31 | INFO     | exam.proctor                 | Proctor socket open for session 86e0f31b-c939-4fb2-8e0b-6bbf52cb7851
2026-09-26 04:27:31 | INFO     | exam.proctor                 | Proctor socket closed for session 86e0f31b-c939-4fb2-8e0b-6bbf52cb7851
2026-09-26 04:27:33 | INFO     | exam.proctor                 | Proctor socket open for session 1b129e9d-3f09-42a7-9bf4-cbfdd9eab49f
2026-09-26 04:27:33 | INFO     | exam.proctor                 | Proctor socket closed for session 1b129e9d-3f09-42a7-9bf4-cbfdd9eab49f
2026-09-26 04:27:34 | INFO     | exam.proctor                 | Proctor socket open for session 0914c58b-bf02-4e45-9d2b-8e48d77c279b
2026-09-26 04:27:34 | INFO     | exam.proctor                 | Proctor socket closed for session 0914c58b-bf02-4e45-9d2b-8e48d77c279b
2026-09-26 04:27:34 | INFO     | exam.proctor                 | Proctor socket open for session bc1e5adc-fa2e-4980-a4d2-05f12dac57c1
2026-09-26 04:27:34 | WARNING  | exam.proctor                 | Session bc1e5adc-fa2e-4980-a4d2-05f12dac57c1 flagged: score=23.1 tab_switches=3 left_exam=3
2026-09-26 04:27:34 | WARNING  | exam.proctor                 | Session bc1e5adc-fa2e-4980-a4d2-05f12dac57c1 AUTO-SUBMITTED after 3 focus violation(s)
2026-09-26 04:27:35 | INFO     | exam.proctor                 | Proctor socket open for session 86c0d11b-dcbe-4e31-8fc4-a10710806c84
2026-09-26 04:27:35 | INFO     | exam.proctor                 | Proctor socket closed for session 86c0d11b-dcbe-4e31-8fc4-a10710806c84
2026-09-26 04:27:35 | INFO     | exam.proctor                 | Proctor socket open for session aec795e5-09f7-4180-a352-de22d4aeb961
2026-09-26 04:27:35 | INFO     | exam.proctor                 | Proctor socket closed for session aec795e5-09f7-4180-a352-de22d4aeb961
2026-09-26 04:27:35 | INFO     | exam.proctor                 | Proctor socket open for session c5b30781-f422-4d20-9676-c869c9de2082
2026-09-26 04:27:35 | INFO     | exam.proctor                 | Proctor socket closed for session c5b30781-f422-4d20-9676-c869c9de2082
2026-09-26 04:27:36 | INFO     | exam.proctor                 | Proctor socket open for session 84500369-3eec-4311-9a7a-1e8270b415fc
2026-09-26 04:27:36 | INFO     | exam.proctor                 | Proctor socket closed for session 84500369-3eec-4311-9a7a-1e8270b415fc
2026-09-26 04:29:06 | WARNING  | exam.proctor                 | Session aa41ed2d-585b-45f6-aa23-234bfe03b27b flagged: score=106.9 tab_switches=0 left_exam=0
2026-09-26 04:29:06 | WARNING  | exam.proctor                 | Session aa41ed2d-585b-45f6-aa23-234bfe03b27b TERMINATED at score 106.9
2026-09-26 04:29:32 | WARNING  | exam.proctor                 | Session 396c5b61-edc6-424a-b1c0-3b98e6f4683f flagged: score=23.1 tab_switches=3 left_exam=3
2026-09-26 04:29:32 | WARNING  | exam.proctor                 | Session 396c5b61-edc6-424a-b1c0-3b98e6f4683f AUTO-SUBMITTED after 3 focus violation(s)
2026-09-26 04:29:32 | WARNING  | exam.proctor                 | Session 5ce1dce7-4c0c-48a4-98a2-6575c4ec2dc5 flagged: score=24.0 tab_switches=1 left_exam=3
2026-09-26 04:29:33 | WARNING  | exam.proctor                 | Session 5ce1dce7-4c0c-48a4-98a2-6575c4ec2dc5 AUTO-SUBMITTED after 3 focus violation(s)
2026-09-26 04:29:33 | WARNING  | exam.proctor                 | Session 1d4a65b5-fca0-4fff-914b-fef1ccdfaa76 flagged: score=23.1 tab_switches=3 left_exam=3
2026-09-26 04:29:33 | WARNING  | exam.proctor                 | Session 1d4a65b5-fca0-4fff-914b-fef1ccdfaa76 AUTO-SUBMITTED after 3 focus violation(s)
2026-09-26 04:29:34 | WARNING  | exam.proctor                 | Session 5077eb34-b31b-4eb3-b691-0878ff8283ea flagged: score=23.1 tab_switches=3 left_exam=3
2026-09-26 04:29:34 | WARNING  | exam.proctor                 | Session 5077eb34-b31b-4eb3-b691-0878ff8283ea AUTO-SUBMITTED after 3 focus violation(s)
2026-09-26 04:29:34 | WARNING  | exam.proctor                 | Session e861ec2e-20e8-45e8-8c1c-ae2f280e8b28 flagged: score=23.1 tab_switches=3 left_exam=3
2026-09-26 04:29:34 | WARNING  | exam.proctor                 | Session e861ec2e-20e8-45e8-8c1c-ae2f280e8b28 AUTO-SUBMITTED after 3 focus violation(s)
2026-09-26 04:29:35 | WARNING  | exam.proctor                 | Session 79d47d55-fd2f-436d-b90c-6e7c074e90a7 flagged: score=23.1 tab_switches=3 left_exam=3
2026-09-26 04:29:35 | WARNING  | exam.proctor                 | Session 79d47d55-fd2f-436d-b90c-6e7c074e90a7 AUTO-SUBMITTED after 3 focus violation(s)
2026-09-26 04:29:35 | WARNING  | exam.proctor                 | Session 28ac88dd-d5f7-4708-a2ac-a5aaeb5281e0 flagged: score=23.1 tab_switches=3 left_exam=3
2026-09-26 04:29:35 | WARNING  | exam.proctor                 | Session 28ac88dd-d5f7-4708-a2ac-a5aaeb5281e0 AUTO-SUBMITTED after 3 focus violation(s)
2026-09-26 04:29:36 | WARNING  | exam.proctor                 | Session 08ea4e46-e098-4b23-be79-3471a34c5a57 flagged: score=23.1 tab_switches=3 left_exam=3
2026-09-26 04:29:36 | WARNING  | exam.proctor                 | Session 08ea4e46-e098-4b23-be79-3471a34c5a57 AUTO-SUBMITTED after 3 focus violation(s)
2026-09-26 04:29:36 | INFO     | exam.proctor                 | examiner-6e442e20@test.edu ruled session 08ea4e46-e098-4b23-be79-3471a34c5a57 as cleared
2026-09-26 04:29:37 | WARNING  | exam.proctor                 | Session 41899184-b76c-47fe-8bbb-a7a7083b69b9 flagged: score=27.3 tab_switches=4 left_exam=4
2026-09-26 04:29:38 | WARNING  | exam.proctor                 | Session 6a597465-1121-4108-a3a7-da217f71b309 flagged: score=10.0 tab_switches=1 left_exam=1
2026-09-26 04:29:38 | WARNING  | exam.proctor                 | Session 6a597465-1121-4108-a3a7-da217f71b309 AUTO-SUBMITTED after 1 focus violation(s)
2026-09-26 04:29:42 | INFO     | exam.proctor                 | examiner-f8434b72@test.edu ruled session 34bb08d7-1543-46eb-9d70-116d21835b8c as cleared
2026-09-26 04:29:43 | INFO     | exam.proctor                 | examiner-4407d6f9@test.edu ruled session 189aed7c-fe18-4793-957d-2ddf28aeb92e as malpractice
2026-09-26 04:29:44 | INFO     | exam.proctor                 | examiner-ccd8e25b@test.edu ruled session fc92655d-b7c0-4779-8982-c7cb9f53d85d as cleared
2026-09-26 04:29:45 | INFO     | exam.proctor                 | examiner-662aed97@test.edu ruled session 5775f2bf-3574-48ea-a3c9-f463298933f4 as malpractice
2026-09-26 04:29:47 | INFO     | exam.proctor                 | examiner-4d8faf11@test.edu ruled session 41f42d71-ce85-4e07-a04d-cb4683ddd1b2 as malpractice
2026-09-26 04:29:48 | INFO     | exam.proctor                 | examiner-7793e862@test.edu ruled session 7a5f7f4b-8d83-4065-9e65-fc3100345e31 as malpractice
2026-09-26 04:29:49 | INFO     | exam.proctor                 | examiner-2ba023ba@test.edu ruled session c85e1df8-3a43-41f2-9bb4-503e01b3e02d as cleared
2026-09-26 04:30:16 | INFO     | exam.proctor                 | Proctor socket open for session 1f3175a0-07fb-48e6-800b-f13c802dd466
2026-09-26 04:30:16 | INFO     | exam.proctor                 | Proctor socket closed for session 1f3175a0-07fb-48e6-800b-f13c802dd466
2026-09-26 04:30:19 | INFO     | exam.proctor                 | Proctor socket open for session 7d081aef-e484-4259-bdb5-3a9c58bd9cef
2026-09-26 04:30:19 | INFO     | exam.proctor                 | Proctor socket closed for session 7d081aef-e484-4259-bdb5-3a9c58bd9cef
2026-09-26 04:30:19 | INFO     | exam.proctor                 | Proctor socket open for session face6fd4-bd4d-48f5-aae4-a774d145e63b
2026-09-26 04:30:19 | INFO     | exam.proctor                 | Proctor socket closed for session face6fd4-bd4d-48f5-aae4-a774d145e63b
2026-09-26 04:30:19 | INFO     | exam.proctor                 | Proctor socket open for session a2f06487-541e-4007-be77-c9fc0821d3ea
2026-09-26 04:30:19 | WARNING  | exam.proctor                 | Session a2f06487-541e-4007-be77-c9fc0821d3ea flagged: score=23.1 tab_switches=3 left_exam=3
2026-09-26 04:30:19 | WARNING  | exam.proctor                 | Session a2f06487-541e-4007-be77-c9fc0821d3ea AUTO-SUBMITTED after 3 focus violation(s)
2026-09-26 04:30:20 | INFO     | exam.proctor                 | Proctor socket open for session f3b15dfb-df2d-431a-9a76-bb79b5d7f9d4
2026-09-26 04:30:20 | INFO     | exam.proctor                 | Proctor socket closed for session f3b15dfb-df2d-431a-9a76-bb79b5d7f9d4
2026-09-26 04:30:20 | INFO     | exam.proctor                 | Proctor socket open for session 7a50609b-27cc-4eb0-801b-86c0bd019e81
2026-09-26 04:30:20 | INFO     | exam.proctor                 | Proctor socket closed for session 7a50609b-27cc-4eb0-801b-86c0bd019e81
2026-09-26 04:30:21 | INFO     | exam.proctor                 | Proctor socket open for session 6589641c-3252-4483-aa29-6a0086fa52b2
2026-09-26 04:30:21 | INFO     | exam.proctor                 | Proctor socket closed for session 6589641c-3252-4483-aa29-6a0086fa52b2
2026-09-26 04:30:21 | INFO     | exam.proctor                 | Proctor socket open for session d41ca233-7569-435d-a795-fba34554a0aa
2026-09-26 04:30:21 | INFO     | exam.proctor                 | Proctor socket closed for session d41ca233-7569-435d-a795-fba34554a0aa
2026-09-26 23:22:29 | WARNING  | exam.proctor                 | Session a9f38dc6-10d9-4bb2-9839-a71ace2506f8 flagged: score=106.9 tab_switches=0 left_exam=0
2026-09-26 23:22:29 | WARNING  | exam.proctor                 | Session a9f38dc6-10d9-4bb2-9839-a71ace2506f8 TERMINATED at score 106.9
2026-09-26 23:23:14 | WARNING  | exam.proctor                 | Session 84ee8206-e9d6-444f-b79d-8afd6525ca6d flagged: score=23.1 tab_switches=3 left_exam=3
2026-09-26 23:23:14 | WARNING  | exam.proctor                 | Session 84ee8206-e9d6-444f-b79d-8afd6525ca6d AUTO-SUBMITTED after 3 focus violation(s)
2026-09-26 23:23:15 | WARNING  | exam.proctor                 | Session 76720725-5a0f-4459-8653-349bbd5e296f flagged: score=24.0 tab_switches=1 left_exam=3
2026-09-26 23:23:15 | WARNING  | exam.proctor                 | Session 76720725-5a0f-4459-8653-349bbd5e296f AUTO-SUBMITTED after 3 focus violation(s)
2026-09-26 23:23:16 | WARNING  | exam.proctor                 | Session 8d012c18-bf28-43f0-8abd-81f1dc259055 flagged: score=23.1 tab_switches=3 left_exam=3
2026-09-26 23:23:16 | WARNING  | exam.proctor                 | Session 8d012c18-bf28-43f0-8abd-81f1dc259055 AUTO-SUBMITTED after 3 focus violation(s)
2026-09-26 23:23:17 | WARNING  | exam.proctor                 | Session 72d846d6-d1e3-402d-a917-3741eb17cd23 flagged: score=23.1 tab_switches=3 left_exam=3
2026-09-26 23:23:17 | WARNING  | exam.proctor                 | Session 72d846d6-d1e3-402d-a917-3741eb17cd23 AUTO-SUBMITTED after 3 focus violation(s)
2026-09-26 23:23:18 | WARNING  | exam.proctor                 | Session 4e0ed551-e4e7-4ba9-ad61-11103bcf0777 flagged: score=23.1 tab_switches=3 left_exam=3
2026-09-26 23:23:18 | WARNING  | exam.proctor                 | Session 4e0ed551-e4e7-4ba9-ad61-11103bcf0777 AUTO-SUBMITTED after 3 focus violation(s)
2026-09-26 23:23:19 | WARNING  | exam.proctor                 | Session 6ed13b3b-1504-4c1b-8ebe-aa23c89db5e2 flagged: score=23.1 tab_switches=3 left_exam=3
2026-09-26 23:23:19 | WARNING  | exam.proctor                 | Session 6ed13b3b-1504-4c1b-8ebe-aa23c89db5e2 AUTO-SUBMITTED after 3 focus violation(s)
2026-09-26 23:23:20 | WARNING  | exam.proctor                 | Session e7dcd829-85b7-43c9-a6fe-e28aad525e2c flagged: score=23.1 tab_switches=3 left_exam=3
2026-09-26 23:23:20 | WARNING  | exam.proctor                 | Session e7dcd829-85b7-43c9-a6fe-e28aad525e2c AUTO-SUBMITTED after 3 focus violation(s)
2026-09-26 23:23:21 | WARNING  | exam.proctor                 | Session ff18a28a-8523-460c-8fee-e680337eca54 flagged: score=23.1 tab_switches=3 left_exam=3
2026-09-26 23:23:21 | WARNING  | exam.proctor                 | Session ff18a28a-8523-460c-8fee-e680337eca54 AUTO-SUBMITTED after 3 focus violation(s)
2026-09-26 23:23:21 | INFO     | exam.proctor                 | examiner-ff63f46b@test.edu ruled session ff18a28a-8523-460c-8fee-e680337eca54 as cleared
2026-09-26 23:23:24 | WARNING  | exam.proctor                 | Session 3a739bf5-8ef7-4971-938b-80ebce44a52a flagged: score=27.3 tab_switches=4 left_exam=4
2026-09-26 23:23:25 | WARNING  | exam.proctor                 | Session 582d8824-d7f1-4d6c-9d23-76df0c9d3e8b flagged: score=10.0 tab_switches=1 left_exam=1
2026-09-26 23:23:25 | WARNING  | exam.proctor                 | Session 582d8824-d7f1-4d6c-9d23-76df0c9d3e8b AUTO-SUBMITTED after 1 focus violation(s)
2026-09-26 23:23:31 | INFO     | exam.proctor                 | examiner-e7309b52@test.edu ruled session 053ef315-c9e3-41a9-ac1c-524594404b23 as cleared
2026-09-26 23:23:32 | INFO     | exam.proctor                 | examiner-293da099@test.edu ruled session 70854e81-9de6-494a-b0be-4f44bc05cbbf as malpractice
2026-09-26 23:23:35 | INFO     | exam.proctor                 | examiner-c2cc4dfe@test.edu ruled session 3baecea7-cec8-48a7-99dc-3b5d67f91f45 as cleared
2026-09-26 23:23:37 | INFO     | exam.proctor                 | examiner-8e5f29fd@test.edu ruled session 0f78af9d-e4a1-46fe-a563-1487dda7819e as malpractice
2026-09-26 23:23:40 | INFO     | exam.proctor                 | examiner-eb7fc0ca@test.edu ruled session 8c4baf3a-a699-4fc0-b2b4-94730723b68d as malpractice
2026-09-26 23:23:42 | INFO     | exam.proctor                 | examiner-ef17dc17@test.edu ruled session 179cc194-22f2-4c3d-a7ff-e2054015c936 as malpractice
2026-09-26 23:23:43 | INFO     | exam.proctor                 | examiner-449b8789@test.edu ruled session aa4cb648-205f-46b0-9040-ed99472ff1df as cleared
2026-09-26 23:24:33 | INFO     | exam.proctor                 | Proctor socket open for session 1d148510-4d99-403b-a734-2662b8750dd9
2026-09-26 23:24:33 | INFO     | exam.proctor                 | Proctor socket closed for session 1d148510-4d99-403b-a734-2662b8750dd9
2026-09-26 23:24:37 | INFO     | exam.proctor                 | Proctor socket open for session 03e97825-53a8-4084-862f-ec1aa3515c60
2026-09-26 23:24:37 | INFO     | exam.proctor                 | Proctor socket closed for session 03e97825-53a8-4084-862f-ec1aa3515c60
2026-09-26 23:24:38 | INFO     | exam.proctor                 | Proctor socket open for session 2688d529-0f8b-48b4-941f-afedcc63e3c4
2026-09-26 23:24:38 | INFO     | exam.proctor                 | Proctor socket closed for session 2688d529-0f8b-48b4-941f-afedcc63e3c4
2026-09-26 23:24:39 | INFO     | exam.proctor                 | Proctor socket open for session 5ce66b7b-78fe-4d04-9d1f-5199c88586da
2026-09-26 23:24:39 | WARNING  | exam.proctor                 | Session 5ce66b7b-78fe-4d04-9d1f-5199c88586da flagged: score=23.1 tab_switches=3 left_exam=3
2026-09-26 23:24:39 | WARNING  | exam.proctor                 | Session 5ce66b7b-78fe-4d04-9d1f-5199c88586da AUTO-SUBMITTED after 3 focus violation(s)
2026-09-26 23:24:40 | INFO     | exam.proctor                 | Proctor socket open for session 200f7a58-83ed-49aa-b333-52f820202a1b
2026-09-26 23:24:40 | INFO     | exam.proctor                 | Proctor socket closed for session 200f7a58-83ed-49aa-b333-52f820202a1b
2026-09-26 23:24:41 | INFO     | exam.proctor                 | Proctor socket open for session 8d7b5e88-a44a-44c4-9fc9-c5261fe63bc4
2026-09-26 23:24:41 | INFO     | exam.proctor                 | Proctor socket closed for session 8d7b5e88-a44a-44c4-9fc9-c5261fe63bc4
2026-09-26 23:24:41 | INFO     | exam.proctor                 | Proctor socket open for session e8951c92-843a-4446-9d7f-2ad941937f36
2026-09-26 23:24:41 | INFO     | exam.proctor                 | Proctor socket closed for session e8951c92-843a-4446-9d7f-2ad941937f36
2026-09-26 23:24:42 | INFO     | exam.proctor                 | Proctor socket open for session c8033205-fbe9-41f5-80b1-1e599df1448b
2026-09-26 23:24:42 | INFO     | exam.proctor                 | Proctor socket closed for session c8033205-fbe9-41f5-80b1-1e599df1448b
2026-09-27 01:28:37 | WARNING  | exam.proctor                 | Session fedb816d-bfec-4427-b4c7-a97dff830831 flagged: score=106.9 tab_switches=0 left_exam=0
2026-09-27 01:28:38 | WARNING  | exam.proctor                 | Session fedb816d-bfec-4427-b4c7-a97dff830831 TERMINATED at score 106.9
2026-09-27 01:29:19 | WARNING  | exam.proctor                 | Session 87728be4-abbc-43f8-95f9-e1445870fe45 flagged: score=23.1 tab_switches=3 left_exam=3
2026-09-27 01:29:19 | WARNING  | exam.proctor                 | Session 87728be4-abbc-43f8-95f9-e1445870fe45 AUTO-SUBMITTED after 3 focus violation(s)
2026-09-27 01:29:20 | WARNING  | exam.proctor                 | Session 61f7fa9b-4e89-475b-9295-a516eafe2d0a flagged: score=24.0 tab_switches=1 left_exam=3
2026-09-27 01:29:20 | WARNING  | exam.proctor                 | Session 61f7fa9b-4e89-475b-9295-a516eafe2d0a AUTO-SUBMITTED after 3 focus violation(s)
2026-09-27 01:29:21 | WARNING  | exam.proctor                 | Session a4ec42ef-0618-4bc2-aff5-4bdbe52935f0 flagged: score=23.1 tab_switches=3 left_exam=3
2026-09-27 01:29:21 | WARNING  | exam.proctor                 | Session a4ec42ef-0618-4bc2-aff5-4bdbe52935f0 AUTO-SUBMITTED after 3 focus violation(s)
2026-09-27 01:29:22 | WARNING  | exam.proctor                 | Session e75cccb8-3c23-415f-bd6f-f15fbe00a301 flagged: score=23.1 tab_switches=3 left_exam=3
2026-09-27 01:29:22 | WARNING  | exam.proctor                 | Session e75cccb8-3c23-415f-bd6f-f15fbe00a301 AUTO-SUBMITTED after 3 focus violation(s)
2026-09-27 01:29:22 | WARNING  | exam.proctor                 | Session 0bd38748-8b60-4055-b21d-bffa9277104e flagged: score=23.1 tab_switches=3 left_exam=3
2026-09-27 01:29:22 | WARNING  | exam.proctor                 | Session 0bd38748-8b60-4055-b21d-bffa9277104e AUTO-SUBMITTED after 3 focus violation(s)
2026-09-27 01:29:23 | WARNING  | exam.proctor                 | Session ad53f82b-4a5d-4bf1-a942-4076559a2586 flagged: score=23.1 tab_switches=3 left_exam=3
2026-09-27 01:29:23 | WARNING  | exam.proctor                 | Session ad53f82b-4a5d-4bf1-a942-4076559a2586 AUTO-SUBMITTED after 3 focus violation(s)
2026-09-27 01:29:24 | WARNING  | exam.proctor                 | Session a2473c1b-3404-4d5d-8f7b-aca7bbfd5092 flagged: score=23.1 tab_switches=3 left_exam=3
2026-09-27 01:29:24 | WARNING  | exam.proctor                 | Session a2473c1b-3404-4d5d-8f7b-aca7bbfd5092 AUTO-SUBMITTED after 3 focus violation(s)
2026-09-27 01:29:25 | WARNING  | exam.proctor                 | Session 74506b84-2d45-4b74-a9d7-7f097a80e430 flagged: score=23.1 tab_switches=3 left_exam=3
2026-09-27 01:29:25 | WARNING  | exam.proctor                 | Session 74506b84-2d45-4b74-a9d7-7f097a80e430 AUTO-SUBMITTED after 3 focus violation(s)
2026-09-27 01:29:25 | INFO     | exam.proctor                 | examiner-3390d744@test.edu ruled session 74506b84-2d45-4b74-a9d7-7f097a80e430 as cleared
2026-09-27 01:29:28 | WARNING  | exam.proctor                 | Session 32803b2d-3084-4976-9dda-d61d49a3dcfc flagged: score=27.3 tab_switches=4 left_exam=4
2026-09-27 01:29:29 | WARNING  | exam.proctor                 | Session ceade44f-1c55-4c24-bea1-ae50023c7f4a flagged: score=10.0 tab_switches=1 left_exam=1
2026-09-27 01:29:29 | WARNING  | exam.proctor                 | Session ceade44f-1c55-4c24-bea1-ae50023c7f4a AUTO-SUBMITTED after 1 focus violation(s)
2026-09-27 01:29:35 | INFO     | exam.proctor                 | examiner-2557e548@test.edu ruled session 4cbfa61d-0fda-46bc-969e-c266a52f551b as cleared
2026-09-27 01:29:36 | INFO     | exam.proctor                 | examiner-61013e8c@test.edu ruled session 86bc9db7-9acb-4956-80d0-356140621661 as malpractice
2026-09-27 01:29:39 | INFO     | exam.proctor                 | examiner-9596764d@test.edu ruled session 51a94605-8630-423a-bf93-3549a50c3226 as cleared
2026-09-27 01:29:41 | INFO     | exam.proctor                 | examiner-8335b4c4@test.edu ruled session bb216816-b564-4398-b5ce-10d4dcd15ba9 as malpractice
2026-09-27 01:29:43 | INFO     | exam.proctor                 | examiner-b241b535@test.edu ruled session 680c2d98-f73b-415d-95e6-3bc6d8aafd60 as malpractice
2026-09-27 01:29:45 | INFO     | exam.proctor                 | examiner-29a190d2@test.edu ruled session 0cf3a2ec-76ba-4185-aba6-8175fa37b87c as malpractice
2026-09-27 01:29:46 | INFO     | exam.proctor                 | examiner-681a741a@test.edu ruled session dd9f9e0b-6b5f-4067-88d9-9afaf1642c95 as cleared
2026-09-27 01:30:33 | INFO     | exam.proctor                 | Proctor socket open for session d62bdefc-9d77-4d3f-9d39-b9bd81e35cbf
2026-09-27 01:30:33 | INFO     | exam.proctor                 | Proctor socket closed for session d62bdefc-9d77-4d3f-9d39-b9bd81e35cbf
2026-09-27 01:30:37 | INFO     | exam.proctor                 | Proctor socket open for session 5420b182-df31-4645-8a68-e7d028e9b5f4
2026-09-27 01:30:37 | INFO     | exam.proctor                 | Proctor socket closed for session 5420b182-df31-4645-8a68-e7d028e9b5f4
2026-09-27 01:30:38 | INFO     | exam.proctor                 | Proctor socket open for session f6f470db-647f-412c-9c71-14352f9e01f2
2026-09-27 01:30:38 | INFO     | exam.proctor                 | Proctor socket closed for session f6f470db-647f-412c-9c71-14352f9e01f2
2026-09-27 01:30:39 | INFO     | exam.proctor                 | Proctor socket open for session 8a05bd79-6459-4573-ac58-f88c5c7cd28c
2026-09-27 01:30:39 | WARNING  | exam.proctor                 | Session 8a05bd79-6459-4573-ac58-f88c5c7cd28c flagged: score=23.1 tab_switches=3 left_exam=3
2026-09-27 01:30:39 | WARNING  | exam.proctor                 | Session 8a05bd79-6459-4573-ac58-f88c5c7cd28c AUTO-SUBMITTED after 3 focus violation(s)
2026-09-27 01:30:39 | INFO     | exam.proctor                 | Proctor socket open for session 3bc5c513-15a2-4c3b-b86d-920a17a97995
2026-09-27 01:30:39 | INFO     | exam.proctor                 | Proctor socket closed for session 3bc5c513-15a2-4c3b-b86d-920a17a97995
2026-09-27 01:30:40 | INFO     | exam.proctor                 | Proctor socket open for session 23ecf15d-bfc7-438d-892b-267400ef92eb
2026-09-27 01:30:40 | INFO     | exam.proctor                 | Proctor socket closed for session 23ecf15d-bfc7-438d-892b-267400ef92eb
2026-09-27 01:30:41 | INFO     | exam.proctor                 | Proctor socket open for session 24221f16-9f1c-4580-98a2-b3f5b8beae1e
2026-09-27 01:30:41 | INFO     | exam.proctor                 | Proctor socket closed for session 24221f16-9f1c-4580-98a2-b3f5b8beae1e
2026-09-27 01:30:42 | INFO     | exam.proctor                 | Proctor socket open for session aadf73a9-c76d-4084-8c34-a10da518bf07
2026-09-27 01:30:42 | INFO     | exam.proctor                 | Proctor socket closed for session aadf73a9-c76d-4084-8c34-a10da518bf07
2026-09-27 01:37:26 | WARNING  | exam.proctor                 | Session f44f305f-4b49-4388-a91e-a8221f383f41 flagged: score=106.9 tab_switches=0 left_exam=0
2026-09-27 01:37:26 | WARNING  | exam.proctor                 | Session f44f305f-4b49-4388-a91e-a8221f383f41 TERMINATED at score 106.9
2026-09-27 01:38:09 | WARNING  | exam.proctor                 | Session 673730a2-acff-4453-8b60-e5e992ecf0d2 flagged: score=23.1 tab_switches=3 left_exam=3
2026-09-27 01:38:09 | WARNING  | exam.proctor                 | Session 673730a2-acff-4453-8b60-e5e992ecf0d2 AUTO-SUBMITTED after 3 focus violation(s)
2026-09-27 01:38:10 | WARNING  | exam.proctor                 | Session cee1ea9f-ec3b-49f2-b946-33b353bfd0a3 flagged: score=24.0 tab_switches=1 left_exam=3
2026-09-27 01:38:10 | WARNING  | exam.proctor                 | Session cee1ea9f-ec3b-49f2-b946-33b353bfd0a3 AUTO-SUBMITTED after 3 focus violation(s)
2026-09-27 01:38:11 | WARNING  | exam.proctor                 | Session 80d67589-8da2-4679-819d-b13b5abd92c2 flagged: score=23.1 tab_switches=3 left_exam=3
2026-09-27 01:38:11 | WARNING  | exam.proctor                 | Session 80d67589-8da2-4679-819d-b13b5abd92c2 AUTO-SUBMITTED after 3 focus violation(s)
2026-09-27 01:38:12 | WARNING  | exam.proctor                 | Session c5d563c6-5928-493a-9a27-9343618afa2f flagged: score=23.1 tab_switches=3 left_exam=3
2026-09-27 01:38:12 | WARNING  | exam.proctor                 | Session c5d563c6-5928-493a-9a27-9343618afa2f AUTO-SUBMITTED after 3 focus violation(s)
2026-09-27 01:38:13 | WARNING  | exam.proctor                 | Session b229f4fa-4d6d-47d6-81a1-86a7a4548f28 flagged: score=23.1 tab_switches=3 left_exam=3
2026-09-27 01:38:13 | WARNING  | exam.proctor                 | Session b229f4fa-4d6d-47d6-81a1-86a7a4548f28 AUTO-SUBMITTED after 3 focus violation(s)
2026-09-27 01:38:14 | WARNING  | exam.proctor                 | Session 2dad0799-5655-48a7-ba81-5fa8da0ffcfa flagged: score=23.1 tab_switches=3 left_exam=3
2026-09-27 01:38:14 | WARNING  | exam.proctor                 | Session 2dad0799-5655-48a7-ba81-5fa8da0ffcfa AUTO-SUBMITTED after 3 focus violation(s)
2026-09-27 01:38:15 | WARNING  | exam.proctor                 | Session 05d17535-6739-47d9-836c-7fd19f78555e flagged: score=23.1 tab_switches=3 left_exam=3
2026-09-27 01:38:15 | WARNING  | exam.proctor                 | Session 05d17535-6739-47d9-836c-7fd19f78555e AUTO-SUBMITTED after 3 focus violation(s)
2026-09-27 01:38:15 | WARNING  | exam.proctor                 | Session 7e641743-ca36-4ca9-a9cb-266d2e6cc27e flagged: score=23.1 tab_switches=3 left_exam=3
2026-09-27 01:38:15 | WARNING  | exam.proctor                 | Session 7e641743-ca36-4ca9-a9cb-266d2e6cc27e AUTO-SUBMITTED after 3 focus violation(s)
2026-09-27 01:38:16 | INFO     | exam.proctor                 | examiner-16eb9d44@test.edu ruled session 7e641743-ca36-4ca9-a9cb-266d2e6cc27e as cleared
2026-09-27 01:38:18 | WARNING  | exam.proctor                 | Session 4ba0a5dd-11de-44bd-b7fc-d695481b7e54 flagged: score=27.3 tab_switches=4 left_exam=4
2026-09-27 01:38:19 | WARNING  | exam.proctor                 | Session e7736389-f914-4b3f-9703-8c4e9cfcaebc flagged: score=10.0 tab_switches=1 left_exam=1
2026-09-27 01:38:19 | WARNING  | exam.proctor                 | Session e7736389-f914-4b3f-9703-8c4e9cfcaebc AUTO-SUBMITTED after 1 focus violation(s)
2026-09-27 01:38:26 | INFO     | exam.proctor                 | examiner-0a606444@test.edu ruled session 4ac92090-2d1c-4621-aa58-055c7ec6da6f as cleared
2026-09-27 01:38:27 | INFO     | exam.proctor                 | examiner-46c5a66f@test.edu ruled session f0fc0f80-0288-4054-9a0c-283a1c05f2ca as malpractice
2026-09-27 01:38:29 | INFO     | exam.proctor                 | examiner-ee0598a5@test.edu ruled session 0fa73bdd-6e7a-4757-9870-bd7b53ec4b84 as cleared
2026-09-27 01:38:31 | INFO     | exam.proctor                 | examiner-1ce12fc4@test.edu ruled session ee9772ea-f442-45e9-995d-e678a0942068 as malpractice
2026-09-27 01:38:34 | INFO     | exam.proctor                 | examiner-aba26f2c@test.edu ruled session b40e27d6-f892-4e54-8d2a-96e950357cea as malpractice
2026-09-27 01:38:36 | INFO     | exam.proctor                 | examiner-a16a80f5@test.edu ruled session 719f30b4-661e-4375-a987-e8c2956a182f as malpractice
2026-09-27 01:38:37 | INFO     | exam.proctor                 | examiner-8b381053@test.edu ruled session e25a2236-6c1e-4dab-9eab-dee1b98bf8f5 as cleared
2026-09-27 01:39:23 | INFO     | exam.proctor                 | Proctor socket open for session f89636df-3bde-4d3d-80f2-e7357869a5f9
2026-09-27 01:39:23 | INFO     | exam.proctor                 | Proctor socket closed for session f89636df-3bde-4d3d-80f2-e7357869a5f9
2026-09-27 01:39:27 | INFO     | exam.proctor                 | Proctor socket open for session 06e9cd64-ddb0-4aa4-8ba6-1d5aea96a9da
2026-09-27 01:39:27 | INFO     | exam.proctor                 | Proctor socket closed for session 06e9cd64-ddb0-4aa4-8ba6-1d5aea96a9da
2026-09-27 01:39:28 | INFO     | exam.proctor                 | Proctor socket open for session 47b51cc4-4055-4e40-94f6-96892981228c
2026-09-27 01:39:28 | INFO     | exam.proctor                 | Proctor socket closed for session 47b51cc4-4055-4e40-94f6-96892981228c
2026-09-27 01:39:28 | INFO     | exam.proctor                 | Proctor socket open for session e1eb2542-a80f-47dc-95ca-5b884e772328
2026-09-27 01:39:28 | WARNING  | exam.proctor                 | Session e1eb2542-a80f-47dc-95ca-5b884e772328 flagged: score=23.1 tab_switches=3 left_exam=3
2026-09-27 01:39:29 | WARNING  | exam.proctor                 | Session e1eb2542-a80f-47dc-95ca-5b884e772328 AUTO-SUBMITTED after 3 focus violation(s)
2026-09-27 01:39:29 | INFO     | exam.proctor                 | Proctor socket open for session f2f658e6-56e9-4718-9669-177eeda0386d
2026-09-27 01:39:29 | INFO     | exam.proctor                 | Proctor socket closed for session f2f658e6-56e9-4718-9669-177eeda0386d
2026-09-27 01:39:30 | INFO     | exam.proctor                 | Proctor socket open for session 04a8bbcb-9256-4ff3-8b9e-1be91c339d31
2026-09-27 01:39:30 | INFO     | exam.proctor                 | Proctor socket closed for session 04a8bbcb-9256-4ff3-8b9e-1be91c339d31
2026-09-27 01:39:31 | INFO     | exam.proctor                 | Proctor socket open for session fd528a58-04e8-46b1-89b8-1224beddc59f
2026-09-27 01:39:31 | INFO     | exam.proctor                 | Proctor socket closed for session fd528a58-04e8-46b1-89b8-1224beddc59f
2026-09-27 01:39:31 | INFO     | exam.proctor                 | Proctor socket open for session 88592b2c-7619-4904-809f-17ed2c2a3d57
2026-09-27 01:39:31 | INFO     | exam.proctor                 | Proctor socket closed for session 88592b2c-7619-4904-809f-17ed2c2a3d57
2026-09-27 01:41:17 | WARNING  | exam.proctor                 | Session 5a958fe3-c9e6-4efd-973c-c9dd70f9ca9c flagged: score=106.9 tab_switches=0 left_exam=0
2026-09-27 01:41:17 | WARNING  | exam.proctor                 | Session 5a958fe3-c9e6-4efd-973c-c9dd70f9ca9c TERMINATED at score 106.9
2026-09-27 01:42:00 | WARNING  | exam.proctor                 | Session eb77098f-2523-42cd-becf-ff748ba4081a flagged: score=23.1 tab_switches=3 left_exam=3
2026-09-27 01:42:00 | WARNING  | exam.proctor                 | Session eb77098f-2523-42cd-becf-ff748ba4081a AUTO-SUBMITTED after 3 focus violation(s)
2026-09-27 01:42:01 | WARNING  | exam.proctor                 | Session cd019cb7-6ca2-4261-982f-201376884e4f flagged: score=24.0 tab_switches=1 left_exam=3
2026-09-27 01:42:01 | WARNING  | exam.proctor                 | Session cd019cb7-6ca2-4261-982f-201376884e4f AUTO-SUBMITTED after 3 focus violation(s)
2026-09-27 01:42:02 | WARNING  | exam.proctor                 | Session 5f2810d0-930e-4e88-9b6d-6d388641f32b flagged: score=23.1 tab_switches=3 left_exam=3
2026-09-27 01:42:02 | WARNING  | exam.proctor                 | Session 5f2810d0-930e-4e88-9b6d-6d388641f32b AUTO-SUBMITTED after 3 focus violation(s)
2026-09-27 01:42:03 | WARNING  | exam.proctor                 | Session 765787f9-7536-4a63-8b66-968dca3e4663 flagged: score=23.1 tab_switches=3 left_exam=3
2026-09-27 01:42:03 | WARNING  | exam.proctor                 | Session 765787f9-7536-4a63-8b66-968dca3e4663 AUTO-SUBMITTED after 3 focus violation(s)
2026-09-27 01:42:04 | WARNING  | exam.proctor                 | Session e0891156-aedc-4145-a6f8-3fb3d73caf80 flagged: score=23.1 tab_switches=3 left_exam=3
2026-09-27 01:42:04 | WARNING  | exam.proctor                 | Session e0891156-aedc-4145-a6f8-3fb3d73caf80 AUTO-SUBMITTED after 3 focus violation(s)
2026-09-27 01:42:04 | WARNING  | exam.proctor                 | Session dfe4b35c-f970-4e2a-baa5-25a7d7b40ee4 flagged: score=23.1 tab_switches=3 left_exam=3
2026-09-27 01:42:04 | WARNING  | exam.proctor                 | Session dfe4b35c-f970-4e2a-baa5-25a7d7b40ee4 AUTO-SUBMITTED after 3 focus violation(s)
2026-09-27 01:42:05 | WARNING  | exam.proctor                 | Session d9e0d982-6892-4497-9148-85d81198b2a7 flagged: score=23.1 tab_switches=3 left_exam=3
2026-09-27 01:42:05 | WARNING  | exam.proctor                 | Session d9e0d982-6892-4497-9148-85d81198b2a7 AUTO-SUBMITTED after 3 focus violation(s)
2026-09-27 01:42:05 | WARNING  | exam.proctor                 | Session 7fdd7a73-0b9d-4ae8-81ea-5ad821bd9268 flagged: score=23.1 tab_switches=3 left_exam=3
2026-09-27 01:42:05 | WARNING  | exam.proctor                 | Session 7fdd7a73-0b9d-4ae8-81ea-5ad821bd9268 AUTO-SUBMITTED after 3 focus violation(s)
2026-09-27 01:42:06 | INFO     | exam.proctor                 | examiner-5a7671da@test.edu ruled session 7fdd7a73-0b9d-4ae8-81ea-5ad821bd9268 as cleared
2026-09-27 01:42:08 | WARNING  | exam.proctor                 | Session 78ed74a5-f982-4adc-9eaf-ee7095be1937 flagged: score=27.3 tab_switches=4 left_exam=4
2026-09-27 01:42:09 | WARNING  | exam.proctor                 | Session bb9c29dd-7ce4-4bbe-8656-5bfa2afa8c66 flagged: score=10.0 tab_switches=1 left_exam=1
2026-09-27 01:42:09 | WARNING  | exam.proctor                 | Session bb9c29dd-7ce4-4bbe-8656-5bfa2afa8c66 AUTO-SUBMITTED after 1 focus violation(s)
2026-09-27 01:42:16 | INFO     | exam.proctor                 | examiner-34102fb9@test.edu ruled session c0e54052-3c92-4f35-9a72-a825ebb8db6d as cleared
2026-09-27 01:42:17 | INFO     | exam.proctor                 | examiner-327d75e4@test.edu ruled session ce535e93-c014-443a-bb02-c632c4a7a819 as malpractice
2026-09-27 01:42:20 | INFO     | exam.proctor                 | examiner-d1699130@test.edu ruled session 2908998d-ee31-4b19-b924-168c079eb7dc as cleared
2026-09-27 01:42:22 | INFO     | exam.proctor                 | examiner-d8718aff@test.edu ruled session 7833548b-95d1-4951-bae1-4636c8298aab as malpractice
2026-09-27 01:42:25 | INFO     | exam.proctor                 | examiner-251076fc@test.edu ruled session 4528c120-b195-45cc-99de-ae94a0a3b67f as malpractice
2026-09-27 01:42:26 | INFO     | exam.proctor                 | examiner-968bf7c2@test.edu ruled session 46d09d7e-c009-4fcd-90c9-26c83ff20421 as malpractice
2026-09-27 01:42:27 | INFO     | exam.proctor                 | examiner-a655f3b8@test.edu ruled session a709047c-49ad-4d21-8f31-0c1c7a98863a as cleared
2026-09-27 01:42:58 | INFO     | exam.proctor                 | Proctor socket open for session 2f8230bb-c585-4b42-91b5-478fad4b3b74
2026-09-27 01:42:58 | INFO     | exam.proctor                 | Proctor socket closed for session 2f8230bb-c585-4b42-91b5-478fad4b3b74
2026-09-27 01:43:01 | INFO     | exam.proctor                 | Proctor socket open for session 0b60f0fc-163c-4a2f-a03f-a4f13d4ab121
2026-09-27 01:43:01 | INFO     | exam.proctor                 | Proctor socket closed for session 0b60f0fc-163c-4a2f-a03f-a4f13d4ab121
2026-09-27 01:43:01 | INFO     | exam.proctor                 | Proctor socket open for session b85b0369-62e8-439e-8b3b-8ea8451a09b9
2026-09-27 01:43:01 | INFO     | exam.proctor                 | Proctor socket closed for session b85b0369-62e8-439e-8b3b-8ea8451a09b9
2026-09-27 01:43:02 | INFO     | exam.proctor                 | Proctor socket open for session cac2b424-4887-4d8d-9d0d-1fb7b2a3e0ab
2026-09-27 01:43:02 | WARNING  | exam.proctor                 | Session cac2b424-4887-4d8d-9d0d-1fb7b2a3e0ab flagged: score=23.1 tab_switches=3 left_exam=3
2026-09-27 01:43:02 | WARNING  | exam.proctor                 | Session cac2b424-4887-4d8d-9d0d-1fb7b2a3e0ab AUTO-SUBMITTED after 3 focus violation(s)
2026-09-27 01:43:02 | INFO     | exam.proctor                 | Proctor socket open for session 49f81ab2-ddce-437c-ba27-d7a4eb193671
2026-09-27 01:43:02 | INFO     | exam.proctor                 | Proctor socket closed for session 49f81ab2-ddce-437c-ba27-d7a4eb193671
2026-09-27 01:43:03 | INFO     | exam.proctor                 | Proctor socket open for session 910ebeb9-0843-4f12-aad8-07c380be3df1
2026-09-27 01:43:03 | INFO     | exam.proctor                 | Proctor socket closed for session 910ebeb9-0843-4f12-aad8-07c380be3df1
2026-09-27 01:43:03 | INFO     | exam.proctor                 | Proctor socket open for session 6a36e4f4-1844-4bdb-81b9-f9f8f4214e85
2026-09-27 01:43:03 | INFO     | exam.proctor                 | Proctor socket closed for session 6a36e4f4-1844-4bdb-81b9-f9f8f4214e85
2026-09-27 01:43:04 | INFO     | exam.proctor                 | Proctor socket open for session f8c20eb9-1f1d-400e-8b2f-25f6b895f1a4
2026-09-27 01:43:04 | INFO     | exam.proctor                 | Proctor socket closed for session f8c20eb9-1f1d-400e-8b2f-25f6b895f1a4
2026-09-27 02:07:31 | WARNING  | exam.proctor                 | Session 2bc18e10-9cb3-4f8c-aa11-07393ef3b681 flagged: score=106.9 tab_switches=0 left_exam=0
2026-09-27 02:07:31 | WARNING  | exam.proctor                 | Session 2bc18e10-9cb3-4f8c-aa11-07393ef3b681 TERMINATED at score 106.9
2026-09-27 02:07:55 | WARNING  | exam.proctor                 | Session d4671fdc-7281-4ece-81b4-403c08f5eb2c flagged: score=23.1 tab_switches=3 left_exam=3
2026-09-27 02:07:55 | WARNING  | exam.proctor                 | Session d4671fdc-7281-4ece-81b4-403c08f5eb2c AUTO-SUBMITTED after 3 focus violation(s)
2026-09-27 02:07:55 | WARNING  | exam.proctor                 | Session 66135dda-5bd0-4004-a5b3-23d0dd1d059a flagged: score=24.0 tab_switches=1 left_exam=3
2026-09-27 02:07:55 | WARNING  | exam.proctor                 | Session 66135dda-5bd0-4004-a5b3-23d0dd1d059a AUTO-SUBMITTED after 3 focus violation(s)
2026-09-27 02:07:56 | WARNING  | exam.proctor                 | Session 8997c99a-e6e1-4a2b-9f1b-2d6e7cd362d6 flagged: score=23.1 tab_switches=3 left_exam=3
2026-09-27 02:07:56 | WARNING  | exam.proctor                 | Session 8997c99a-e6e1-4a2b-9f1b-2d6e7cd362d6 AUTO-SUBMITTED after 3 focus violation(s)
2026-09-27 02:07:56 | WARNING  | exam.proctor                 | Session 5e5dd880-a939-45d4-b559-01d5699052ed flagged: score=23.1 tab_switches=3 left_exam=3
2026-09-27 02:07:56 | WARNING  | exam.proctor                 | Session 5e5dd880-a939-45d4-b559-01d5699052ed AUTO-SUBMITTED after 3 focus violation(s)
2026-09-27 02:07:57 | WARNING  | exam.proctor                 | Session 77d82107-b6d3-4ff5-bcff-724bdfb6436f flagged: score=23.1 tab_switches=3 left_exam=3
2026-09-27 02:07:57 | WARNING  | exam.proctor                 | Session 77d82107-b6d3-4ff5-bcff-724bdfb6436f AUTO-SUBMITTED after 3 focus violation(s)
2026-09-27 02:07:57 | WARNING  | exam.proctor                 | Session 54b48e2e-85dc-49b3-810a-4cb9d972b27b flagged: score=23.1 tab_switches=3 left_exam=3
2026-09-27 02:07:57 | WARNING  | exam.proctor                 | Session 54b48e2e-85dc-49b3-810a-4cb9d972b27b AUTO-SUBMITTED after 3 focus violation(s)
2026-09-27 02:07:58 | WARNING  | exam.proctor                 | Session d9de71c8-d8bf-4b5e-bab4-53a3c936cee6 flagged: score=23.1 tab_switches=3 left_exam=3
2026-09-27 02:07:58 | WARNING  | exam.proctor                 | Session d9de71c8-d8bf-4b5e-bab4-53a3c936cee6 AUTO-SUBMITTED after 3 focus violation(s)
2026-09-27 02:07:58 | WARNING  | exam.proctor                 | Session 5862e772-5996-4471-97b9-edf805c9d858 flagged: score=23.1 tab_switches=3 left_exam=3
2026-09-27 02:07:58 | WARNING  | exam.proctor                 | Session 5862e772-5996-4471-97b9-edf805c9d858 AUTO-SUBMITTED after 3 focus violation(s)
2026-09-27 02:07:58 | INFO     | exam.proctor                 | examiner-7bdbff1b@test.edu ruled session 5862e772-5996-4471-97b9-edf805c9d858 as cleared
2026-09-27 02:08:00 | WARNING  | exam.proctor                 | Session fef76a85-95a3-42ba-83f9-95980b521e9c flagged: score=27.3 tab_switches=4 left_exam=4
2026-09-27 02:08:00 | WARNING  | exam.proctor                 | Session 6a63c7c8-508f-4a4c-8970-dbd0026396d2 flagged: score=10.0 tab_switches=1 left_exam=1
2026-09-27 02:08:01 | WARNING  | exam.proctor                 | Session 6a63c7c8-508f-4a4c-8970-dbd0026396d2 AUTO-SUBMITTED after 1 focus violation(s)
2026-09-27 02:08:04 | INFO     | exam.proctor                 | examiner-a0c105cd@test.edu ruled session 41b7b0b2-db66-4f9e-a5f4-2c207127cc1b as cleared
2026-09-27 02:08:05 | INFO     | exam.proctor                 | examiner-a6ea9c10@test.edu ruled session 4db3e829-0bda-4cbe-b336-2be1eb5b2957 as malpractice
2026-09-27 02:08:06 | INFO     | exam.proctor                 | examiner-c3317d32@test.edu ruled session a336bb1c-616f-44ea-b1e1-caf94faf416e as cleared
2026-09-27 02:08:07 | INFO     | exam.proctor                 | examiner-dfda3ab4@test.edu ruled session a3ed26b5-60e2-47ae-9356-637239ec3068 as malpractice
2026-09-27 02:08:09 | INFO     | exam.proctor                 | examiner-ab9ad37f@test.edu ruled session f06ee097-0307-48b4-aa58-324a054aafd7 as malpractice
2026-09-27 02:08:10 | INFO     | exam.proctor                 | examiner-0c400b03@test.edu ruled session c65161c2-0d27-468f-a396-08329905cd78 as malpractice
2026-09-27 02:08:11 | INFO     | exam.proctor                 | examiner-48f8f958@test.edu ruled session ea1d76d4-1e88-4c91-8532-47b2f92dfb3c as cleared
2026-09-27 02:08:37 | INFO     | exam.proctor                 | Proctor socket open for session 05465e07-0d37-4637-a0f8-480b7105c9bc
2026-09-27 02:08:37 | INFO     | exam.proctor                 | Proctor socket closed for session 05465e07-0d37-4637-a0f8-480b7105c9bc
2026-09-27 02:08:39 | INFO     | exam.proctor                 | Proctor socket open for session 915289c3-4ffb-41c4-b3e2-c71b8af81bb5
2026-09-27 02:08:39 | INFO     | exam.proctor                 | Proctor socket closed for session 915289c3-4ffb-41c4-b3e2-c71b8af81bb5
2026-09-27 02:08:39 | INFO     | exam.proctor                 | Proctor socket open for session c303dee7-d668-4953-acae-30b948f06ab8
2026-09-27 02:08:39 | INFO     | exam.proctor                 | Proctor socket closed for session c303dee7-d668-4953-acae-30b948f06ab8
2026-09-27 02:08:40 | INFO     | exam.proctor                 | Proctor socket open for session 9601fdfc-eb96-4810-9110-127c9f67ad8b
2026-09-27 02:08:40 | WARNING  | exam.proctor                 | Session 9601fdfc-eb96-4810-9110-127c9f67ad8b flagged: score=23.1 tab_switches=3 left_exam=3
2026-09-27 02:08:40 | WARNING  | exam.proctor                 | Session 9601fdfc-eb96-4810-9110-127c9f67ad8b AUTO-SUBMITTED after 3 focus violation(s)
2026-09-27 02:08:40 | INFO     | exam.proctor                 | Proctor socket open for session afb128bf-9e9d-4a3d-bb6f-09c3b2aedbe0
2026-09-27 02:08:40 | INFO     | exam.proctor                 | Proctor socket closed for session afb128bf-9e9d-4a3d-bb6f-09c3b2aedbe0
2026-09-27 02:08:41 | INFO     | exam.proctor                 | Proctor socket open for session 25fbfdd7-0914-4d29-8028-07d0f92bd7e9
2026-09-27 02:08:41 | INFO     | exam.proctor                 | Proctor socket closed for session 25fbfdd7-0914-4d29-8028-07d0f92bd7e9
2026-09-27 02:08:41 | INFO     | exam.proctor                 | Proctor socket open for session 660a3c92-c345-4c99-a49d-008eb4b42b19
2026-09-27 02:08:41 | INFO     | exam.proctor                 | Proctor socket closed for session 660a3c92-c345-4c99-a49d-008eb4b42b19
2026-09-27 02:08:42 | INFO     | exam.proctor                 | Proctor socket open for session 3897c592-4a78-4aff-90d5-51788451587b
2026-09-27 02:08:42 | INFO     | exam.proctor                 | Proctor socket closed for session 3897c592-4a78-4aff-90d5-51788451587b
2026-09-27 02:11:27 | WARNING  | exam.proctor                 | Session 2c9e2b11-7b3f-455c-adcf-546962c5b1ec flagged: score=106.9 tab_switches=0 left_exam=0
2026-09-27 02:11:27 | WARNING  | exam.proctor                 | Session 2c9e2b11-7b3f-455c-adcf-546962c5b1ec TERMINATED at score 106.9
2026-09-27 02:12:12 | WARNING  | exam.proctor                 | Session 88815fc8-9d12-41de-a3ef-3555f377ea90 flagged: score=23.1 tab_switches=3 left_exam=3
2026-09-27 02:12:12 | WARNING  | exam.proctor                 | Session 88815fc8-9d12-41de-a3ef-3555f377ea90 AUTO-SUBMITTED after 3 focus violation(s)
2026-09-27 02:12:13 | WARNING  | exam.proctor                 | Session ba3d8c4f-662d-4c3a-b73f-0a5486512415 flagged: score=24.0 tab_switches=1 left_exam=3
2026-09-27 02:12:13 | WARNING  | exam.proctor                 | Session ba3d8c4f-662d-4c3a-b73f-0a5486512415 AUTO-SUBMITTED after 3 focus violation(s)
2026-09-27 02:12:13 | WARNING  | exam.proctor                 | Session 285938c6-267b-4caa-a284-7b813f428645 flagged: score=23.1 tab_switches=3 left_exam=3
2026-09-27 02:12:14 | WARNING  | exam.proctor                 | Session 285938c6-267b-4caa-a284-7b813f428645 AUTO-SUBMITTED after 3 focus violation(s)
2026-09-27 02:12:14 | WARNING  | exam.proctor                 | Session 59a23e70-abef-41e8-aaf0-63737ac09526 flagged: score=23.1 tab_switches=3 left_exam=3
2026-09-27 02:12:15 | WARNING  | exam.proctor                 | Session 59a23e70-abef-41e8-aaf0-63737ac09526 AUTO-SUBMITTED after 3 focus violation(s)
2026-09-27 02:12:15 | WARNING  | exam.proctor                 | Session 0277ece9-6459-4776-920d-82821f536013 flagged: score=23.1 tab_switches=3 left_exam=3
2026-09-27 02:12:15 | WARNING  | exam.proctor                 | Session 0277ece9-6459-4776-920d-82821f536013 AUTO-SUBMITTED after 3 focus violation(s)
2026-09-27 02:12:16 | WARNING  | exam.proctor                 | Session bd46e503-3f24-472e-91cb-2c78f0447d9f flagged: score=23.1 tab_switches=3 left_exam=3
2026-09-27 02:12:16 | WARNING  | exam.proctor                 | Session bd46e503-3f24-472e-91cb-2c78f0447d9f AUTO-SUBMITTED after 3 focus violation(s)
2026-09-27 02:12:17 | WARNING  | exam.proctor                 | Session 013ca1fd-d66f-40dd-b9ab-e3b936cb0802 flagged: score=23.1 tab_switches=3 left_exam=3
2026-09-27 02:12:17 | WARNING  | exam.proctor                 | Session 013ca1fd-d66f-40dd-b9ab-e3b936cb0802 AUTO-SUBMITTED after 3 focus violation(s)
2026-09-27 02:12:18 | WARNING  | exam.proctor                 | Session 1eac60df-c4b3-4a28-a7c5-418076ae91c8 flagged: score=23.1 tab_switches=3 left_exam=3
2026-09-27 02:12:18 | WARNING  | exam.proctor                 | Session 1eac60df-c4b3-4a28-a7c5-418076ae91c8 AUTO-SUBMITTED after 3 focus violation(s)
2026-09-27 02:12:18 | INFO     | exam.proctor                 | examiner-6490ca7b@test.edu ruled session 1eac60df-c4b3-4a28-a7c5-418076ae91c8 as cleared
2026-09-27 02:12:21 | WARNING  | exam.proctor                 | Session 59e824f7-0445-439d-939b-e66516bc6475 flagged: score=27.3 tab_switches=4 left_exam=4
2026-09-27 02:12:22 | WARNING  | exam.proctor                 | Session 480c57b6-51dc-4f75-884a-c3118e075635 flagged: score=10.0 tab_switches=1 left_exam=1
2026-09-27 02:12:22 | WARNING  | exam.proctor                 | Session 480c57b6-51dc-4f75-884a-c3118e075635 AUTO-SUBMITTED after 1 focus violation(s)
2026-09-27 02:12:29 | INFO     | exam.proctor                 | examiner-d46f397d@test.edu ruled session f639a1fb-2075-4b66-b6f2-5b9ed9c6bb6c as cleared
2026-09-27 02:12:30 | INFO     | exam.proctor                 | examiner-4bfec1da@test.edu ruled session f5b08248-3d26-4a73-ac50-be3223091a08 as malpractice
2026-09-27 02:12:33 | INFO     | exam.proctor                 | examiner-d27c8b3d@test.edu ruled session d177acd9-84b5-4e5b-ad61-43cf172929a5 as cleared
2026-09-27 02:12:34 | INFO     | exam.proctor                 | examiner-70f2f3e0@test.edu ruled session 85b973c6-8eeb-420d-832a-7293c4d3d773 as malpractice
2026-09-27 02:12:37 | INFO     | exam.proctor                 | examiner-337a3220@test.edu ruled session e6e779c4-188f-4f18-b93b-7374e3a64b74 as malpractice
2026-09-27 02:12:39 | INFO     | exam.proctor                 | examiner-bd987a0e@test.edu ruled session 5adcf920-12ea-42bd-bd65-0c449ea6307d as malpractice
2026-09-27 02:12:40 | INFO     | exam.proctor                 | examiner-a7b79f11@test.edu ruled session e3ffd943-a62d-4424-9f95-fe5255f9944e as cleared
2026-09-27 02:13:30 | INFO     | exam.proctor                 | Proctor socket open for session f034bd57-e042-4a5f-bb56-89a67a1e9030
2026-09-27 02:13:30 | INFO     | exam.proctor                 | Proctor socket closed for session f034bd57-e042-4a5f-bb56-89a67a1e9030
2026-09-27 02:13:34 | INFO     | exam.proctor                 | Proctor socket open for session 4086f9a6-0a43-4e2a-a3ea-c649f7db7079
2026-09-27 02:13:34 | INFO     | exam.proctor                 | Proctor socket closed for session 4086f9a6-0a43-4e2a-a3ea-c649f7db7079
2026-09-27 02:13:35 | INFO     | exam.proctor                 | Proctor socket open for session 31b0507d-0656-4721-bf9a-0fa530a57b0c
2026-09-27 02:13:35 | INFO     | exam.proctor                 | Proctor socket closed for session 31b0507d-0656-4721-bf9a-0fa530a57b0c
2026-09-27 02:13:35 | INFO     | exam.proctor                 | Proctor socket open for session c35e9312-eeb4-4548-9a71-d4ef41ba973d
2026-09-27 02:13:35 | WARNING  | exam.proctor                 | Session c35e9312-eeb4-4548-9a71-d4ef41ba973d flagged: score=23.1 tab_switches=3 left_exam=3
2026-09-27 02:13:35 | WARNING  | exam.proctor                 | Session c35e9312-eeb4-4548-9a71-d4ef41ba973d AUTO-SUBMITTED after 3 focus violation(s)
2026-09-27 02:13:36 | INFO     | exam.proctor                 | Proctor socket open for session eefc4ffc-ddd6-4a55-bfc6-1403efca3258
2026-09-27 02:13:36 | INFO     | exam.proctor                 | Proctor socket closed for session eefc4ffc-ddd6-4a55-bfc6-1403efca3258
2026-09-27 02:13:37 | INFO     | exam.proctor                 | Proctor socket open for session 7d683ab9-41f0-4698-95df-11da6523cbc5
2026-09-27 02:13:37 | INFO     | exam.proctor                 | Proctor socket closed for session 7d683ab9-41f0-4698-95df-11da6523cbc5
2026-09-27 02:13:38 | INFO     | exam.proctor                 | Proctor socket open for session a7d3100f-f8f2-421b-ac67-903d6e723a6b
2026-09-27 02:13:38 | INFO     | exam.proctor                 | Proctor socket closed for session a7d3100f-f8f2-421b-ac67-903d6e723a6b
2026-09-27 02:13:38 | INFO     | exam.proctor                 | Proctor socket open for session 7a24298e-a80b-46e7-832a-8a9be5baa36f
2026-09-27 02:13:38 | INFO     | exam.proctor                 | Proctor socket closed for session 7a24298e-a80b-46e7-832a-8a9be5baa36f
2026-09-27 02:35:20 | WARNING  | exam.proctor                 | Session 89cd3674-d884-40d7-90dd-587098e703ec flagged: score=106.9 tab_switches=0 left_exam=0
2026-09-27 02:35:20 | WARNING  | exam.proctor                 | Session 89cd3674-d884-40d7-90dd-587098e703ec TERMINATED at score 106.9
2026-09-27 02:36:05 | WARNING  | exam.proctor                 | Session 383ebce5-7ee3-4ea1-ac67-01378c183263 flagged: score=23.1 tab_switches=3 left_exam=3
2026-09-27 02:36:05 | WARNING  | exam.proctor                 | Session 383ebce5-7ee3-4ea1-ac67-01378c183263 AUTO-SUBMITTED after 3 focus violation(s)
2026-09-27 02:36:06 | WARNING  | exam.proctor                 | Session de36b8ff-6cff-4abf-870e-6f29b7f2febc flagged: score=24.0 tab_switches=1 left_exam=3
2026-09-27 02:36:06 | WARNING  | exam.proctor                 | Session de36b8ff-6cff-4abf-870e-6f29b7f2febc AUTO-SUBMITTED after 3 focus violation(s)
2026-09-27 02:36:06 | WARNING  | exam.proctor                 | Session c3d0b046-4a8f-4e34-810a-57ca90681cf3 flagged: score=23.1 tab_switches=3 left_exam=3
2026-09-27 02:36:06 | WARNING  | exam.proctor                 | Session c3d0b046-4a8f-4e34-810a-57ca90681cf3 AUTO-SUBMITTED after 3 focus violation(s)
2026-09-27 02:36:07 | WARNING  | exam.proctor                 | Session fe2e9861-4e64-4b9e-806c-470f367eac7a flagged: score=23.1 tab_switches=3 left_exam=3
2026-09-27 02:36:07 | WARNING  | exam.proctor                 | Session fe2e9861-4e64-4b9e-806c-470f367eac7a AUTO-SUBMITTED after 3 focus violation(s)
2026-09-27 02:36:08 | WARNING  | exam.proctor                 | Session ac2f48e4-cdb6-4c95-8bf7-f528069825ce flagged: score=23.1 tab_switches=3 left_exam=3
2026-09-27 02:36:08 | WARNING  | exam.proctor                 | Session ac2f48e4-cdb6-4c95-8bf7-f528069825ce AUTO-SUBMITTED after 3 focus violation(s)
2026-09-27 02:36:09 | WARNING  | exam.proctor                 | Session 49d61041-15f6-43a5-8b53-68c6bd938af5 flagged: score=23.1 tab_switches=3 left_exam=3
2026-09-27 02:36:09 | WARNING  | exam.proctor                 | Session 49d61041-15f6-43a5-8b53-68c6bd938af5 AUTO-SUBMITTED after 3 focus violation(s)
2026-09-27 02:36:09 | WARNING  | exam.proctor                 | Session e664bbb8-04cf-4b95-be0c-f24c9ced569a flagged: score=23.1 tab_switches=3 left_exam=3
2026-09-27 02:36:09 | WARNING  | exam.proctor                 | Session e664bbb8-04cf-4b95-be0c-f24c9ced569a AUTO-SUBMITTED after 3 focus violation(s)
2026-09-27 02:36:10 | WARNING  | exam.proctor                 | Session 84341444-6eaa-48fa-8d58-285a396df1f9 flagged: score=23.1 tab_switches=3 left_exam=3
2026-09-27 02:36:10 | WARNING  | exam.proctor                 | Session 84341444-6eaa-48fa-8d58-285a396df1f9 AUTO-SUBMITTED after 3 focus violation(s)
2026-09-27 02:36:10 | INFO     | exam.proctor                 | examiner-3bbf92fb@test.edu ruled session 84341444-6eaa-48fa-8d58-285a396df1f9 as cleared
2026-09-27 02:36:13 | WARNING  | exam.proctor                 | Session 66272086-d1c2-4089-9d64-efff89396369 flagged: score=27.3 tab_switches=4 left_exam=4
2026-09-27 02:36:13 | WARNING  | exam.proctor                 | Session dab37d9b-af98-400b-b599-a7567a83debb flagged: score=10.0 tab_switches=1 left_exam=1
2026-09-27 02:36:13 | WARNING  | exam.proctor                 | Session dab37d9b-af98-400b-b599-a7567a83debb AUTO-SUBMITTED after 1 focus violation(s)
2026-09-27 02:36:18 | INFO     | exam.proctor                 | examiner-9bf7d51c@test.edu ruled session eec88655-2f0f-4b6a-8de1-91ec41b38990 as cleared
2026-09-27 02:36:19 | INFO     | exam.proctor                 | examiner-04c39592@test.edu ruled session 756df500-5658-4f2f-aed7-1cbee04c6a95 as malpractice
2026-09-27 02:36:21 | INFO     | exam.proctor                 | examiner-c92fbff8@test.edu ruled session d2f54bf1-f76a-4538-8647-2386740b0561 as cleared
2026-09-27 02:36:23 | INFO     | exam.proctor                 | examiner-ad29ba89@test.edu ruled session 61ca6b74-8731-4982-8289-7b1422513000 as malpractice
2026-09-27 02:36:25 | INFO     | exam.proctor                 | examiner-66dbcfdc@test.edu ruled session 858607c9-1bc6-4190-9880-e371a5ed85f9 as malpractice
2026-09-27 02:36:26 | INFO     | exam.proctor                 | examiner-07feef8e@test.edu ruled session 6dc4a9ad-9365-4c8c-a526-2a9c108e48f3 as malpractice
2026-09-27 02:36:26 | INFO     | exam.proctor                 | examiner-649c78ed@test.edu ruled session ea5e1987-f2d3-4feb-be53-388766fa8f6d as cleared
2026-09-27 02:37:00 | INFO     | exam.proctor                 | Proctor socket open for session e9d18000-d0c0-4182-8559-5383a369a074
2026-09-27 02:37:00 | INFO     | exam.proctor                 | Proctor socket closed for session e9d18000-d0c0-4182-8559-5383a369a074
2026-09-27 02:37:03 | INFO     | exam.proctor                 | Proctor socket open for session 166dae05-0f7b-4592-b90f-ebcb8411a2a9
2026-09-27 02:37:03 | INFO     | exam.proctor                 | Proctor socket closed for session 166dae05-0f7b-4592-b90f-ebcb8411a2a9
2026-09-27 02:37:03 | INFO     | exam.proctor                 | Proctor socket open for session 43649f34-0d90-4f68-9f58-76c0ccc41130
2026-09-27 02:37:03 | INFO     | exam.proctor                 | Proctor socket closed for session 43649f34-0d90-4f68-9f58-76c0ccc41130
2026-09-27 02:37:04 | INFO     | exam.proctor                 | Proctor socket open for session 057868f1-675f-4b5b-bf7a-381b10b5796c
2026-09-27 02:37:04 | WARNING  | exam.proctor                 | Session 057868f1-675f-4b5b-bf7a-381b10b5796c flagged: score=23.1 tab_switches=3 left_exam=3
2026-09-27 02:37:04 | WARNING  | exam.proctor                 | Session 057868f1-675f-4b5b-bf7a-381b10b5796c AUTO-SUBMITTED after 3 focus violation(s)
2026-09-27 02:37:05 | INFO     | exam.proctor                 | Proctor socket open for session b6d1693a-f510-4592-bfd4-13334edc81db
2026-09-27 02:37:05 | INFO     | exam.proctor                 | Proctor socket closed for session b6d1693a-f510-4592-bfd4-13334edc81db
2026-09-27 02:37:05 | INFO     | exam.proctor                 | Proctor socket open for session 79e6ec66-0093-4510-8c5f-c1527a2bd610
2026-09-27 02:37:05 | INFO     | exam.proctor                 | Proctor socket closed for session 79e6ec66-0093-4510-8c5f-c1527a2bd610
2026-09-27 02:37:06 | INFO     | exam.proctor                 | Proctor socket open for session 5fa86f15-327a-4092-829e-839b2987abce
2026-09-27 02:37:06 | INFO     | exam.proctor                 | Proctor socket closed for session 5fa86f15-327a-4092-829e-839b2987abce
2026-09-27 02:37:06 | INFO     | exam.proctor                 | Proctor socket open for session df2e4cb1-4cec-4001-a573-bf3bc5b9514d
2026-09-27 02:37:06 | INFO     | exam.proctor                 | Proctor socket closed for session df2e4cb1-4cec-4001-a573-bf3bc5b9514d
2026-09-27 12:46:38 | WARNING  | exam.proctor                 | Session 14dc7f5b-a746-44d8-975b-7353ea29b220 flagged: score=106.9 tab_switches=0 left_exam=0
2026-09-27 12:46:38 | WARNING  | exam.proctor                 | Session 14dc7f5b-a746-44d8-975b-7353ea29b220 TERMINATED at score 106.9
2026-09-27 12:46:56 | WARNING  | exam.proctor                 | Session faa8ec4b-d084-4630-8053-581e4581fa5e flagged: score=23.1 tab_switches=3 left_exam=3
2026-09-27 12:46:56 | WARNING  | exam.proctor                 | Session faa8ec4b-d084-4630-8053-581e4581fa5e AUTO-SUBMITTED after 3 focus violation(s)
2026-09-27 12:46:56 | WARNING  | exam.proctor                 | Session 63102f84-001a-4282-98ac-afb146f8e25a flagged: score=24.0 tab_switches=1 left_exam=3
2026-09-27 12:46:56 | WARNING  | exam.proctor                 | Session 63102f84-001a-4282-98ac-afb146f8e25a AUTO-SUBMITTED after 3 focus violation(s)
2026-09-27 12:46:56 | WARNING  | exam.proctor                 | Session 7431fd94-0784-4193-bed8-53d82f5a852a flagged: score=23.1 tab_switches=3 left_exam=3
2026-09-27 12:46:56 | WARNING  | exam.proctor                 | Session 7431fd94-0784-4193-bed8-53d82f5a852a AUTO-SUBMITTED after 3 focus violation(s)
2026-09-27 12:46:57 | WARNING  | exam.proctor                 | Session ba0ab559-63c8-4388-931c-3144b11edb1f flagged: score=23.1 tab_switches=3 left_exam=3
2026-09-27 12:46:57 | WARNING  | exam.proctor                 | Session ba0ab559-63c8-4388-931c-3144b11edb1f AUTO-SUBMITTED after 3 focus violation(s)
2026-09-27 12:46:57 | WARNING  | exam.proctor                 | Session acbdf04d-1640-41d5-be28-7cead8833bec flagged: score=23.1 tab_switches=3 left_exam=3
2026-09-27 12:46:57 | WARNING  | exam.proctor                 | Session acbdf04d-1640-41d5-be28-7cead8833bec AUTO-SUBMITTED after 3 focus violation(s)
2026-09-27 12:46:58 | WARNING  | exam.proctor                 | Session 4074471e-777d-4c49-a5b2-ad8205fc0b61 flagged: score=23.1 tab_switches=3 left_exam=3
2026-09-27 12:46:58 | WARNING  | exam.proctor                 | Session 4074471e-777d-4c49-a5b2-ad8205fc0b61 AUTO-SUBMITTED after 3 focus violation(s)
2026-09-27 12:46:58 | WARNING  | exam.proctor                 | Session a7792978-78d7-4b14-b6e7-6443c517673d flagged: score=23.1 tab_switches=3 left_exam=3
2026-09-27 12:46:58 | WARNING  | exam.proctor                 | Session a7792978-78d7-4b14-b6e7-6443c517673d AUTO-SUBMITTED after 3 focus violation(s)
2026-09-27 12:46:58 | WARNING  | exam.proctor                 | Session 8cb8ec1e-e57e-4bf6-9a4a-9f9e107e9908 flagged: score=23.1 tab_switches=3 left_exam=3
2026-09-27 12:46:58 | WARNING  | exam.proctor                 | Session 8cb8ec1e-e57e-4bf6-9a4a-9f9e107e9908 AUTO-SUBMITTED after 3 focus violation(s)
2026-09-27 12:46:58 | INFO     | exam.proctor                 | examiner-16ed6808@test.edu ruled session 8cb8ec1e-e57e-4bf6-9a4a-9f9e107e9908 as cleared
2026-09-27 12:47:00 | WARNING  | exam.proctor                 | Session b8281043-8de9-40b1-802a-864c71e865e6 flagged: score=27.3 tab_switches=4 left_exam=4
2026-09-27 12:47:00 | WARNING  | exam.proctor                 | Session fe5e1bbb-be00-4bdb-9517-91bc25b1e191 flagged: score=10.0 tab_switches=1 left_exam=1
2026-09-27 12:47:00 | WARNING  | exam.proctor                 | Session fe5e1bbb-be00-4bdb-9517-91bc25b1e191 AUTO-SUBMITTED after 1 focus violation(s)
2026-09-27 12:47:03 | INFO     | exam.proctor                 | examiner-6db33029@test.edu ruled session 051dc9d9-d4df-435b-8dc9-56f0eefffabe as cleared
2026-09-27 12:47:03 | INFO     | exam.proctor                 | examiner-a49fd536@test.edu ruled session a073fc8b-4e0d-4ef2-b0f1-d0bd62c17abf as malpractice
2026-09-27 12:47:05 | INFO     | exam.proctor                 | examiner-2412b823@test.edu ruled session 4e07fc84-6a28-4280-a1fa-93e61fd87a66 as cleared
2026-09-27 12:47:05 | INFO     | exam.proctor                 | examiner-816e6f94@test.edu ruled session 8035320b-6e48-4240-b70c-9cf5013206ad as malpractice
2026-09-27 12:47:07 | INFO     | exam.proctor                 | examiner-4f92fb87@test.edu ruled session 4b6c9670-cdc3-4a93-ac25-6ac859485e39 as malpractice
2026-09-27 12:47:07 | INFO     | exam.proctor                 | examiner-b948243f@test.edu ruled session fb9c538b-4cfe-412d-8e99-bf506afb54c5 as malpractice
2026-09-27 12:47:08 | INFO     | exam.proctor                 | examiner-5230d841@test.edu ruled session d0a2ac33-82f6-49ad-aaad-138c3811f071 as cleared
2026-09-27 12:56:14 | INFO     | exam.proctor                 | Proctor socket open for session 32a20b49-4a41-4164-b573-738fca3652ed
2026-09-27 12:56:14 | INFO     | exam.proctor                 | Proctor socket closed for session 32a20b49-4a41-4164-b573-738fca3652ed
2026-09-27 12:56:15 | INFO     | exam.proctor                 | Proctor socket open for session a73ead8b-397f-4ae3-94bb-9d8c1aa89eba
2026-09-27 12:56:15 | INFO     | exam.proctor                 | Proctor socket closed for session a73ead8b-397f-4ae3-94bb-9d8c1aa89eba
2026-09-27 12:56:16 | INFO     | exam.proctor                 | Proctor socket open for session 535f969f-57af-4cdd-a68d-599447fdeeb6
2026-09-27 12:56:16 | INFO     | exam.proctor                 | Proctor socket closed for session 535f969f-57af-4cdd-a68d-599447fdeeb6
2026-09-27 12:56:16 | INFO     | exam.proctor                 | Proctor socket open for session 0ab73d63-e8d5-4995-b33b-e0f82262c155
2026-09-27 12:56:16 | WARNING  | exam.proctor                 | Session 0ab73d63-e8d5-4995-b33b-e0f82262c155 flagged: score=23.1 tab_switches=3 left_exam=3
2026-09-27 12:56:16 | WARNING  | exam.proctor                 | Session 0ab73d63-e8d5-4995-b33b-e0f82262c155 AUTO-SUBMITTED after 3 focus violation(s)
2026-09-27 12:56:16 | INFO     | exam.proctor                 | Proctor socket open for session c19f80fc-c03e-4f24-9c3b-05fe2822f3bc
2026-09-27 12:56:16 | INFO     | exam.proctor                 | Proctor socket closed for session c19f80fc-c03e-4f24-9c3b-05fe2822f3bc
2026-09-27 12:56:16 | INFO     | exam.proctor                 | Proctor socket open for session 08f5991a-8238-4a29-a2e6-50b3718628bb
2026-09-27 12:56:16 | INFO     | exam.proctor                 | Proctor socket closed for session 08f5991a-8238-4a29-a2e6-50b3718628bb
2026-09-27 12:56:17 | INFO     | exam.proctor                 | Proctor socket open for session 2c94fcdc-712b-41e2-b631-41fdc58d47a2
2026-09-27 12:56:17 | INFO     | exam.proctor                 | Proctor socket closed for session 2c94fcdc-712b-41e2-b631-41fdc58d47a2
2026-09-27 12:56:17 | INFO     | exam.proctor                 | Proctor socket open for session 8a2536a9-f85c-42a3-8e54-ab66dd97d0d6
2026-09-27 12:56:17 | INFO     | exam.proctor                 | Proctor socket closed for session 8a2536a9-f85c-42a3-8e54-ab66dd97d0d6
2026-09-27 19:19:55 | WARNING  | exam.proctor                 | Session da242f82-c98d-4a81-8239-d43f749464cc flagged: score=106.9 tab_switches=0 left_exam=0
2026-09-27 19:19:55 | WARNING  | exam.proctor                 | Session da242f82-c98d-4a81-8239-d43f749464cc TERMINATED at score 106.9
2026-09-27 19:20:02 | INFO     | exam.proctor                 | examiner-a1525078@test.edu ruled session 586cdd12-1b6c-4cf7-b926-ba3cb05888df as cleared
2026-09-27 19:20:02 | INFO     | exam.proctor                 | examiner-eee04806@test.edu ruled session 66fdb41c-345f-4023-9055-b9495228d13f as malpractice
2026-09-27 19:20:03 | INFO     | exam.proctor                 | examiner-7b6cb943@test.edu ruled session f9826abb-3210-4299-a4e2-281cc81d71a6 as cleared
2026-09-27 19:20:04 | INFO     | exam.proctor                 | examiner-14fd285a@test.edu ruled session 68eb2997-7c7f-4f6c-b2cd-0fa89dfa8be5 as malpractice
2026-09-27 19:20:05 | INFO     | exam.proctor                 | examiner-19b170d9@test.edu ruled session 57907a2a-dea3-4fad-b5bd-45feeb6dd6d5 as malpractice
2026-09-27 19:20:06 | INFO     | exam.proctor                 | examiner-357db23d@test.edu ruled session 1b7c758e-288f-4de9-8107-fdc0e8c5cdfb as malpractice
2026-09-27 19:20:06 | INFO     | exam.proctor                 | examiner-d4f8121d@test.edu ruled session a6422a96-8ee0-4dad-a7e6-af1a6de92096 as cleared
2026-09-27 19:25:06 | WARNING  | exam.proctor                 | Session 43ca8a14-386d-49f4-aab4-a70a67582e8c flagged: score=106.9 tab_switches=0 left_exam=0
2026-09-27 19:25:06 | WARNING  | exam.proctor                 | Session 43ca8a14-386d-49f4-aab4-a70a67582e8c TERMINATED at score 106.9
2026-09-28 19:01:21 | INFO     | exam.proctor                 | Proctor socket open for session 197b85a4-3dbc-4c8a-a4b3-d531babba365
2026-09-28 19:02:06 | INFO     | exam.proctor                 | Proctor socket closed for session 197b85a4-3dbc-4c8a-a4b3-d531babba365
2026-09-28 19:03:19 | INFO     | exam.proctor                 | Proctor socket open for session 01e83d67-ddb6-4e66-90ca-fdaf8826c532
2026-09-28 19:04:13 | INFO     | exam.proctor                 | Proctor socket closed for session 01e83d67-ddb6-4e66-90ca-fdaf8826c532
